Entity;Code;Year;schizophrenia;depressive_disorder;anxiety_disorders;bipolar_disorders;eating_disorders;co2_emissions;gdp;unemployment_rate;life_expectancy
Afghanistan;AFG;1990;0.22320578;4.996118;4.713314;0.70302314;0.12770003;2.8965;;;45.967
Afghanistan;AFG;1991;0.22245377;4.9892898;4.7021;0.7020688;0.123255946;2.7663;;7.946;46.663
Afghanistan;AFG;1992;0.22175121;4.9813457;4.683743;0.700792;0.11884415;1.6826;;7.94;47.596
Afghanistan;AFG;1993;0.22098725;4.9769583;4.6735487;0.70008695;0.11508888;1.6083;;7.961;51.466
Afghanistan;AFG;1994;0.22018303;4.977782;4.67081;0.6998978;0.11181468;1.5358;;7.98;51.495
Afghanistan;AFG;1995;0.2194088;4.978228;4.6681;0.6997684;0.10850699;1.3595;;7.967;52.544
Afghanistan;AFG;1996;0.21846454;4.981489;4.6657586;0.6996502;0.10526882;1.3317;;7.941;53.243
Afghanistan;AFG;1997;0.21728611;4.9875927;4.665013;0.69959736;0.10153082;1.3154;;7.92;53.634
Afghanistan;AFG;1998;0.21607415;4.9968576;4.6682405;0.69976467;0.09805014;1.3258;;7.941;52.943
Afghanistan;AFG;1999;0.21506761;5.004257;4.6735573;0.700054;0.095722646;1.2832;;7.953;54.846
Afghanistan;AFG;2000;0.21451464;5.0084476;4.6768804;0.70025194;0.09487554;1.0712;3521418060.0;7.955;55.298
Afghanistan;AFG;2001;0.21431455;5.0038724;4.675786;0.70012945;0.09454673;0.9883;2813571754.0;7.958;55.798
Afghanistan;AFG;2002;0.21418841;4.994327;4.6720624;0.69977945;0.09481004;0.9729;3825701439.0;7.939;56.454
Afghanistan;AFG;2003;0.21409267;4.9817224;4.6718807;0.69960576;0.09498258;1.0588;4520946819.0;7.922;57.344
Afghanistan;AFG;2004;0.21406065;4.9731607;4.6727514;0.6995014;0.09553074;0.9392;5224896719.0;7.914;57.944
Afghanistan;AFG;2005;0.21409707;4.9658794;4.6736326;0.6994395;0.095989875;1.3338;6203256539.0;7.914;58.361
Afghanistan;AFG;2006;0.214259;4.96284;4.6780405;0.69953;0.09687539;1.4774;6971758282.0;7.918;58.684
Afghanistan;AFG;2007;0.21459809;4.9597197;4.682732;0.6995203;0.09869648;2.0636;9747886187.0;7.908;59.111
Afghanistan;AFG;2008;0.21502665;4.9531674;4.688263;0.69948006;0.100904115;4.0296;10109297048.0;7.92;59.852
Afghanistan;AFG;2009;0.21545461;4.9492145;4.695408;0.6994876;0.10303231;6.4864;12416152732.0;7.914;60.364
Afghanistan;AFG;2010;0.21580303;4.946899;4.701994;0.6994379;0.10496491;8.0863;15856668556.0;7.914;60.851
Afghanistan;AFG;2011;0.21621753;4.945379;4.715658;0.69939154;0.10716891;11.8006;17805098206.0;7.916;61.419
Afghanistan;AFG;2012;0.21681084;4.9445314;4.73926;0.69936365;0.109071545;10.1766;19907329778.0;7.909;61.923
Afghanistan;AFG;2013;0.21744443;4.9443674;4.7667584;0.6993666;0.11139344;8.6911;20146416758.0;7.919;62.417
Afghanistan;AFG;2014;0.21797295;4.944629;4.7931795;0.69947726;0.11349482;8.2797;20497128556.0;7.915;62.545
Afghanistan;AFG;2015;0.21826532;4.9447594;4.810425;0.69959515;0.115101844;8.7196;19134221645.0;9.011;62.659
Afghanistan;AFG;2016;0.21824437;4.9370723;4.8155184;0.69961786;0.1166165;7.9373;18116572395.0;10.1;63.136
Afghanistan;AFG;2017;0.2181385;4.930936;4.8165836;0.6996218;0.11712369;8.5469;18753456498.0;11.184;63.016
Afghanistan;AFG;2018;0.21801552;4.9361405;4.8279133;0.6996377;0.11767915;8.1289;18053222687.0;11.206;63.081
Afghanistan;AFG;2019;0.21777739;4.945168;4.8510346;0.6996446;0.117413975;7.4479;18799444490.0;11.224;63.565
Africa (IHME GBD);;1990;0.21952741;4.6028056;3.696839;0.6070271;0.11102739;;;;
Africa (IHME GBD);;1991;0.21955903;4.5980406;3.6954157;0.60709006;0.11042479;;;;
Africa (IHME GBD);;1992;0.21957901;4.593013;3.6938193;0.6071273;0.10984464;;;;
Africa (IHME GBD);;1993;0.219583;4.588568;3.6920974;0.60713357;0.109304704;;;;
Africa (IHME GBD);;1994;0.21955588;4.586263;3.6901152;0.6070816;0.1088128;;;;
Africa (IHME GBD);;1995;0.21951258;4.585838;3.6879437;0.60698706;0.10841267;;;;
Africa (IHME GBD);;1996;0.21942624;4.5931215;3.680501;0.6068984;0.10805303;;;;
Africa (IHME GBD);;1997;0.2192923;4.6091747;3.6656146;0.6068197;0.107739754;;;;
Africa (IHME GBD);;1998;0.21915123;4.627353;3.6483276;0.60674024;0.107471175;;;;
Africa (IHME GBD);;1999;0.21903954;4.6422777;3.6336966;0.60665876;0.10730835;;;;
Africa (IHME GBD);;2000;0.21899492;4.646626;3.6265733;0.606569;0.10727918;;;;
Africa (IHME GBD);;2001;0.21907906;4.6435275;3.6236641;0.6064616;0.10753511;;;;
Africa (IHME GBD);;2002;0.2192826;4.6381335;3.6189559;0.6063363;0.10801274;;;;
Africa (IHME GBD);;2003;0.21953411;4.6321535;3.6138086;0.6062086;0.10872014;;;;
Africa (IHME GBD);;2004;0.21976027;4.6259403;3.6094596;0.60608083;0.10949714;;;;
Africa (IHME GBD);;2005;0.21988335;4.619911;3.6068745;0.6059376;0.11021915;;;;
Africa (IHME GBD);;2006;0.21990532;4.6073174;3.6143;0.6057795;0.110955685;;;;
Africa (IHME GBD);;2007;0.2198952;4.584052;3.6339025;0.605599;0.111980945;;;;
Africa (IHME GBD);;2008;0.21987133;4.5554805;3.6578856;0.60538524;0.112988845;;;;
Africa (IHME GBD);;2009;0.21985307;4.527493;3.6783829;0.60512346;0.113934904;;;;
Africa (IHME GBD);;2010;0.21986416;4.5054674;3.687717;0.60482544;0.11491646;;;;
Africa (IHME GBD);;2011;0.21995312;4.48809;3.6897094;0.60452724;0.11584655;;;;
Africa (IHME GBD);;2012;0.2201184;4.471372;3.692434;0.60421467;0.11697809;;;;
Africa (IHME GBD);;2013;0.22031045;4.456697;3.6952968;0.6038788;0.11814265;;;;
Africa (IHME GBD);;2014;0.22048059;4.446682;3.6979795;0.60352606;0.119203106;;;;
Africa (IHME GBD);;2015;0.22057626;4.4437795;3.6999135;0.603163;0.120191425;;;;
Africa (IHME GBD);;2016;0.2206998;4.4485073;3.7031841;0.60279864;0.12130669;;;;
Africa (IHME GBD);;2017;0.2208232;4.453067;3.7050672;0.60241383;0.122222565;;;;
Africa (IHME GBD);;2018;0.22095965;4.4567995;3.7033446;0.6020074;0.12249018;;;;
Africa (IHME GBD);;2019;0.22120874;4.462034;3.699605;0.60159534;0.122566424;;;;
Albania;ALB;1990;0.2811975;2.3814309;3.659145;0.54124945;0.10373676;6.6474;2028553750.0;;73.144
Albania;ALB;1991;0.280868;2.3822474;3.663672;0.5413307;0.10187746;4.3815;1099559028.0;10.304;73.378
Albania;ALB;1992;0.28062224;2.3838189;3.6683939;0.5414273;0.10027108;2.3645;652174990.8;30.007;73.715
Albania;ALB;1993;0.2804561;2.387142;3.6732259;0.54153633;0.09921742;2.2241;1185315468.0;25.251;73.939
Albania;ALB;1994;0.2803648;2.3903685;3.6780229;0.5416542;0.098728485;2.3455;1880950864.0;20.835;74.131
Albania;ALB;1995;0.2803426;2.3942912;3.6827402;0.54178095;0.098616816;2.0714;2392764853.0;14.607;74.362
Albania;ALB;1996;0.28047624;2.4019294;3.6875575;0.541907;0.09891043;2.056;3199640815.0;13.928;74.592
Albania;ALB;1997;0.28081706;2.4101064;3.6883552;0.5418636;0.099392794;1.5812;2258513974.0;16.872;73.904
Albania;ALB;1998;0.2812289;2.4187148;3.6893678;0.5418271;0.099780716;1.9154;2545964541.0;20.042;74.99
Albania;ALB;1999;0.28154427;2.4340425;3.699189;0.54215395;0.10132116;3.0814;3212121651.0;20.835;75.183
Albania;ALB;2000;0.28172776;2.4477215;3.7076585;0.54245573;0.10265916;3.2293;3480355258.0;19.023;75.404
Albania;ALB;2001;0.28181994;2.4539328;3.7104988;0.5425348;0.10415317;3.44;3922100794.0;18.57;75.639
Albania;ALB;2002;0.2818834;2.4615242;3.7131746;0.54258114;0.10573936;4.0072;4348068242.0;17.891;75.89
Albania;ALB;2003;0.28195274;2.4676032;3.7156525;0.542598;0.10845551;4.212;5611496257.0;16.985;76.142
Albania;ALB;2004;0.28206202;2.472387;3.7179503;0.5425958;0.11036979;4.415;7184685782.0;16.306;76.376
Albania;ALB;2005;0.28224605;2.4724932;3.7197618;0.54257834;0.11257821;4.1494;8052077248.0;15.966;76.621
Albania;ALB;2006;0.28265354;2.4696515;3.723458;0.5425454;0.114303075;4.1358;8896075005.0;15.626;76.816
Albania;ALB;2007;0.2833063;2.462645;3.730676;0.54250324;0.116639026;4.2456;10677324853.0;15.966;77.549
Albania;ALB;2008;0.28405136;2.4544492;3.739848;0.54245985;0.11902477;4.1959;12881352894.0;13.06;77.653
Albania;ALB;2009;0.28473735;2.4469562;3.7492957;0.5424172;0.120946944;4.2759;12044205550.0;13.674;77.781
Albania;ALB;2010;0.28521284;2.4427185;3.75714;0.5423738;0.12297751;4.5585;11926926616.0;14.086;77.936
Albania;ALB;2011;0.2855792;2.4411948;3.7670379;0.54233027;0.12472777;4.9609;12890760315.0;13.481;78.092
Albania;ALB;2012;0.2859981;2.440708;3.7816541;0.5422916;0.12626739;4.5352;12319834195.0;13.376;78.064
Albania;ALB;2013;0.2864069;2.44142;3.7977457;0.5422711;0.12809084;4.7708;12776224497.0;15.866;78.123
Albania;ALB;2014;0.2867512;2.4422417;3.8113623;0.5422515;0.12968343;5.102;13228147516.0;18.055;78.407
Albania;ALB;2015;0.28698042;2.4422338;3.8181894;0.54220194;0.13121219;4.8686;11386853113.0;17.193;78.644
Albania;ALB;2016;0.28713554;2.441605;3.8151882;0.542146;0.1328488;4.529;11861199831.0;15.418;78.86
Albania;ALB;2017;0.28724706;2.4435818;3.8113596;0.54210234;0.13404264;5.3493;13019726212.0;13.616;79.047
Albania;ALB;2018;0.2873577;2.4494267;3.8191874;0.5420571;0.13548058;5.273;15156424015.0;12.304;79.184
Albania;ALB;2019;0.2875006;2.4602032;3.8375373;0.5420086;0.1366484;4.9564;15401826127.0;11.466;79.282
Algeria;DZA;1990;0.25021875;4.252146;4.626097;0.75632197;0.19450058;67.9216;62048507531.0;;67.416
Algeria;DZA;1991;0.2498342;4.2373433;4.626771;0.75631404;0.19235429;72.0113;45715676428.0;20.6;67.688
Algeria;DZA;1992;0.24949619;4.2209945;4.6277676;0.7563129;0.19014288;79.9126;48003133347.0;24.38;67.757
Algeria;DZA;1993;0.24921998;4.2092314;4.6289687;0.7563208;0.1882772;80.2019;49945584453.0;26.23;67.719
Algeria;DZA;1994;0.249024;4.199849;4.6299195;0.7563262;0.18700093;77.6397;42543176829.0;27.74;67.361
Algeria;DZA;1995;0.24891958;4.193033;4.6305046;0.75633126;0.18593915;80.1802;41764291672.0;31.84;67.454
Algeria;DZA;1996;0.24888623;4.186696;4.631263;0.75633025;0.18591996;79.0681;46941554225.0;28.315;68.749
Algeria;DZA;1997;0.24888982;4.1825204;4.6325192;0.75632685;0.18505013;77.5132;48177612042.0;25.43;69.171
Algeria;DZA;1998;0.24891728;4.1766734;4.63398;0.75632477;0.18417615;77.6821;48187781984.0;26.855;69.451
Algeria;DZA;1999;0.2489605;4.173513;4.6349745;0.75631416;0.18398395;80.9082;48640671735.0;28.545;70.032
Algeria;DZA;2000;0.24900313;4.1684895;4.635349;0.7563042;0.18414956;83.5843;54790398570.0;29.77;70.478
Algeria;DZA;2001;0.24907559;4.1616554;4.637178;0.7562973;0.18458422;81.9745;59413400924.0;27.3;70.823
Algeria;DZA;2002;0.2491941;4.1525335;4.6414723;0.7562964;0.18622926;86.4761;61516103406.0;25.9;71.23
Algeria;DZA;2003;0.24931832;4.143779;4.6467543;0.7563032;0.1885889;92.9116;73482264191.0;23.72;71.287
Algeria;DZA;2004;0.24941188;4.1328897;4.6513524;0.7563138;0.19063355;92.4801;91913680985.0;17.65;71.762
Algeria;DZA;2005;0.24943495;4.1215196;4.6538324;0.756327;0.19274992;98.1717;107000000000.0;15.27;72.061
Algeria;DZA;2006;0.24929838;4.109745;4.654957;0.7563402;0.19399929;103.1874;123000000000.0;12.27;72.334
Algeria;DZA;2007;0.24900906;4.091323;4.656343;0.75635225;0.19599892;105.7929;142000000000.0;13.79;72.602
Algeria;DZA;2008;0.24866968;4.07103;4.6580877;0.756362;0.19781175;110.6196;180000000000.0;11.33;72.941
Algeria;DZA;2009;0.24838494;4.0561075;4.6602135;0.75636744;0.19868976;114.0045;150000000000.0;10.16;73.62
Algeria;DZA;2010;0.24825676;4.0496836;4.66289;0.7563697;0.20054184;116.3638;178000000000.0;9.96;73.808
Algeria;DZA;2011;0.24835047;4.0510716;4.670081;0.75636977;0.20148145;122.7114;218000000000.0;9.96;74.123
Algeria;DZA;2012;0.24859887;4.057316;4.6832047;0.75636685;0.20281051;137.2699;227000000000.0;10.97;74.202
Algeria;DZA;2013;0.24890497;4.066416;4.698729;0.75636077;0.2036107;141.5458;230000000000.0;9.82;74.615
Algeria;DZA;2014;0.24917316;4.075349;4.7131987;0.7563515;0.20495312;151.9705;239000000000.0;10.207;75.11
Algeria;DZA;2015;0.24930607;4.076484;4.7231584;0.75634015;0.20633115;161.3282;187000000000.0;11.206;75.622
Algeria;DZA;2016;0.24908555;4.070487;4.730639;0.75632703;0.20858222;157.9285;181000000000.0;10.202;75.732
Algeria;DZA;2017;0.2488375;4.0646133;4.737448;0.7563117;0.21053092;161.3702;190000000000.0;12.0;75.743
Algeria;DZA;2018;0.24890043;4.085298;4.750126;0.7562944;0.21078427;170.4337;195000000000.0;12.15;76.066
Algeria;DZA;2019;0.24913543;4.1296806;4.771976;0.7562755;0.2106033;176.2355;193000000000.0;12.285;76.474
America (IHME GBD);;1990;0.34370333;3.4917195;4.9763203;0.8167748;0.28807178;;;;
America (IHME GBD);;1991;0.34460723;3.5304847;4.984095;0.817926;0.29249215;;;;
America (IHME GBD);;1992;0.3453168;3.5685787;4.994692;0.81910586;0.29633036;;;;
America (IHME GBD);;1993;0.34575188;3.6046438;5.0062118;0.82035685;0.2990752;;;;
America (IHME GBD);;1994;0.34589458;3.638216;5.0173464;0.8216083;0.30086482;;;;
America (IHME GBD);;1995;0.34568718;3.6673481;5.0263767;0.82282245;0.30112115;;;;
America (IHME GBD);;1996;0.34522426;3.6990607;5.1097474;0.8239876;0.3004731;;;;
America (IHME GBD);;1997;0.3446803;3.7355416;5.2999887;0.8250573;0.2997094;;;;
America (IHME GBD);;1998;0.34410137;3.771975;5.5307927;0.82609075;0.2987678;;;;
America (IHME GBD);;1999;0.34357014;3.8022585;5.7372756;0.82706773;0.29805905;;;;
America (IHME GBD);;2000;0.34313887;3.8188481;5.8548536;0.8279884;0.29752952;;;;
America (IHME GBD);;2001;0.34315038;3.8248062;5.895511;0.82939774;0.2975206;;;;
America (IHME GBD);;2002;0.3436787;3.8267107;5.9158506;0.8314822;0.2979387;;;;
America (IHME GBD);;2003;0.34437546;3.8258924;5.9196467;0.83376044;0.2984993;;;;
America (IHME GBD);;2004;0.34491664;3.824198;5.910077;0.83572656;0.29915094;;;;
America (IHME GBD);;2005;0.34497383;3.8221748;5.889337;0.8369312;0.29961577;;;;
America (IHME GBD);;2006;0.34472483;3.8076668;5.861147;0.83755165;0.30036706;;;;
America (IHME GBD);;2007;0.34449372;3.7744627;5.8287725;0.83814263;0.301486;;;;
America (IHME GBD);;2008;0.34422293;3.7336447;5.7947907;0.8387199;0.30296376;;;;
America (IHME GBD);;2009;0.34385777;3.6970072;5.761675;0.8392697;0.30431175;;;;
America (IHME GBD);;2010;0.3433226;3.6756163;5.7317543;0.8398615;0.3052843;;;;
America (IHME GBD);;2011;0.34238267;3.6645572;5.66588;0.8404364;0.30476552;;;;
America (IHME GBD);;2012;0.3409582;3.6511335;5.5481596;0.84103;0.3026586;;;;
America (IHME GBD);;2013;0.33928442;3.637235;5.4164677;0.8416437;0.29997933;;;;
America (IHME GBD);;2014;0.33760408;3.6245341;5.3086004;0.8422253;0.29782286;;;;
America (IHME GBD);;2015;0.33611825;3.614284;5.2625036;0.8428395;0.29722053;;;;
America (IHME GBD);;2016;0.3339556;3.6075754;5.2810454;0.84338146;0.29901645;;;;
America (IHME GBD);;2017;0.3321949;3.6044657;5.3052835;0.84391975;0.3008445;;;;
America (IHME GBD);;2018;0.3317166;3.6046815;5.3671217;0.84448844;0.30115077;;;;
America (IHME GBD);;2019;0.33155558;3.6074004;5.4921436;0.8450584;0.30095425;;;;
American Samoa;ASM;1990;0.3129984;2.6813207;3.9283175;0.27948725;0.14029196;0.0001;;;
American Samoa;ASM;1991;0.3130992;2.675562;3.9295635;0.27949125;0.13881133;0.0001;;;
American Samoa;ASM;1992;0.31304866;2.6696947;3.931343;0.2795042;0.13703269;0.0001;;;
American Samoa;ASM;1993;0.3128813;2.6654985;3.9334729;0.27951998;0.1356511;0.0001;;;
American Samoa;ASM;1994;0.3126309;2.6599338;3.9357693;0.2795352;0.1344225;0.0001;;;
American Samoa;ASM;1995;0.31233746;2.6570919;3.9379246;0.27954307;0.13363002;0.0001;;;
American Samoa;ASM;1996;0.31155598;2.6537166;3.9418743;0.27955446;0.13252653;0.0001;;;
American Samoa;ASM;1997;0.31015044;2.6502004;3.9479659;0.27957085;0.1313333;0.0001;;;
American Samoa;ASM;1998;0.3085708;2.6460266;3.95462;0.27958784;0.13034411;0.0001;;;
American Samoa;ASM;1999;0.3072679;2.643558;3.9602113;0.2796039;0.12977657;0.0001;;;
American Samoa;ASM;2000;0.30669808;2.6413953;3.9629235;0.27961898;0.12926562;0.0001;;;
American Samoa;ASM;2001;0.30699033;2.6395874;3.9607818;0.27962998;0.12920009;0.0001;;;
American Samoa;ASM;2002;0.30777913;2.6378481;3.9541993;0.27964115;0.12915;0.0001;512000000.0;;
American Samoa;ASM;2003;0.30873936;2.635076;3.9462526;0.27965197;0.12938389;0.0001;524000000.0;;
American Samoa;ASM;2004;0.30954844;2.6323688;3.9399772;0.27966255;0.12959799;0.0001;509000000.0;;
American Samoa;ASM;2005;0.30988878;2.6298728;3.938226;0.27968043;0.12978473;0.0001;500000000.0;;
American Samoa;ASM;2006;0.30966383;2.6282294;3.943822;0.2796889;0.12949358;0.0001;493000000.0;;
American Samoa;ASM;2007;0.30912593;2.6240947;3.954898;0.2796952;0.1290919;0.0001;518000000.0;;
American Samoa;ASM;2008;0.30845588;2.6196024;3.968437;0.2797003;0.12877303;0.0001;560000000.0;;
American Samoa;ASM;2009;0.30783176;2.616757;3.9815154;0.2797056;0.12827489;0.0001;675000000.0;;
American Samoa;ASM;2010;0.30743644;2.615286;3.9908667;0.2797203;0.12802924;0.0001;573000000.0;;
American Samoa;ASM;2011;0.30714372;2.6162615;3.9995327;0.27972385;0.12815306;0.0001;570000000.0;;
American Samoa;ASM;2012;0.3067608;2.6199093;4.0105796;0.27972564;0.12841044;0.0001;640000000.0;;
American Samoa;ASM;2013;0.3063625;2.6243672;4.021694;0.27972692;0.12831095;0.0001;638000000.0;;
American Samoa;ASM;2014;0.3060251;2.6290085;4.030562;0.2797282;0.12854578;0.0001;643000000.0;;
American Samoa;ASM;2015;0.30582568;2.6300688;4.0347395;0.27973512;0.12866314;0.0001;673000000.0;;
American Samoa;ASM;2016;0.30584455;2.6280975;4.0254774;0.2797356;0.12842557;0.0001;671000000.0;;
American Samoa;ASM;2017;0.30582425;2.6284614;4.0164146;0.27973476;0.12844689;0.0001;612000000.0;;
American Samoa;ASM;2018;0.30505502;2.6381004;4.024387;0.2797335;0.12822326;0.0001;639000000.0;;
American Samoa;ASM;2019;0.30339977;2.659042;4.044245;0.27973238;0.12815624;0.0001;647000000.0;;
Andorra;AND;1990;0.29023206;3.668154;5.32768;0.9261614;0.47371855;;1028989692.0;;
Andorra;AND;1991;0.28985038;3.6559927;5.333945;0.9257051;0.46902737;;1106891362.0;;
Andorra;AND;1992;0.28930002;3.64738;5.34781;0.92605585;0.46828973;;1209992020.0;;
Andorra;AND;1993;0.2888355;3.6373713;5.3523335;0.92562616;0.46670556;;1007090270.0;;
Andorra;AND;1994;0.2883545;3.632543;5.366859;0.92654884;0.46823892;;1017544069.0;;
Andorra;AND;1995;0.28799787;3.6310887;5.378946;0.92754626;0.47067797;;1178745283.0;;
Andorra;AND;1996;0.2877148;3.62898;5.388682;0.92819077;0.4732312;;1224024139.0;;
Andorra;AND;1997;0.2873372;3.6213713;5.387534;0.9283444;0.47484243;;1180645572.0;;
Andorra;AND;1998;0.28698432;3.6140285;5.393537;0.9286651;0.47759396;;1211953994.0;;
Andorra;AND;1999;0.28666797;3.6068432;5.397145;0.92892593;0.48011905;;1240295103.0;;
Andorra;AND;2000;0.28650168;3.601976;5.4025874;0.92951477;0.4839518;;1432606189.0;;
Andorra;AND;2001;0.28657487;3.600101;5.4112263;0.93045986;0.49034715;;1548265808.0;;
Andorra;AND;2002;0.28680837;3.5911722;5.4166856;0.9315484;0.49797443;;1764279824.0;;
Andorra;AND;2003;0.28718013;3.580245;5.418085;0.93223345;0.5055317;;2366941809.0;;
Andorra;AND;2004;0.28757557;3.567096;5.4150133;0.9324782;0.5103438;;2900245324.0;;
Andorra;AND;2005;0.28779;3.561095;5.414975;0.93285686;0.5130425;;3161084091.0;;
Andorra;AND;2006;0.28777832;3.5521357;5.405711;0.9325398;0.5138049;;3459337986.0;;
Andorra;AND;2007;0.2876476;3.5443544;5.395269;0.9325436;0.51466006;;3957625367.0;;
Andorra;AND;2008;0.28747034;3.5360482;5.3879724;0.9328454;0.51686925;;4102319399.0;;
Andorra;AND;2009;0.28725952;3.531958;5.385251;0.9333272;0.5182615;;3688976341.0;;
Andorra;AND;2010;0.28714484;3.5310767;5.3854113;0.9337075;0.51915604;;3449925739.0;;
Andorra;AND;2011;0.28702903;3.5470457;5.4123893;0.9359039;0.5203454;;3629133574.0;;
Andorra;AND;2012;0.28701997;3.5531306;5.4252;0.93590313;0.5166277;;3188652765.0;;
Andorra;AND;2013;0.28690478;3.5612671;5.44299;0.9361461;0.513501;;3193512950.0;;
Andorra;AND;2014;0.28686962;3.5669975;5.455121;0.9358926;0.51054364;;3271685597.0;;
Andorra;AND;2015;0.2868682;3.5686946;5.4587154;0.93554664;0.5076777;;2789881259.0;;
Andorra;AND;2016;0.28703368;3.5636458;5.4553576;0.9353136;0.51065004;;2896610480.0;;
Andorra;AND;2017;0.28720796;3.560528;5.453026;0.93498117;0.5153774;;3000162081.0;;
Andorra;AND;2018;0.28699273;3.574782;5.4531283;0.9348683;0.5177146;;3218419897.0;;
Andorra;AND;2019;0.28651825;3.6072073;5.45341;0.93481266;0.5208916;;3155149348.0;;
Angola;AGO;1990;0.21398021;5.9508696;3.9475453;0.5536558;0.10870406;11.2888;;;41.893
Angola;AGO;1991;0.21385099;5.954783;3.9506197;0.5536681;0.10719854;11.8414;;16.468;43.813
Angola;AGO;1992;0.21368892;5.9567785;3.9537125;0.5536808;0.10530124;12.1865;;16.621;42.209
Angola;AGO;1993;0.21351135;5.9571776;3.956925;0.55369514;0.10422836;12.2036;5880000000.0;17.074;42.101
Angola;AGO;1994;0.2133396;5.9571776;3.9600708;0.5537103;0.103474066;11.5578;4432026144.0;17.105;43.422
Angola;AGO;1995;0.2131975;5.957162;3.9628088;0.55372417;0.10327946;13.0292;5538657322.0;16.711;45.849
Angola;AGO;1996;0.21294026;5.9516263;3.9655485;0.5537374;0.10296465;15.7622;6535458385.0;16.013;46.033
Angola;AGO;1997;0.21250297;5.9420056;3.9685378;0.55375075;0.102799736;16.4896;7675423799.0;15.928;46.306
Angola;AGO;1998;0.21201985;5.926207;3.971707;0.5537657;0.1024636;17.127;6506387247.0;16.148;45.057
Angola;AGO;1999;0.21162672;5.916476;3.9747522;0.5537814;0.102249324;18.1231;6152923310.0;16.392;45.386
Angola;AGO;2000;0.21145953;5.90626;3.9771934;0.5537959;0.10227342;16.6035;9129594970.0;16.502;46.024
Angola;AGO;2001;0.21163055;5.896979;3.9794693;0.55380994;0.10260164;16.283;8936079118.0;16.539;46.59
Angola;AGO;2002;0.21207045;5.88018;3.9817166;0.5538232;0.103454016;16.025;15285592370.0;16.342;47.386
Angola;AGO;2003;0.21263494;5.8635;3.98365;0.5538352;0.10473168;17.4384;17812704586.0;16.37;49.617
Angola;AGO;2004;0.21317902;5.846628;3.9852571;0.553847;0.10596367;17.8038;23552057679.0;16.267;50.592
Angola;AGO;2005;0.21356112;5.831;3.9862888;0.55385756;0.10735444;15.9641;36970900884.0;16.268;51.57
Angola;AGO;2006;0.21395102;5.8163824;3.986235;0.5538673;0.10988826;16.7226;52381025141.0;16.121;52.369
Angola;AGO;2007;0.21454033;5.7983756;3.9850318;0.55387586;0.11290645;17.2356;65266415494.0;16.08;53.642
Angola;AGO;2008;0.21521844;5.7775226;3.9832327;0.55388284;0.116300575;19.489;88538665085.0;16.17;54.633
Angola;AGO;2009;0.21587281;5.7608;3.9814882;0.5538885;0.11965034;21.3109;70307196182.0;16.392;55.752
Angola;AGO;2010;0.21639037;5.7511063;3.98034;0.553892;0.12285361;22.9618;83799474070.0;16.598;56.726
Angola;AGO;2011;0.21688086;5.7490077;3.9788518;0.5538949;0.12578925;23.8546;112000000000.0;16.77;57.596
Angola;AGO;2012;0.21747367;5.746097;3.9761403;0.55389684;0.12867904;24.1782;128000000000.0;16.557;58.623
Angola;AGO;2013;0.2180834;5.744433;3.9730153;0.5538982;0.13132364;27.8128;132000000000.0;16.487;59.307
Angola;AGO;2014;0.21862446;5.745395;3.9702911;0.5538994;0.13357167;30.3852;136000000000.0;16.401;60.04
Angola;AGO;2015;0.21901187;5.747701;3.9686215;0.55389977;0.13496503;32.5964;90496420507.0;16.491;60.655
Angola;AGO;2016;0.21953787;5.7518706;3.9672763;0.55390006;0.1359111;30.5397;52761617226.0;16.58;61.092
Angola;AGO;2017;0.21996135;5.7563667;3.9651573;0.55390006;0.13628906;26.1374;73690154991.0;16.617;61.68
Angola;AGO;2018;0.21998267;5.7532606;3.9547124;0.5538997;0.1363325;24.6503;79450688259.0;16.599;62.144
Angola;AGO;2019;0.21982822;5.7441936;3.9340954;0.5538995;0.13675597;25.3266;70897962732.0;16.497;62.448
Antigua and Barbuda;ATG;1990;0.28360954;3.0265348;4.282088;0.9453972;0.23459892;0.1543;478692592.6;;73.492
Antigua and Barbuda;ATG;1991;0.28393438;2.9917507;4.271355;0.9456246;0.23743255;0.1565;504307407.4;;73.435
Antigua and Barbuda;ATG;1992;0.2842486;2.9610524;4.2633514;0.9459011;0.24030666;0.1579;525103703.7;;73.417
Antigua and Barbuda;ATG;1993;0.28453332;2.9381194;4.258324;0.94621587;0.24286233;0.1548;565633333.3;;73.482
Antigua and Barbuda;ATG;1994;0.2847692;2.922786;4.256491;0.9465538;0.24530685;0.164;625051851.9;;73.591
Antigua and Barbuda;ATG;1995;0.28493696;2.9190228;4.258095;0.9468988;0.24690558;0.1724;616014814.8;;73.636
Antigua and Barbuda;ATG;1996;0.28514084;2.9233246;4.2631826;0.94723076;0.2485324;0.1714;679111111.1;;73.829
Antigua and Barbuda;ATG;1997;0.28544617;2.930489;4.2706037;0.94754267;0.24974783;0.1793;734392592.6;;73.96
Antigua and Barbuda;ATG;1998;0.28577486;2.9394534;4.278663;0.94782287;0.25145683;0.1835;789762963.0;;74.041
Antigua and Barbuda;ATG;1999;0.28605035;2.9481647;4.2854614;0.94805664;0.25224268;0.1778;835514814.8;;74.347
Antigua and Barbuda;ATG;2000;0.28619626;2.9521475;4.289198;0.94823295;0.2531747;0.1241;900551851.9;;74.606
Antigua and Barbuda;ATG;2001;0.2862459;2.9559095;4.2890034;0.948335;0.25433177;0.1239;877514814.8;;75.078
Antigua and Barbuda;ATG;2002;0.28629145;2.958693;4.2859354;0.9483488;0.2550025;0.1376;897988888.9;;75.536
Antigua and Barbuda;ATG;2003;0.28634012;2.9599168;4.2814517;0.9482877;0.2560033;0.1512;947955555.6;;75.478
Antigua and Barbuda;ATG;2004;0.28639925;2.958908;4.276987;0.94816303;0.25682753;0.1555;1026181481.0;;75.672
Antigua and Barbuda;ATG;2005;0.28647685;2.9530318;4.273915;0.94798297;0.25862804;0.1602;1143714815.0;;75.825
Antigua and Barbuda;ATG;2006;0.2866851;2.9379828;4.274823;0.9477551;0.260439;0.1782;1303548148.0;;75.765
Antigua and Barbuda;ATG;2007;0.28705353;2.9109464;4.280213;0.94749165;0.2637262;0.1989;1487300000.0;;76.131
Antigua and Barbuda;ATG;2008;0.28746843;2.8816068;4.2877116;0.9472027;0.26699823;0.2139;1557540741.0;;76.41
Antigua and Barbuda;ATG;2009;0.28781852;2.856524;4.2944202;0.9468921;0.26924637;0.2475;1386444444.0;;76.669
Antigua and Barbuda;ATG;2010;0.28798887;2.8437572;4.298032;0.9465686;0.27043265;0.2605;1298255556.0;;76.82
Antigua and Barbuda;ATG;2011;0.28793153;2.8496175;4.303295;0.9462421;0.26995358;0.2011;1281337037.0;;77.104
Antigua and Barbuda;ATG;2012;0.28773615;2.8654382;4.313888;0.9459228;0.26861185;0.2223;1327107407.0;;77.35
Antigua and Barbuda;ATG;2013;0.28749523;2.8840573;4.3260255;0.94561243;0.26759952;0.267;1325425926.0;;77.583
Antigua and Barbuda;ATG;2014;0.28730252;2.9019647;4.3359904;0.9453129;0.26629594;0.2761;1378829630.0;;77.858
Antigua and Barbuda;ATG;2015;0.2872532;2.911677;4.3400373;0.9450248;0.26545572;0.2749;1437755556.0;;77.913
Antigua and Barbuda;ATG;2016;0.28807;2.9112446;4.336745;0.9447461;0.26714227;0.2945;1489692593.0;;78.152
Antigua and Barbuda;ATG;2017;0.2889516;2.9141412;4.332553;0.94447774;0.2689388;0.2534;1531151852.0;;78.268
Antigua and Barbuda;ATG;2018;0.28899482;2.9518666;4.3321667;0.944222;0.2701906;0.2919;1661529630.0;;78.511
Antigua and Barbuda;ATG;2019;0.28866282;3.0286796;4.3341727;0.94397974;0.27095023;0.3257;1725351852.0;;78.691
Argentina;ARG;1990;0.31077635;2.5914402;5.0721474;0.9775595;0.2831645;99.5316;141000000000.0;;71.784
Argentina;ARG;1991;0.31062564;2.59628;5.06636;0.97761256;0.28488374;104.8623;190000000000.0;5.44;72.319
Argentina;ARG;1992;0.31051394;2.5996377;5.06241;0.97768486;0.2869326;106.7777;229000000000.0;6.36;72.43
Argentina;ARG;1993;0.31043887;2.6029038;5.0600786;0.9777684;0.28832465;110.7012;237000000000.0;10.1;72.565
Argentina;ARG;1994;0.31039718;2.6075854;5.0591183;0.9778546;0.29146907;114.1684;257000000000.0;11.76;73.172
Argentina;ARG;1995;0.31038442;2.6101468;5.0594;0.9779409;0.29287174;115.7414;258000000000.0;18.8;73.133
Argentina;ARG;1996;0.3104554;2.6141539;5.0627203;0.9780294;0.29576775;126.1209;272000000000.0;17.11;73.307
Argentina;ARG;1997;0.3106239;2.615236;5.069406;0.97811425;0.299734;130.3075;293000000000.0;14.82;73.09
Argentina;ARG;1998;0.31082502;2.6173654;5.0771475;0.9781832;0.30309895;137.3604;299000000000.0;12.65;73.474
Argentina;ARG;1999;0.31099257;2.6191437;5.0836987;0.97823006;0.30575922;139.2803;284000000000.0;14.05;73.722
Argentina;ARG;2000;0.31105858;2.6201203;5.086851;0.9782552;0.3072642;136.1136;284000000000.0;15.0;73.926
Argentina;ARG;2001;0.31093073;2.6220922;5.088034;0.98460674;0.30651042;130.4902;269000000000.0;17.32;74.186
Argentina;ARG;2002;0.3106408;2.625571;5.089757;0.9997332;0.304961;122.8899;97724004252.0;19.59;74.408
Argentina;ARG;2003;0.31030717;2.6273024;5.0913215;1.0177805;0.30294254;134.1583;128000000000.0;15.36;74.08
Argentina;ARG;2004;0.3100471;2.6299448;5.0919785;1.0328883;0.3019962;148.9305;165000000000.0;13.522;74.855
Argentina;ARG;2005;0.30997583;2.6289823;5.091139;1.0392022;0.30167902;152.7737;199000000000.0;11.506;75.139
Argentina;ARG;2006;0.3102805;2.6047487;5.068065;1.0391719;0.30288535;161.8901;233000000000.0;10.078;75.433
Argentina;ARG;2007;0.3109236;2.551156;5.0160227;1.0391463;0.30518323;171.31;288000000000.0;8.47;75.006
Argentina;ARG;2008;0.31168434;2.487661;4.95535;1.0391239;0.3085439;176.6378;362000000000.0;7.837;75.641
Argentina;ARG;2009;0.3123423;2.4350693;4.90632;1.0391033;0.3120873;163.3895;333000000000.0;8.645;75.936
Argentina;ARG;2010;0.3126768;2.413849;4.889307;1.0390866;0.31553122;175.3996;424000000000.0;7.714;75.721
Argentina;ARG;2011;0.3126622;2.4141257;4.8977876;1.0390755;0.3182385;184.2544;530000000000.0;7.18;76.124
Argentina;ARG;2012;0.31248406;2.4159813;4.910255;1.039073;0.3215158;185.819;546000000000.0;7.217;76.467
Argentina;ARG;2013;0.31224054;2.4191957;4.9245386;1.039076;0.3248527;191.6392;552000000000.0;7.1;76.491
Argentina;ARG;2014;0.31203017;2.4207559;4.938433;1.0390805;0.3277988;187.7887;526000000000.0;7.268;76.755
Argentina;ARG;2015;0.3119528;2.423345;4.949739;1.0390844;0.3300228;193.7552;595000000000.0;7.58;76.76
Argentina;ARG;2016;0.31233308;2.4216962;4.9635406;1.0390866;0.3320769;191.4694;558000000000.0;8.083;76.308
Argentina;ARG;2017;0.3126788;2.4182243;4.974968;1.0390891;0.33308828;188.4326;644000000000.0;8.347;76.833
Argentina;ARG;2018;0.31235445;2.4153662;4.979907;1.039091;0.33305335;186.2834;525000000000.0;9.221;76.999
Argentina;ARG;2019;0.31154236;2.4075098;4.982973;1.039092;0.33220056;177.5432;448000000000.0;9.843;77.284
Armenia;ARM;1990;0.27749905;2.8368337;3.1166356;0.54153806;0.105586335;20.6047;2256863449.0;;68.821
Armenia;ARM;1991;0.27707464;2.8176441;3.1169128;0.54156226;0.10212495;21.4648;2069870130.0;1.6;68.643
Armenia;ARM;1992;0.27665403;2.8047023;3.118065;0.5415971;0.09929012;10.9201;1272835453.0;1.8;68.627
Armenia;ARM;1993;0.27626;2.7945662;3.120104;0.54164857;0.09667623;5.0931;1201312829.0;5.3;68.841
Armenia;ARM;1994;0.27591726;2.788121;3.1226888;0.5417121;0.09485957;2.8083;1315158637.0;6.6;69.073
Armenia;ARM;1995;0.2756536;2.7853332;3.1251998;0.5417716;0.09306069;3.5412;1468317435.0;6.7;69.311
Armenia;ARM;1996;0.27534527;2.7881653;3.1285238;0.54182494;0.092257656;2.5941;1596968946.0;9.3;69.783
Armenia;ARM;1997;0.274925;2.7979307;3.1331096;0.5418681;0.09078493;3.3384;1639492445.0;10.8;69.91
Armenia;ARM;1998;0.27449787;2.8118804;3.1382453;0.5419109;0.08971225;3.4727;1893726437.0;9.4;70.514
Armenia;ARM;1999;0.27417108;2.8251457;3.1428475;0.5419485;0.08917149;3.1042;1845482173.0;11.2;70.257
Armenia;ARM;2000;0.27405235;2.835005;3.1459205;0.5419808;0.0886969;3.5696;1911563669.0;11.097;70.624
Armenia;ARM;2001;0.274356;2.8439515;3.148805;0.54200447;0.089766726;3.6333;2118467913.0;10.995;70.932
Armenia;ARM;2002;0.27507526;2.8545542;3.1527412;0.5420155;0.09152715;3.1013;2376335048.0;10.872;71.018
Armenia;ARM;2003;0.2759816;2.865396;3.1569946;0.5420277;0.094129905;3.4707;2807061009.0;10.757;71.436
Armenia;ARM;2004;0.27684993;2.874829;3.1602669;0.5420317;0.09737334;3.759;3576615240.0;10.666;71.421
Armenia;ARM;2005;0.2774539;2.8829637;3.1614113;0.54202825;0.10007412;4.4625;4900469511.0;10.577;71.792
Armenia;ARM;2006;0.27789685;2.887293;3.1602807;0.54201835;0.10272496;4.4455;6384452067.0;10.491;71.987
Armenia;ARM;2007;0.27839205;2.8886054;3.1577516;0.5420019;0.105622336;5.154;9206301270.0;10.394;72.327
Armenia;ARM;2008;0.27887797;2.892236;3.1548352;0.54198825;0.108818464;5.6482;11662040714.0;10.657;72.398
Armenia;ARM;2009;0.27929643;2.8927338;3.1520722;0.54196876;0.11161414;4.5018;8647937081.0;10.993;72.813
Armenia;ARM;2010;0.27958736;2.896215;3.150081;0.54194146;0.11388937;4.2988;9260285756.0;11.279;73.16
Armenia;ARM;2011;0.27981967;2.9046485;3.1495562;0.541904;0.11584397;4.9037;10142111825.0;11.534;73.305
Armenia;ARM;2012;0.2800859;2.9182613;3.150064;0.5418589;0.11758394;5.6692;10619320683.0;11.704;73.454
Armenia;ARM;2013;0.28036392;2.934571;3.1511166;0.54181325;0.119134255;5.4813;11121464437.0;11.948;73.676
Armenia;ARM;2014;0.28063414;2.9476657;3.151906;0.54176444;0.120462425;5.4722;11609513247.0;12.201;74.058
Armenia;ARM;2015;0.28087538;2.9542494;3.151636;0.5417096;0.1219621;5.3342;10553337518.0;12.468;74.436
Armenia;ARM;2016;0.28138682;2.955971;3.1497703;0.541649;0.123195335;5.0789;10546136236.0;12.732;74.664
Armenia;ARM;2017;0.28190556;2.9550922;3.147962;0.54158723;0.12421232;5.3808;11527458709.0;12.968;74.906
Armenia;ARM;2018;0.28223595;2.9651482;3.1483963;0.5415265;0.12523004;5.6947;12457940695.0;13.212;75.064
Armenia;ARM;2019;0.28262022;2.9836516;3.1505976;0.541465;0.12600231;6.182;13619290539.0;12.2;75.439
Asia (IHME GBD);;1990;0.29041103;3.267557;3.3546433;0.32344005;0.09866103;;;;
Asia (IHME GBD);;1991;0.2905116;3.321691;3.3478365;0.32357454;0.09908986;;;;
Asia (IHME GBD);;1992;0.29057193;3.3664382;3.3406231;0.32378694;0.099539444;;;;
Asia (IHME GBD);;1993;0.29059973;3.4001524;3.3337855;0.32399684;0.09998004;;;;
Asia (IHME GBD);;1994;0.29059425;3.42096;3.3274221;0.32416108;0.100391895;;;;
Asia (IHME GBD);;1995;0.29053807;3.4272394;3.3218856;0.32438308;0.10085547;;;;
Asia (IHME GBD);;1996;0.29040766;3.4176211;3.3172653;0.32457834;0.10141834;;;;
Asia (IHME GBD);;1997;0.2902362;3.3957071;3.3130593;0.32477137;0.10197759;;;;
Asia (IHME GBD);;1998;0.29006183;3.3695788;3.3090923;0.3249202;0.10258859;;;;
Asia (IHME GBD);;1999;0.28991294;3.3468337;3.3048916;0.32503027;0.10326412;;;;
Asia (IHME GBD);;2000;0.2898128;3.3356757;3.2998652;0.32521573;0.1039682;;;;
Asia (IHME GBD);;2001;0.28976345;3.339311;3.2848222;0.3255319;0.10489109;;;;
Asia (IHME GBD);;2002;0.2897518;3.3510268;3.2568078;0.32608464;0.10606289;;;;
Asia (IHME GBD);;2003;0.28976786;3.3657982;3.2248578;0.32670823;0.107393466;;;;
Asia (IHME GBD);;2004;0.28979507;3.3779595;3.1978812;0.3273246;0.108795986;;;;
Asia (IHME GBD);;2005;0.28981602;3.382033;3.1849494;0.32787827;0.11026574;;;;
Asia (IHME GBD);;2006;0.28989854;3.3566835;3.1909444;0.32829535;0.11178412;;;;
Asia (IHME GBD);;2007;0.29006857;3.298219;3.2096946;0.32874402;0.11367872;;;;
Asia (IHME GBD);;2008;0.2902602;3.2290518;3.2336378;0.3292686;0.115696676;;;;
Asia (IHME GBD);;2009;0.29041606;3.1716802;3.2546694;0.32983452;0.11776006;;;;
Asia (IHME GBD);;2010;0.29049417;3.1479168;3.2643657;0.33044228;0.11971668;;;;
Asia (IHME GBD);;2011;0.29062065;3.1519988;3.261816;0.33107898;0.12167905;;;;
Asia (IHME GBD);;2012;0.2908952;3.1608655;3.254212;0.33168805;0.1237254;;;;
Asia (IHME GBD);;2013;0.29123524;3.1719203;3.245807;0.3322587;0.1258007;;;;
Asia (IHME GBD);;2014;0.29155102;3.1829913;3.240573;0.3328356;0.12803893;;;;
Asia (IHME GBD);;2015;0.29174533;3.1914704;3.2424552;0.33349207;0.13029866;;;;
Asia (IHME GBD);;2016;0.29312426;3.1956189;3.2646673;0.33420235;0.13334852;;;;
Asia (IHME GBD);;2017;0.2943791;3.1990314;3.2872593;0.33492965;0.13594061;;;;
Asia (IHME GBD);;2018;0.29398188;3.2001421;3.282474;0.3356867;0.13751562;;;;
Asia (IHME GBD);;2019;0.29303145;3.1961586;3.258719;0.3365103;0.13872583;;;;
Australia;AUS;1990;0.38909754;4.3984447;5.746219;1.1160647;0.7187702;277.2016;311000000000.0;;76.99463415
Australia;AUS;1991;0.38887236;4.4271917;5.655439;1.1161371;0.72221917;279.3201;326000000000.0;9.586;77.27560976
Australia;AUS;1992;0.38868392;4.4533386;5.569575;1.1162119;0.72482026;282.68;326000000000.0;10.733;77.37804878
Australia;AUS;1993;0.38853744;4.475146;5.4921036;1.1162795;0.72893107;286.7089;312000000000.0;10.879;77.87804878
Australia;AUS;1994;0.38843122;4.4959636;5.4266415;1.1163439;0.7317704;292.082;323000000000.0;9.724;77.87804878
Australia;AUS;1995;0.38836062;4.515698;5.3766356;1.1164132;0.7358509;302.3307;368000000000.0;8.473;77.82926829
Australia;AUS;1996;0.38833362;4.524212;5.32893;1.116486;0.74315125;312.3754;401000000000.0;8.509;78.07804878
Australia;AUS;1997;0.38834938;4.5214906;5.2749786;1.1165645;0.7553975;322.0276;436000000000.0;8.367;78.4804878
Australia;AUS;1998;0.38839012;4.5178895;5.224641;1.116632;0.770639;341.7675;400000000000.0;7.684;78.63170732
Australia;AUS;1999;0.38843063;4.5207424;5.1880302;1.116689;0.7853584;347.9101;390000000000.0;6.876;78.93170732
Australia;AUS;2000;0.38845477;4.5388155;5.175044;1.1167352;0.7977668;353.6536;416000000000.0;6.288;79.23414634
Australia;AUS;2001;0.38848075;4.58546;5.215392;1.1176239;0.81825;360.2949;380000000000.0;6.747;79.63414634
Australia;AUS;2002;0.38853607;4.65675;5.3088007;1.1196815;0.85325265;368.5431;396000000000.0;6.375;79.93658537
Australia;AUS;2003;0.3885987;4.7298746;5.4199343;1.1221255;0.89287037;367.9099;468000000000.0;5.933;80.23902439
Australia;AUS;2004;0.3886471;4.790833;5.5135145;1.1241834;0.9279396;381.6662;615000000000.0;5.399;80.4902439
Australia;AUS;2005;0.3886707;4.817139;5.5542226;1.1250675;0.9504217;383.8176;696000000000.0;5.036;80.84146341
Australia;AUS;2006;0.38865405;4.8088183;5.5622044;1.1250802;0.9611142;389.8768;748000000000.0;4.785;81.04146341
Australia;AUS;2007;0.38861;4.7867126;5.5775933;1.125079;0.96978116;400.3914;855000000000.0;4.381;81.29268293
Australia;AUS;2008;0.38855332;4.7543907;5.5950637;1.1250721;0.97864956;404.0073;1060000000000.0;4.242;81.39512195
Australia;AUS;2009;0.38850445;4.7198935;5.6093774;1.125063;0.98612726;409.6867;929000000000.0;5.565;81.54390244
Australia;AUS;2010;0.38849422;4.6904297;5.615126;1.1250472;0.9927631;415.0309;1150000000000.0;5.214;81.69512195
Australia;AUS;2011;0.38851094;4.661994;5.6058693;1.1250392;0.99799436;412.5922;1400000000000.0;5.083;81.89512195
Australia;AUS;2012;0.3885316;4.630723;5.5849586;1.1250232;1.0032136;413.1067;1550000000000.0;5.225;82.04634146
Australia;AUS;2013;0.3885528;4.5981283;5.561541;1.1250172;1.0073591;405.464;1580000000000.0;5.663;82.14878049
Australia;AUS;2014;0.38856968;4.56489;5.544875;1.1250142;1.0123483;396.0261;1470000000000.0;6.078;82.3
Australia;AUS;2015;0.38857755;4.5340767;5.5441623;1.1250105;1.0158271;402.5868;1350000000000.0;6.055;82.4
Australia;AUS;2016;0.38852575;4.4401946;5.67749;1.12502;1.0205263;412.962;1210000000000.0;5.711;82.44878049
Australia;AUS;2017;0.38846922;4.3608074;5.812073;1.1250321;1.0254059;415.4584;1330000000000.0;5.592;82.5
Australia;AUS;2018;0.38851777;4.3602886;5.8207517;1.125041;1.0284127;413.9948;1430000000000.0;5.3;82.74878049
Australia;AUS;2019;0.3886459;4.382458;5.8151646;1.1250612;1.0316882;413.0803;1390000000000.0;5.159;82.9
Austria;AUT;1990;0.2759298;3.6316159;5.7173142;0.90213525;0.4184564;61.5825;166000000000.0;;75.56829268
Austria;AUT;1991;0.27569294;3.6203082;5.746825;0.90194654;0.42482075;65.5263;174000000000.0;3.42;75.61707317
Austria;AUT;1992;0.27548993;3.6056612;5.7715983;0.90180904;0.430044;60.5347;195000000000.0;3.59;75.81707317
Austria;AUT;1993;0.27532542;3.591711;5.7906623;0.90171635;0.43580726;60.5879;190000000000.0;4.25;76.06829268
Austria;AUT;1994;0.27520266;3.5727391;5.80268;0.901654;0.44142702;61.1275;204000000000.0;3.535;76.4195122
Austria;AUT;1995;0.27512625;3.5538495;5.8068156;0.9016231;0.44745013;64.0781;241000000000.0;4.353;76.66829268
Austria;AUT;1996;0.27511743;3.5290906;5.8021173;0.90163714;0.45364082;68.0015;237000000000.0;5.291;76.87073171
Austria;AUT;1997;0.2751634;3.4928606;5.790478;0.90166837;0.4600033;67.5516;213000000000.0;5.157;77.3195122
Austria;AUT;1998;0.27523252;3.4505806;5.7764673;0.9017106;0.4664338;68.1531;218000000000.0;5.493;77.67073171
Austria;AUT;1999;0.27529442;3.4085689;5.7643733;0.9017383;0.47292206;66.3142;217000000000.0;4.707;77.87560976
Austria;AUT;2000;0.27531537;3.3730147;5.7588873;0.9017546;0.4785858;66.759;197000000000.0;4.694;78.12682927
Austria;AUT;2001;0.2753292;3.3421907;5.76347;0.9017828;0.48539114;71.4617;198000000000.0;4.012;78.57560976
Austria;AUT;2002;0.27537015;3.3078835;5.7752576;0.90180296;0.49294817;72.966;214000000000.0;4.86;78.67804878
Austria;AUT;2003;0.2754227;3.2760923;5.7907057;0.9018226;0.5005945;78.079;262000000000.0;4.785;78.63170732
Austria;AUT;2004;0.2754722;3.2449446;5.8057036;0.9018207;0.5077192;79.4246;301000000000.0;5.969;79.1804878
Austria;AUT;2005;0.27549613;3.2177966;5.8164845;0.9018031;0.51429474;79.9032;316000000000.0;5.682;79.33170732
Austria;AUT;2006;0.27552652;3.1890857;5.830372;0.90180916;0.5215775;77.7207;336000000000.0;5.32;79.8804878
Austria;AUT;2007;0.27558753;3.1565373;5.8527355;0.90183544;0.53044736;74.9072;389000000000.0;4.909;80.1804878
Austria;AUT;2008;0.27565533;3.1266346;5.8776236;0.90187377;0.53840405;74.5096;432000000000.0;4.198;80.43170732
Austria;AUT;2009;0.275704;3.1034918;5.898953;0.90190077;0.5459628;67.9079;402000000000.0;5.371;80.33170732
Austria;AUT;2010;0.275704;3.0920737;5.910921;0.9019149;0.5513747;73.581;392000000000.0;4.883;80.5804878
Austria;AUT;2011;0.27560493;3.0925705;5.91934;0.90190107;0.55502725;71.9557;432000000000.0;4.637;80.98292683
Austria;AUT;2012;0.27541992;3.0992143;5.931905;0.9018285;0.5582181;68.8985;409000000000.0;4.909;80.93658537
Austria;AUT;2013;0.2752243;3.1081657;5.9454136;0.90168726;0.56103206;69.4999;430000000000.0;5.367;81.13658537
Austria;AUT;2014;0.27508944;3.1144185;5.9566393;0.901455;0.5628904;65.8761;443000000000.0;5.674;81.4902439
Austria;AUT;2015;0.2750848;3.117166;5.963028;0.9011552;0.5627958;67.2562;382000000000.0;5.802;81.1902439
Austria;AUT;2016;0.27593783;3.1172068;5.983274;0.90091336;0.5598134;67.6656;396000000000.0;6.064;81.64146341
Austria;AUT;2017;0.27685928;3.1176713;6.0037413;0.9007627;0.55712646;69.9541;417000000000.0;5.561;81.64390244
Austria;AUT;2018;0.27697054;3.120435;6.007505;0.90060717;0.55835485;66.9575;455000000000.0;4.933;81.69268293
Austria;AUT;2019;0.27674544;3.125201;6.0064344;0.90043485;0.5622296;68.5563;445000000000.0;4.56;81.89512195
Azerbaijan;AZE;1990;0.2774707;2.7670333;2.53578;0.5229734;0.12407781;54.4128;8884848485.0;;62.352
Azerbaijan;AZE;1991;0.27678874;2.7440696;2.5352485;0.5229641;0.12060402;52.9763;5344000000.0;0.9;62.052
Azerbaijan;AZE;1992;0.2760778;2.7226257;2.5354035;0.52297515;0.11768779;43.1337;444658671.6;1.8;61.296
Azerbaijan;AZE;1993;0.2753723;2.706416;2.5360153;0.5229844;0.11424543;37.9279;1570392598.0;4.5;61.286
Azerbaijan;AZE;1994;0.27469656;2.6939197;2.5367708;0.52299225;0.11121673;33.7008;1193141110.0;6.3;61.594
Azerbaijan;AZE;1995;0.27407718;2.6854274;2.5374076;0.5229974;0.10844892;32.6833;2417331193.0;7.2;62.305
Azerbaijan;AZE;1996;0.27329195;2.6813297;2.5386348;0.52298003;0.10478906;27.384;3176507376.0;8.1;62.622
Azerbaijan;AZE;1997;0.27225026;2.6800869;2.5408762;0.52296036;0.10103141;26.6346;3962362387.0;9.1;62.973
Azerbaijan;AZE;1998;0.27120346;2.6793172;2.5433307;0.5229245;0.09771751;26.6574;4446368571.0;10.0;63.561
Azerbaijan;AZE;1999;0.2703915;2.6798527;2.5454266;0.522889;0.09477443;26.3474;4581248567.0;10.9;64.189
Azerbaijan;AZE;2000;0.27006206;2.6805768;2.546147;0.5228504;0.0937403;27.9001;5272615723.0;11.78;64.891
Azerbaijan;AZE;2001;0.27024662;2.684274;2.5466454;0.52280486;0.094266824;26.5632;5707616204.0;10.91;65.51
Azerbaijan;AZE;2002;0.2707266;2.6902637;2.5477786;0.52276087;0.09534902;26.3369;6236087738.0;10.04;66.239
Azerbaijan;AZE;2003;0.27138633;2.698078;2.5490587;0.52271444;0.09680298;28.856;7276413079.0;9.17;66.756
Azerbaijan;AZE;2004;0.27210444;2.7050302;2.5498493;0.5226743;0.09907625;28.548;8680405741.0;7.99;67.346
Azerbaijan;AZE;2005;0.27276427;2.707477;2.5493968;0.5226407;0.101383425;30.3392;13245421881.0;7.26;67.562
Azerbaijan;AZE;2006;0.27365234;2.7027829;2.5477703;0.5226044;0.104674466;30.7971;20981929498.0;6.62;68.165
Azerbaijan;AZE;2007;0.27495116;2.6922903;2.5455306;0.52257186;0.11045998;27.9208;33049419431.0;6.33;68.603
Azerbaijan;AZE;2008;0.27639756;2.68203;2.5428956;0.52253693;0.11677656;30.8936;48851293785.0;5.86;68.811
Azerbaijan;AZE;2009;0.27772176;2.6717098;2.5401323;0.52250874;0.12276372;25.7572;44292427185.0;5.74;69.356
Azerbaijan;AZE;2010;0.2786576;2.6676054;2.5371697;0.52247983;0.12757899;24.5433;52909294792.0;5.63;69.529
Azerbaijan;AZE;2011;0.2793749;2.6735318;2.5329163;0.52244824;0.13130763;27.8072;65952796428.0;5.42;69.984
Azerbaijan;AZE;2012;0.28016007;2.68512;2.5264387;0.52241665;0.13466677;30.6183;69679944504.0;5.19;70.36
Azerbaijan;AZE;2013;0.2809266;2.6981769;2.5189579;0.522382;0.13739607;31.5464;74160560124.0;4.97;70.881
Azerbaijan;AZE;2014;0.2815861;2.710103;2.5114393;0.52234787;0.1402617;32.9557;75239785452.0;4.91;71.116
Azerbaijan;AZE;2015;0.28205305;2.7152562;2.5048695;0.52231205;0.14168634;32.4667;53076235355.0;4.96;71.451
Azerbaijan;AZE;2016;0.28228012;2.7135832;2.493198;0.5222714;0.14240858;32.8201;37866996883.0;5.0;72.004
Azerbaijan;AZE;2017;0.28239095;2.712658;2.482483;0.52223;0.14302622;32.6737;40866627352.0;5.0;72.248
Azerbaijan;AZE;2018;0.28253493;2.725434;2.478925;0.5221863;0.14339092;33.5697;47112470052.0;4.9;72.76
Azerbaijan;AZE;2019;0.2827107;2.7526312;2.4775383;0.52214134;0.1438001;36.4955;48174235294.0;5.0;73.102
Bahamas;BHS;1990;0.28516054;3.097492;4.2661567;0.8991372;0.2912447;1.0242;3166000000.0;;70.133
Bahamas;BHS;1991;0.28470254;3.0665107;4.2541685;0.89903533;0.28852355;0.9345;3111160000.0;12.17;69.616
Bahamas;BHS;1992;0.2843436;3.040139;4.2444425;0.8989619;0.28623292;0.8074;3109000000.0;14.81;70.668
Bahamas;BHS;1993;0.2840831;3.0188165;4.237265;0.8989253;0.2853221;0.835;3092000000.0;12.72;70.656
Bahamas;BHS;1994;0.28392214;3.0021691;4.2328067;0.89892703;0.28470784;0.9;3259000000.0;13.83;70.851
Bahamas;BHS;1995;0.28386134;2.996653;4.2312603;0.8989593;0.28445992;1.0458;3429000000.0;10.83;70.763
Bahamas;BHS;1996;0.2839613;2.9957182;4.2333207;0.8990069;0.28465012;1.17;3609000000.0;11.46;70.71
Bahamas;BHS;1997;0.28422642;2.999871;4.238329;0.89906657;0.28563783;1.1659;6332360000.0;9.76;71.054
Bahamas;BHS;1998;0.28456888;3.004719;4.2445135;0.8991387;0.28772345;1.3391;6833220000.0;7.65;71.456
Bahamas;BHS;1999;0.28490227;3.0091257;4.2499447;0.899218;0.28947598;1.1513;7683870000.0;7.45;71.771
Bahamas;BHS;2000;0.2851404;3.01233;4.2527018;0.8992991;0.29065913;0.9134;8076470000.0;7.235;72.041
Bahamas;BHS;2001;0.28538704;3.01119;4.2517004;0.89938194;0.29243222;0.9286;8317830000.0;6.87;72.11
Bahamas;BHS;2002;0.28574365;3.0096633;4.248108;0.8994551;0.29477805;0.9987;8881160000.0;9.05;72.232
Bahamas;BHS;2003;0.28611946;3.0060272;4.243468;0.8995048;0.29744858;0.7494;8870090000.0;10.84;72.402
Bahamas;BHS;2004;0.28642184;3.003119;4.239442;0.8995269;0.29984456;0.8188;9055290000.0;10.2;72.478
Bahamas;BHS;2005;0.28655654;2.9967115;4.237858;0.89952713;0.30102718;0.8009;9836200000.0;10.2;72.765
Bahamas;BHS;2006;0.28645945;2.9853737;4.240962;0.8995142;0.30120054;0.9967;10167250000.0;7.54;72.855
Bahamas;BHS;2007;0.28619525;2.96661;4.2483;0.8994929;0.30032954;1.2186;10618340000.0;7.88;72.678
Bahamas;BHS;2008;0.28586257;2.945456;4.257724;0.8994669;0.29998776;1.2618;10526000000.0;8.18;72.667
Bahamas;BHS;2009;0.2855605;2.9285865;4.266969;0.8994362;0.29957774;1.0528;9981960000.0;14.25;72.579
Bahamas;BHS;2010;0.2853874;2.9222538;4.273925;0.8994048;0.29874343;1.2;10095760000.0;14.431;72.731
Bahamas;BHS;2011;0.28528804;2.9251416;4.282254;0.8993746;0.29770276;0.8106;10070450000.0;14.52;72.564
Bahamas;BHS;2012;0.28515273;2.9385166;4.2949677;0.89934444;0.2965767;0.9998;10720500000.0;14.02;72.753
Bahamas;BHS;2013;0.28499946;2.9538794;4.3089633;0.899315;0.29518303;1.1242;10395800000.0;16.18;73.024
Bahamas;BHS;2014;0.2848462;2.967716;4.32119;0.89928836;0.29389128;1.1222;10974100000.0;13.8;73.366
Bahamas;BHS;2015;0.28470966;2.9759111;4.3288636;0.89927167;0.29319462;1.059;11671900000.0;12.0;73.104
Bahamas;BHS;2016;0.28430152;2.9748387;4.3342676;0.8992594;0.29298857;1.1655;11745100000.0;12.7;73.537
Bahamas;BHS;2017;0.28395367;2.9746866;4.3388643;0.89924705;0.29266343;1.2567;12236700000.0;9.8;73.632
Bahamas;BHS;2018;0.28417665;3.003466;4.343269;0.89923733;0.29225552;1.5268;12615800000.0;10.0;73.806
Bahamas;BHS;2019;0.284808;3.0623364;4.3490176;0.8992322;0.2916803;1.6957;13016200000.0;10.011;71.205
Bahrain;BHR;1990;0.27101102;5.038744;4.94783;0.7810451;0.26345095;11.9776;4809511005.0;;72.668
Bahrain;BHR;1991;0.27101833;5.0584183;4.95052;0.7810464;0.2640818;11.5499;5248911170.0;1.13;72.764
Bahrain;BHR;1992;0.2710026;5.0761666;4.9553375;0.78116953;0.2650094;13.596;5402232447.0;1.042;72.953
Bahrain;BHR;1993;0.2709875;5.0939074;4.961334;0.78143346;0.2659323;14.7085;5913001064.0;0.943;73.375
Bahrain;BHR;1994;0.27099636;5.105563;4.966457;0.7816976;0.26683936;14.9809;6330627926.0;1.08;73.517
Bahrain;BHR;1995;0.27103662;5.1119175;4.9691095;0.7818117;0.26772738;15.2244;6651180851.0;1.117;73.799
Bahrain;BHR;1996;0.27111655;5.117024;4.9717083;0.78177804;0.26794696;15.7753;6938166755.0;1.254;74.355
Bahrain;BHR;1997;0.27121365;5.1270137;4.9765806;0.7816557;0.2687017;16.2402;7219407713.0;1.196;74.535
Bahrain;BHR;1998;0.27132156;5.133082;4.9822226;0.7815618;0.26943186;17.2149;7031309043.0;1.179;74.641
Bahrain;BHR;1999;0.27142933;5.136479;4.9862685;0.7815294;0.27071458;17.3069;7528469149.0;1.174;74.98
Bahrain;BHR;2000;0.27150548;5.1337776;4.987824;0.78164333;0.27171385;17.752;9062898936.0;1.138;75.496
Bahrain;BHR;2001;0.27146372;5.120542;4.991164;0.782004;0.27314183;18.3835;8976196809.0;1.171;75.908
Bahrain;BHR;2002;0.2713362;5.0884776;4.989611;0.7815467;0.27362132;19.2076;9593510638.0;1.184;76.088
Bahrain;BHR;2003;0.2712212;5.041534;4.9808435;0.78032494;0.27307868;19.8763;11074813830.0;1.165;76.337
Bahrain;BHR;2004;0.2711692;4.9899693;4.9683924;0.7789562;0.27250144;19.901;13150159574.0;1.094;76.56
Bahrain;BHR;2005;0.27122205;4.9383535;4.955955;0.7780097;0.2726117;23.3506;15968723404.0;1.044;76.931
Bahrain;BHR;2006;0.27131918;4.8829255;4.948007;0.7775874;0.2724273;25.4297;18504760638.0;1.039;77.156
Bahrain;BHR;2007;0.27138376;4.8181825;4.942917;0.7772759;0.27230522;25.8325;21730000000.0;1.019;77.634
Bahrain;BHR;2008;0.27144542;4.751807;4.9368787;0.776833;0.2724272;27.6496;25710904255.0;1.024;78.084
Bahrain;BHR;2009;0.2715161;4.6901183;4.929518;0.776385;0.27189925;27.6363;22938218085.0;1.074;78.461
Bahrain;BHR;2010;0.27158913;4.6435504;4.9227433;0.77622914;0.27230263;28.816;25713271277.0;1.13;78.748
Bahrain;BHR;2011;0.27152345;4.6143723;4.9203353;0.7766089;0.27338436;28.9834;28776595745.0;1.209;78.89
Bahrain;BHR;2012;0.27128288;4.5911293;4.9186068;0.7771692;0.27505082;30.1979;30749308511.0;1.2;79.081
Bahrain;BHR;2013;0.27098894;4.570381;4.9148717;0.7776296;0.27717188;32.1099;32539468085.0;1.182;79.246
Bahrain;BHR;2014;0.27074158;4.5524645;4.909362;0.7779736;0.27849597;33.2807;33387712766.0;1.146;79.328
Bahrain;BHR;2015;0.2706146;4.537678;4.9055676;0.7783771;0.2798101;33.4541;31125851064.0;1.166;79.405
Bahrain;BHR;2016;0.27056554;4.5223923;4.8906527;0.7790424;0.28314427;33.4403;32250132979.0;1.195;79.557
Bahrain;BHR;2017;0.27052996;4.514126;4.8809757;0.7798653;0.2866591;33.7349;35423643617.0;1.196;79.689
Bahrain;BHR;2018;0.27063942;4.519821;4.9006104;0.78070796;0.28855082;33.9989;37802005319.0;1.202;79.857
Bahrain;BHR;2019;0.27094802;4.5280886;4.937836;0.78144014;0.2906812;36.8265;38653318085.0;1.226;80.019
Bangladesh;BGD;1990;0.28059945;4.7590494;3.0826263;0.39055425;0.08403434;14.3106;31598340778.0;;55.989
Bangladesh;BGD;1991;0.28073725;4.738316;3.0439758;0.39056677;0.08422861;13.5989;30957483950.0;2.2;54.154
Bangladesh;BGD;1992;0.28082517;4.7196193;3.0090306;0.3905763;0.08475719;15.2168;31708874594.0;2.253;57.635
Bangladesh;BGD;1993;0.2808794;4.700021;2.9804292;0.39058754;0.08510879;16.0752;33166519418.0;2.32;57.927
Bangladesh;BGD;1994;0.28089678;4.6837482;2.9609928;0.39059561;0.08537502;17.37;33768660883.0;2.381;58.617
Bangladesh;BGD;1995;0.28087974;4.669866;2.9535468;0.39059758;0.08578044;21.1999;37939748769.0;2.446;59.467
Bangladesh;BGD;1996;0.280763;4.656067;2.9534848;0.39059374;0.08605734;21.5594;46438484108.0;2.51;59.492
Bangladesh;BGD;1997;0.28051552;4.6419525;2.9545574;0.39058223;0.08623377;23.2127;48244309133.0;2.699;61.427
Bangladesh;BGD;1998;0.28020635;4.6272764;2.9568594;0.3905631;0.08645307;23.7246;49984559471.0;2.891;63.917
Bangladesh;BGD;1999;0.2799028;4.6124444;2.9604912;0.39053577;0.08713865;25.3856;51270569884.0;3.082;66.228
Bangladesh;BGD;2000;0.27966917;4.600333;2.9657207;0.39049977;0.08754281;26.4911;53369787319.0;3.27;65.779
Bangladesh;BGD;2001;0.27944884;4.591876;3.0049133;0.3904539;0.08790323;32.0811;53991289844.0;3.614;66.135
Bangladesh;BGD;2002;0.27916503;4.587098;3.0897932;0.39039835;0.08839798;33.7648;54724081491.0;3.967;66.612
Bangladesh;BGD;2003;0.27886048;4.583527;3.189578;0.39033476;0.08923451;35.3627;60158929188.0;4.32;66.824
Bangladesh;BGD;2004;0.27857536;4.5821214;3.2735722;0.39026403;0.08982094;37.3599;65108544250.0;4.294;67.187
Bangladesh;BGD;2005;0.27835163;4.5788054;3.3111982;0.390192;0.09078565;39.7724;69476001430.0;4.25;67.299
Bangladesh;BGD;2006;0.2781849;4.5734878;3.2960405;0.39011568;0.09170363;42.7606;71795735672.0;3.591;67.241
Bangladesh;BGD;2007;0.27803662;4.5695686;3.253897;0.39003676;0.092991926;45.1995;79611644984.0;4.045;66.714
Bangladesh;BGD;2008;0.27789348;4.5647535;3.2023764;0.38995683;0.09467496;50.5364;91636997445.0;4.516;67.051
Bangladesh;BGD;2009;0.2777431;4.564585;3.1588376;0.38987702;0.09659138;53.7296;102000000000.0;5.0;67.403
Bangladesh;BGD;2010;0.27757654;4.567146;3.1404343;0.3898037;0.09818385;59.5502;115000000000.0;3.379;68.638
Bangladesh;BGD;2011;0.27733892;4.5729795;3.1417556;0.38973215;0.09978169;63.3987;129000000000.0;3.73;68.809
Bangladesh;BGD;2012;0.2770295;4.5809336;3.1451762;0.38966423;0.10143996;68.091;133000000000.0;4.075;69.554
Bangladesh;BGD;2013;0.27670416;4.586038;3.1495974;0.38959995;0.10303102;71.8655;150000000000.0;4.426;69.565
Bangladesh;BGD;2014;0.2764175;4.5936613;3.1539226;0.38953933;0.10504848;75.6482;173000000000.0;4.406;69.986
Bangladesh;BGD;2015;0.27623016;4.599187;3.1569493;0.38948515;0.10699789;84.6333;195000000000.0;4.382;70.491
Bangladesh;BGD;2016;0.27625337;4.6036625;3.1587863;0.3894343;0.109776355;92.8755;265000000000.0;4.35;71.09
Bangladesh;BGD;2017;0.27631047;4.603344;3.1612337;0.38938674;0.11230933;100.1955;294000000000.0;4.372;71.788
Bangladesh;BGD;2018;0.27625948;4.6107364;3.168371;0.3893429;0.11393922;109.984;321000000000.0;4.532;72.567
Bangladesh;BGD;2019;0.27618745;4.6198096;3.1809232;0.38930306;0.11529978;107.1606;351000000000.0;4.693;72.806
Barbados;BRB;1990;0.28182536;3.1441772;4.263395;0.9332782;0.23252;0.5584;2012131457.0;;72.752
Barbados;BRB;1991;0.28188697;3.1127324;4.2558165;0.933195;0.2317309;0.5389;2020583702.0;22.308;72.843
Barbados;BRB;1992;0.2819471;3.0856733;4.24925;0.9331225;0.2313803;0.5213;1957000000.0;22.94;72.915
Barbados;BRB;1993;0.2820019;3.0634604;4.2439895;0.93306416;0.23155278;0.4967;2063342117.0;24.54;73.19
Barbados;BRB;1994;0.28204703;3.0484056;4.2403073;0.93302274;0.2319485;0.4749;2151344901.0;22.98;73.211
Barbados;BRB;1995;0.28207892;3.0408661;4.238395;0.9330008;0.23176287;0.489;2216974096.0;19.66;73.298
Barbados;BRB;1996;0.28211206;3.04252;4.237895;0.93299;0.23236123;0.4819;2363645403.0;14.71;73.546
Barbados;BRB;1997;0.28216085;3.0456307;4.2380834;0.9329915;0.23375359;0.5709;2498384130.0;14.61;73.547
Barbados;BRB;1998;0.28221816;3.0512576;4.2385945;0.9330019;0.2348186;0.6297;2817083478.0;12.4;73.728
Barbados;BRB;1999;0.28227687;3.0566454;4.239037;0.9330187;0.23607196;0.6367;2951822205.0;10.61;74.039
Barbados;BRB;2000;0.28232872;3.0590594;4.2392254;0.9330439;0.23685065;0.5507;3059500000.0;9.35;74.089
Barbados;BRB;2001;0.28245288;3.0633075;4.2391286;0.9330728;0.23782477;0.5376;3054500000.0;9.85;74.247
Barbados;BRB;2002;0.2826855;3.0708885;4.2389526;0.9331009;0.23888814;0.5693;3106500000.0;10.32;74.366
Barbados;BRB;2003;0.2829502;3.0787032;4.2390532;0.9331278;0.23923889;0.6025;3209500000.0;11.0;74.472
Barbados;BRB;2004;0.28317046;3.0846188;4.2397285;0.93315417;0.24005233;0.6015;3444500000.0;9.57;74.727
Barbados;BRB;2005;0.28326964;3.0873919;4.241193;0.9331801;0.24083912;0.6128;3819500000.0;9.08;74.89
Barbados;BRB;2006;0.28320122;3.0834694;4.2451057;0.93320394;0.24059445;0.6511;4217323400.0;8.73;75.068
Barbados;BRB;2007;0.2830181;3.0772126;4.2519817;0.9332221;0.24178427;0.6329;4675767950.0;7.41;75.342
Barbados;BRB;2008;0.2827924;3.0684438;4.260247;0.9332311;0.24300797;0.744;4790410400.0;8.12;75.447
Barbados;BRB;2009;0.2825953;3.061772;4.2683377;0.9332296;0.24387051;0.7508;4466809600.0;10.02;75.678
Barbados;BRB;2010;0.28249732;3.0582738;4.2748394;0.9332208;0.24402189;0.7739;4534772750.0;10.69;75.712
Barbados;BRB;2011;0.28249285;3.0634255;4.2824874;0.93320495;0.24327578;0.65;4662343500.0;11.19;75.917
Barbados;BRB;2012;0.28251472;3.07421;4.293506;0.9331804;0.24255738;0.6334;4622687600.0;11.59;76.099
Barbados;BRB;2013;0.28254357;3.088505;4.3056684;0.9331474;0.24130778;0.7487;4693452700.0;11.55;76.275
Barbados;BRB;2014;0.28256023;3.0996187;4.3167458;0.93310755;0.23999926;0.6602;4711838650.0;12.17;76.476
Barbados;BRB;2015;0.28254515;3.1069825;4.324533;0.9330644;0.23968711;0.6859;4738650450.0;9.803;76.65
Barbados;BRB;2016;0.2822401;3.107959;4.329384;0.9330169;0.2400768;0.7301;4848210350.0;8.247;76.815
Barbados;BRB;2017;0.28195485;3.1063004;4.3313775;0.932965;0.24045463;0.601;5000457800.0;8.622;76.936
Barbados;BRB;2018;0.2821136;3.1284235;4.330795;0.9329092;0.24041596;0.7016;5128345200.0;8.322;77.067
Barbados;BRB;2019;0.28256494;3.1782775;4.328706;0.9328537;0.2400891;0.7717;5367139250.0;8.413;77.257
Belarus;BLR;1990;0.27143964;3.9234912;3.531769;0.5214641;0.110925175;105.0452;;;70.83658537
Belarus;BLR;1991;0.2711495;3.9342315;3.531525;0.52141404;0.109483406;101.261;;0.6;70.37804878
Belarus;BLR;1992;0.27088022;3.9475007;3.531061;0.52136785;0.107908435;91.6183;9200000000.0;3.1;70.02195122
Belarus;BLR;1993;0.27064517;3.9631433;3.530581;0.52133095;0.106690764;79.0703;16416666667.0;8.5;68.97073171
Belarus;BLR;1994;0.27045876;3.9778185;3.5299604;0.52130306;0.10523516;67.3095;14952100840.0;12.8;68.76829268
Belarus;BLR;1995;0.27033705;3.9915447;3.529267;0.52128;0.10373212;60.1175;13970425777.0;17.7;68.46097561
Belarus;BLR;1996;0.27023345;4.009399;3.528272;0.5212608;0.1025335;61.0234;14756846154.0;24.4;68.51219512
Belarus;BLR;1997;0.27011237;4.034576;3.5268185;0.5212368;0.101254396;61.5138;14130585516.0;17.1;68.46097561
Belarus;BLR;1998;0.2699983;4.0586615;3.5253568;0.52121997;0.1002217;60.0444;15221352699.0;14.0;68.40731707
Belarus;BLR;1999;0.2699176;4.0794196;3.5240104;0.52121127;0.099186875;57.9578;12138243081.0;12.8;67.90731707
Belarus;BLR;2000;0.26989874;4.0918536;3.5228252;0.52120125;0.09925466;55.8065;12736780455.0;12.171;68.91219512
Belarus;BLR;2001;0.2699878;4.0966105;3.521141;0.52119553;0.099894375;54.587;12354820144.0;11.523;68.50731707
Belarus;BLR;2002;0.27018493;4.1028614;3.51859;0.52119213;0.10093053;54.8028;14594900945.0;10.837;68.05609756
Belarus;BLR;2003;0.2704434;4.103709;3.5159032;0.52119684;0.102895;55.425;17825444724.0;10.155;68.55365854
Belarus;BLR;2004;0.27071837;4.104315;3.513435;0.52120095;0.10501632;58.7745;23141566293.0;9.443;68.95609756
Belarus;BLR;2005;0.27096403;4.0988197;3.5119147;0.5212048;0.106956296;59.6009;30210091837.0;8.748;68.85121951
Belarus;BLR;2006;0.27131802;4.078114;3.5106103;0.52121115;0.109090164;62.0432;36961894281.0;8.064;69.40487805
Belarus;BLR;2007;0.27187908;4.041458;3.508245;0.52120125;0.11159433;60.6952;45275711996.0;7.408;70.20731707
Belarus;BLR;2008;0.27253366;3.99703;3.5057619;0.52119315;0.11437235;64.4619;60752106347.0;6.735;70.45609756
Belarus;BLR;2009;0.27317077;3.9585407;3.503633;0.52118677;0.11702941;61.352;50873167326.0;6.1;70.40731707
Belarus;BLR;2010;0.27368024;3.9347;3.5022798;0.5211785;0.11944295;65.8561;57231904543.0;6.054;70.40487805
Belarus;BLR;2011;0.2742778;3.922725;3.5010548;0.5211749;0.12181314;62.6977;61762382328.0;6.024;70.55365854
Belarus;BLR;2012;0.27513677;3.9135807;3.4986422;0.5211533;0.12428703;63.98;65685890439.0;5.97;71.96585366
Belarus;BLR;2013;0.27607197;3.904299;3.4958112;0.5211224;0.12694465;64.1533;75527558966.0;5.946;72.47073171
Belarus;BLR;2014;0.2768987;3.8970487;3.4930503;0.52108866;0.12941444;63.6974;78812805039.0;5.911;72.97073171
Belarus;BLR;2015;0.2774349;3.8928354;3.490736;0.52105135;0.13096942;59.0118;56454889147.0;5.881;73.62439024
Belarus;BLR;2016;0.27772522;3.8953915;3.4861212;0.5210136;0.1318798;58.9515;47723545321.0;5.844;73.82682927
Belarus;BLR;2017;0.27784362;3.8943806;3.4813712;0.5209698;0.13296206;60.1134;54725302250.0;5.648;74.12926829
Belarus;BLR;2018;0.27770308;3.870581;3.4809403;0.52092916;0.13347198;63.4636;60031173808.0;4.763;74.17560976
Belarus;BLR;2019;0.2773241;3.824539;3.4831994;0.5208894;0.1341819;61.3005;64410122847.0;4.165;74.22682927
Belgium;BEL;1990;0.2745141;3.3043332;4.9903364;0.89738375;0.3631707;115.8086;205000000000.0;;76.05195122
Belgium;BEL;1991;0.27465293;3.2905962;4.992189;0.8973624;0.36714303;119.7312;211000000000.0;6.984;76.19219512
Belgium;BEL;1992;0.27474725;3.279841;4.992266;0.89736056;0.3709203;117.6273;235000000000.0;6.702;76.35121951
Belgium;BEL;1993;0.27480245;3.2717407;4.991176;0.8973821;0.37502402;115.6967;225000000000.0;8.078;76.34536585
Belgium;BEL;1994;0.2748201;3.2677407;4.989281;0.89741033;0.37757772;122.1112;245000000000.0;9.645;76.69170732
Belgium;BEL;1995;0.27480116;3.264437;4.9870434;0.89744174;0.38023952;122.4165;288000000000.0;9.337;76.84073171
Belgium;BEL;1996;0.27469695;3.2608097;4.977913;0.89748764;0.38198897;127.4091;279000000000.0;9.483;77.18731707
Belgium;BEL;1997;0.27449498;3.2541459;4.959256;0.89753646;0.38382334;124.4185;253000000000.0;8.95;77.37073171
Belgium;BEL;1998;0.27425933;3.2491534;4.9377594;0.8975831;0.3852944;127.4042;259000000000.0;9.323;77.47317073
Belgium;BEL;1999;0.27405632;3.2505589;4.9201126;0.8976154;0.38744992;123.113;258000000000.0;8.649;77.6195122
Belgium;BEL;2000;0.2739478;3.260707;4.9130864;0.89764214;0.3893974;124.9696;237000000000.0;6.586;77.72195122
Belgium;BEL;2001;0.2739345;3.2790265;4.9149637;0.8979411;0.39241806;125.934;237000000000.0;6.178;77.97317073
Belgium;BEL;2002;0.27396008;3.2974474;4.918749;0.8986072;0.39610875;118.4934;258000000000.0;6.91;78.07560976
Belgium;BEL;2003;0.2740001;3.317652;4.9234123;0.89940006;0.39989844;123.3716;318000000000.0;7.68;78.12926829
Belgium;BEL;2004;0.27403557;3.3399148;4.9279165;0.9000595;0.40409118;121.9268;369000000000.0;7.363;78.87804878
Belgium;BEL;2005;0.27404436;3.3646903;4.931271;0.90034026;0.4071641;119.0886;386000000000.0;8.44;78.9804878
Belgium;BEL;2006;0.2740263;3.410445;4.940288;0.90035564;0.40980622;116.1351;408000000000.0;8.246;79.3804878
Belgium;BEL;2007;0.27400213;3.4814527;4.958886;0.9003685;0.4125902;112.9672;471000000000.0;7.459;79.78292683
Belgium;BEL;2008;0.27397212;3.5586588;4.98185;0.9003901;0.4146189;114.3278;517000000000.0;6.976;79.6804878
Belgium;BEL;2009;0.2739439;3.6206412;5.0039754;0.900405;0.4175397;107.0745;483000000000.0;7.908;80.03414634
Belgium;BEL;2010;0.2739223;3.6478279;5.0200486;0.900408;0.41880637;114.6444;481000000000.0;8.293;80.18292683
Belgium;BEL;2011;0.2739011;3.6392348;5.034762;0.90041107;0.42080608;104.2439;523000000000.0;7.14;80.58536585
Belgium;BEL;2012;0.27387935;3.6182528;5.0539336;0.9004145;0.4234204;102.773;496000000000.0;7.542;80.38536585
Belgium;BEL;2013;0.27386346;3.5918112;5.0737395;0.90042275;0.4255563;104.1691;522000000000.0;8.425;80.58780488
Belgium;BEL;2014;0.27386415;3.5673435;5.090465;0.9004224;0.42841125;97.4685;535000000000.0;8.523;81.28780488
Belgium;BEL;2015;0.27389416;3.5513406;5.100454;0.900407;0.4296135;102.0938;462000000000.0;8.482;80.99268293
Belgium;BEL;2016;0.27434295;3.5443187;5.097948;0.90038335;0.43202114;101.0047;476000000000.0;7.83;81.43902439
Belgium;BEL;2017;0.27478394;3.539347;5.0885506;0.90036076;0.43470827;99.4023;503000000000.0;7.086;81.49268293
Belgium;BEL;2018;0.27464777;3.539191;5.0731163;0.900339;0.43582413;100.1343;543000000000.0;5.948;81.59512195
Belgium;BEL;2019;0.27416807;3.5420222;5.04724;0.90031374;0.4368189;100.0509;536000000000.0;5.36;81.99512195
Belize;BLZ;1990;0.26572785;3.2072697;4.059114;0.905435;0.1627521;0.1193;545686365.5;;70.744
Belize;BLZ;1991;0.26638454;3.197669;4.0525484;0.9054775;0.16616046;0.138;594975697.0;9.64;70.248
Belize;BLZ;1992;0.266983;3.1918216;4.04717;0.90553945;0.1692762;0.1146;693625168.2;9.657;69.979
Belize;BLZ;1993;0.26749557;3.1920865;4.0431185;0.9056128;0.17241094;0.1124;750018765.3;9.78;69.988
Belize;BLZ;1994;0.26789328;3.1938505;4.040691;0.90570205;0.17470317;0.1061;769649509.5;11.1;70.316
Belize;BLZ;1995;0.26814777;3.1985621;4.040167;0.90580624;0.17624535;0.1205;816491620.2;12.48;69.887
Belize;BLZ;1996;0.26830915;3.2085798;4.041387;0.90592086;0.17733571;0.1003;848205276.9;13.82;69.806
Belize;BLZ;1997;0.2684489;3.225486;4.043736;0.90604657;0.17801873;0.1714;870861115.2;12.68;69.212
Belize;BLZ;1998;0.26857248;3.247597;4.0467668;0.9061847;0.17885175;0.1741;926550756.0;14.31;68.599
Belize;BLZ;1999;0.2686861;3.2667875;4.0498943;0.90633047;0.17968188;0.2059;996906468.7;12.84;68.773
Belize;BLZ;2000;0.26879677;3.2808802;4.0522776;0.9064745;0.18039791;0.1268;1134756761.0;10.808;68.564
Belize;BLZ;2001;0.2690359;3.2923179;4.0522733;0.9066096;0.1816046;0.1317;1168127974.0;9.07;68.357
Belize;BLZ;2002;0.2694469;3.3050373;4.049869;0.9067295;0.18282244;0.1292;1240059540.0;10.04;68.752
Belize;BLZ;2003;0.2699066;3.3171206;4.0467086;0.9068306;0.18427733;0.1373;1303381861.0;10.363;68.909
Belize;BLZ;2004;0.27029222;3.3239787;4.0444927;0.90691334;0.18578638;0.1275;1394273991.0;10.601;69.227
Belize;BLZ;2005;0.27048162;3.3272493;4.044852;0.90697885;0.18675879;0.1395;1468145956.0;10.91;69.376
Belize;BLZ;2006;0.27047762;3.32028;4.051213;0.9070286;0.18784592;0.1582;1584207353.0;9.39;70.093
Belize;BLZ;2007;0.27039328;3.300745;4.0637593;0.9070677;0.18856017;0.1557;1699214299.0;8.51;70.655
Belize;BLZ;2008;0.27027225;3.279275;4.079237;0.90710217;0.18963407;0.1501;1731921564.0;8.18;71.151
Belize;BLZ;2009;0.27015838;3.259632;4.094313;0.9071343;0.19042706;0.1823;1681473348.0;8.335;71.819
Belize;BLZ;2010;0.2700951;3.2508576;4.1056433;0.9071678;0.19101214;0.216;1739070295.0;8.424;72.272
Belize;BLZ;2011;0.27007607;3.2525074;4.1159897;0.90720516;0.19155549;0.1416;1818831938.0;8.434;72.651
Belize;BLZ;2012;0.2700658;3.2565932;4.128916;0.9072427;0.19178744;0.1595;1899503250.0;8.38;73.245
Belize;BLZ;2013;0.27006364;3.2645998;4.142283;0.9072783;0.19210711;0.2107;2021757434.0;8.349;73.666
Belize;BLZ;2014;0.27006787;3.2710667;4.1539335;0.9073128;0.19251977;0.2011;2125125606.0;8.244;73.311
Belize;BLZ;2015;0.2700765;3.27551;4.161798;0.9073512;0.19304523;0.2326;2194709309.0;7.578;73.187
Belize;BLZ;2016;0.27015963;3.2828176;4.1646996;0.9073933;0.19491607;0.2428;2240593543.0;7.0;73.399
Belize;BLZ;2017;0.27028537;3.2899313;4.166853;0.90743446;0.19614568;0.2589;2266664817.0;6.596;73.562
Belize;BLZ;2018;0.27044478;3.2992105;4.173387;0.9074714;0.19646068;0.2438;2292787336.0;7.899;73.703
Belize;BLZ;2019;0.27070037;3.309065;4.1840634;0.9075041;0.19617338;0.2567;2386792476.0;9.053;73.931
Benin;BEN;1990;0.2107329;4.349003;3.1514816;0.5457923;0.09083148;0.3976;1959965330.0;;53.292
Benin;BEN;1991;0.2110307;4.3469915;3.1520298;0.5457842;0.09026718;0.3494;1986437797.0;1.639;53.624
Benin;BEN;1992;0.2112888;4.347254;3.15269;0.54577696;0.09010144;0.3796;1695315306.0;1.51;54.089
Benin;BEN;1993;0.21149611;4.347601;3.15336;0.54577;0.09007713;0.3845;2274558083.0;1.494;54.537
Benin;BEN;1994;0.2116415;4.349421;3.1541722;0.54576355;0.08940504;0.3907;1598075944.0;1.455;54.91
Benin;BEN;1995;0.21171649;4.3525014;3.1549644;0.54575855;0.089328095;0.3969;2169627138.0;1.307;55.295
Benin;BEN;1996;0.21172641;4.3590345;3.1557515;0.5457541;0.089299686;1.0745;2361116449.0;1.25;55.558
Benin;BEN;1997;0.21169469;4.3704867;3.156616;0.5457504;0.08946823;1.364;2268301646.0;1.102;55.978
Benin;BEN;1998;0.21164641;4.385286;3.1573672;0.54574585;0.08961739;1.3145;2455092686.0;1.051;56.218
Benin;BEN;1999;0.21160738;4.3987436;3.1581628;0.5457421;0.08977291;1.4403;3677393999.0;0.951;56.526
Benin;BEN;2000;0.21160161;4.409092;3.1587043;0.5457382;0.090071835;1.5449;3519991440.0;0.865;56.578
Benin;BEN;2001;0.21166286;4.418103;3.1598346;0.5457337;0.09053183;1.8564;3666222635.0;0.766;56.66
Benin;BEN;2002;0.21177956;4.4272985;3.1620572;0.5457286;0.09104934;2.142;4194342686.0;0.69;56.606
Benin;BEN;2003;0.21191593;4.43434;3.1645153;0.5457216;0.09185245;2.3992;5349258094.0;0.747;56.738
Benin;BEN;2004;0.21203709;4.439211;3.1666374;0.5457153;0.09255669;2.5577;6190270380.0;0.79;56.826
Benin;BEN;2005;0.21210214;4.442495;3.1674438;0.54570764;0.09294875;2.8009;6567654954.0;0.86;57.125
Benin;BEN;2006;0.2121058;4.4427924;3.1666546;0.54569715;0.093085036;3.8581;7034111315.0;0.888;57.456
Benin;BEN;2007;0.21207578;4.4421372;3.1652052;0.5456864;0.09363422;4.3968;8169048383.0;0.902;57.675
Benin;BEN;2008;0.21203335;4.4383636;3.163788;0.5456751;0.09371502;4.3641;9787734526.0;0.892;57.869
Benin;BEN;2009;0.21200112;4.435647;3.16328;0.545665;0.09375672;4.682;9738626517.0;0.947;57.956
Benin;BEN;2010;0.21199502;4.4345374;3.1643019;0.54565585;0.093836434;5.0792;9535345016.0;1.04;58.363
Benin;BEN;2011;0.21203563;4.43529;3.1690829;0.545644;0.09417102;4.9588;10693321364.0;2.647;58.462
Benin;BEN;2012;0.2121105;4.4350095;3.1782382;0.54563284;0.09460626;4.7231;11141358116.0;2.415;58.716
Benin;BEN;2013;0.212198;4.437919;3.1895213;0.54562217;0.09512885;4.9691;12517845124.0;2.113;58.965
Benin;BEN;2014;0.21227847;4.4378557;3.200841;0.54561186;0.09592325;5.4582;13284527847.0;1.892;59.125
Benin;BEN;2015;0.21232744;4.4371924;3.2099452;0.5456036;0.09622692;5.8055;11388160997.0;1.855;59.377
Benin;BEN;2016;0.21236493;4.4374766;3.2227829;0.5455945;0.0974742;7.1006;11821065853.0;1.835;59.539
Benin;BEN;2017;0.21247283;4.4370155;3.2329965;0.54558605;0.09808585;7.24;12701655837.0;1.722;59.856
Benin;BEN;2018;0.21285133;4.4402885;3.2333288;0.54557824;0.09880143;8.2462;14262408090.0;1.473;60.14
Benin;BEN;2019;0.21354277;4.447893;3.2288494;0.5455701;0.099465676;8.0939;14390708751.0;1.402;60.454
Bermuda;BMU;1990;0.29904053;3.5839314;4.249514;0.97752154;0.31344527;0.2381;1592400000.0;;74.5
Bermuda;BMU;1991;0.2987958;3.5603776;4.244566;0.97755843;0.31386063;0.2171;1634900000.0;;74.886
Bermuda;BMU;1992;0.29863298;3.539742;4.2404385;0.97761256;0.3138429;0.1719;1679900000.0;;73.8
Bermuda;BMU;1993;0.29853988;3.5194938;4.23744;0.9776885;0.31433982;0.1929;1820359900.0;;74.487
Bermuda;BMU;1994;0.29850653;3.5008621;4.2358336;0.9777809;0.31500608;0.186;1867160100.0;;73.608
Bermuda;BMU;1995;0.29852423;3.4843924;4.235684;0.9778748;0.31540048;0.1878;2030750000.0;;76.137
Bermuda;BMU;1996;0.2986783;3.4690933;4.2370143;0.97797036;0.31650546;0.1918;2695390000.0;;78.225
Bermuda;BMU;1997;0.29900932;3.4540753;4.239189;0.9780621;0.31812686;0.1947;2932827000.0;;77.995
Bermuda;BMU;1998;0.2994341;3.4365296;4.241557;0.97814775;0.32045764;0.1994;3130748000.0;;79.949
Bermuda;BMU;1999;0.2998694;3.4242015;4.243573;0.9782297;0.32201022;0.1932;3324433000.0;;79.053
Bermuda;BMU;2000;0.3002326;3.410847;4.2446923;0.978312;0.3244344;0.1379;3480219000.0;;78.858
Bermuda;BMU;2001;0.30066368;3.3970041;4.2440867;0.97837985;0.327432;0.1392;3680483000.0;;79.871
Bermuda;BMU;2002;0.30127555;3.3802178;4.242059;0.9784228;0.33184406;0.1523;3937228000.0;;80.631
Bermuda;BMU;2003;0.30194005;3.3596137;4.2397666;0.9784591;0.33656418;0.1584;4186525000.0;;79.345
Bermuda;BMU;2004;0.30253208;3.3404248;4.238169;0.97849005;0.34118673;0.1622;4484703000.0;;81.12
Bermuda;BMU;2005;0.30292654;3.3189158;4.238181;0.9785153;0.34531936;0.1731;4868136000.0;;77.927
Bermuda;BMU;2006;0.30321312;3.2919662;4.242779;0.97853833;0.34983492;0.2108;6144000000.0;;77.585
Bermuda;BMU;2007;0.3035341;3.257081;4.252349;0.97854966;0.35510382;0.2571;6767000000.0;;79.361
Bermuda;BMU;2008;0.30383822;3.2193425;4.2640104;0.9785473;0.35974297;0.2584;6980000000.0;;78.623
Bermuda;BMU;2009;0.3040753;3.1907434;4.274867;0.9785272;0.3635923;0.2274;6656000000.0;;79.996
Bermuda;BMU;2010;0.30419472;3.1746078;4.2820277;0.97848517;0.3653641;0.2889;6634526000.0;;80.499
Bermuda;BMU;2011;0.30420008;3.170088;4.288908;0.978419;0.36507154;0.1455;6312691000.0;;81.403
Bermuda;BMU;2012;0.30415237;3.169281;4.299092;0.9783285;0.36509994;0.1746;6378188000.0;;81.272
Bermuda;BMU;2013;0.30408448;3.1699588;4.309913;0.9782205;0.3639308;0.2038;6465756000.0;;79.992
Bermuda;BMU;2014;0.30403072;3.1687036;4.3186936;0.9780983;0.36331257;0.2685;6413988000.0;;79.518
Bermuda;BMU;2015;0.30402562;3.1673129;4.3227673;0.9779642;0.36256772;0.2179;6654541000.0;;80.918
Bermuda;BMU;2016;0.3042998;3.1614358;4.322983;0.9778197;0.36377046;0.2915;6899911000.0;;80.608
Bermuda;BMU;2017;0.3046576;3.1568856;4.3228097;0.97766906;0.36555445;0.2609;7142316000.0;;82.351
Bermuda;BMU;2018;0.30495167;3.1627893;4.324735;0.97751796;0.36615855;0.3088;7225977000.0;;80.825
Bermuda;BMU;2019;0.30534044;3.177548;4.329229;0.9773684;0.3673627;0.3429;7423465000.0;;81.033
Bhutan;BTN;1990;0.28200102;4.262521;3.1836157;0.3924068;0.0947533;0.1807;287765007.1;;55.968
Bhutan;BTN;1991;0.28260317;4.2432876;3.1879616;0.3923173;0.09619234;0.1846;240294286.0;1.374;56.642
Bhutan;BTN;1992;0.2831683;4.224833;3.191236;0.39226544;0.0977391;0.1845;240233531.2;1.381;57.423
Bhutan;BTN;1993;0.28372473;4.2068357;3.1927137;0.39227846;0.098746486;0.1876;225973692.8;1.394;58.117
Bhutan;BTN;1994;0.2841911;4.189355;3.1931088;0.3923194;0.10022208;0.2326;258954708.0;1.391;58.635
Bhutan;BTN;1995;0.28452578;4.173202;3.1924965;0.39237857;0.10175061;0.3086;290490983.8;1.392;59.516
Bhutan;BTN;1996;0.28471056;4.161631;3.1916277;0.39244044;0.10278406;0.3384;303408345.6;1.392;60.212
Bhutan;BTN;1997;0.2848074;4.1502757;3.1909866;0.39250296;0.103812255;0.3902;352229076.7;1.395;60.852
Bhutan;BTN;1998;0.28485605;4.1399903;3.1907024;0.3925549;0.10496112;0.4297;363458380.9;1.4;61.549
Bhutan;BTN;1999;0.28491378;4.12871;3.1906512;0.39259508;0.10586291;0.4999;399311199.5;1.4;62.23
Bhutan;BTN;2000;0.2850454;4.1190867;3.190626;0.3926265;0.10687629;0.4226;460733418.4;1.652;62.01
Bhutan;BTN;2001;0.28536794;4.1049557;3.1912534;0.39264888;0.10848527;0.4538;496110225.7;1.9;63.444
Bhutan;BTN;2002;0.28587168;4.0873704;3.1928926;0.3926621;0.11016786;0.4901;559345263.7;1.851;64.078
Bhutan;BTN;2003;0.28641915;4.0695133;3.195055;0.3926649;0.11203634;0.5052;651935430.3;1.8;64.696
Bhutan;BTN;2004;0.28687483;4.050441;3.1972265;0.39265645;0.1140008;0.5126;735348490.4;2.49;65.268
Bhutan;BTN;2005;0.2871238;4.0357957;3.1986265;0.39264768;0.11617297;0.5563;860391000.2;3.1;65.805
Bhutan;BTN;2006;0.28718162;4.015909;3.1991994;0.39264864;0.11753482;0.5638;942879878.5;3.13;66.362
Bhutan;BTN;2007;0.28715962;3.9938788;3.1996078;0.39265683;0.11930709;0.5772;1255767964.0;3.7;66.954
Bhutan;BTN;2008;0.28709298;3.9686291;3.2000313;0.392672;0.121561505;0.6086;1317517835.0;3.833;67.499
Bhutan;BTN;2009;0.28700367;3.950277;3.2008076;0.39268628;0.123627655;0.8317;1331343798.0;3.96;67.897
Bhutan;BTN;2010;0.28692237;3.9408956;3.2021556;0.39269647;0.12552947;0.9237;1673464261.0;3.32;68.43
Bhutan;BTN;2011;0.28674245;3.9415631;3.2069268;0.39269832;0.12695935;1.1199;1938441289.0;3.23;68.881
Bhutan;BTN;2012;0.28639156;3.9486969;3.2162237;0.39267892;0.12892511;1.0726;1939730676.0;2.05;69.326
Bhutan;BTN;2013;0.28597993;3.9583006;3.2272537;0.3926421;0.1310854;1.1232;1913162477.0;2.87;69.707
Bhutan;BTN;2014;0.28562376;3.9665084;3.2371137;0.39259574;0.13292147;1.1503;2057330873.0;2.63;70.049
Bhutan;BTN;2015;0.28543404;3.9704382;3.242977;0.3925432;0.13500409;1.3363;2154921011.0;2.45;70.343
Bhutan;BTN;2016;0.2860397;3.965354;3.2415788;0.39248458;0.13746318;1.4564;2322730512.0;2.737;70.602
Bhutan;BTN;2017;0.28672275;3.961275;3.239961;0.39241844;0.13964275;1.588;2591358115.0;3.039;70.847
Bhutan;BTN;2018;0.28679907;3.9831972;3.2490985;0.39234978;0.14166836;1.829;2583335723.0;3.35;71.129
Bhutan;BTN;2019;0.28670922;4.024815;3.2678254;0.39228165;0.14370656;2.0024;2735683409.0;2.72;71.391
Bolivia;BOL;1990;0.2603292;3.6766834;5.65358;0.8883931;0.1916365;6.5729;4867582598.0;;56.422
Bolivia;BOL;1991;0.26063323;3.67631;5.642251;0.8884039;0.19232953;6.8889;5343262457.0;2.927;57.097
Bolivia;BOL;1992;0.2609247;3.6732953;5.632943;0.88840336;0.19346592;7.421;5643868749.0;3.028;57.629
Bolivia;BOL;1993;0.26118717;3.6693234;5.625501;0.88839334;0.19329646;8.8769;5734699489.0;3.049;58.418
Bolivia;BOL;1994;0.26139897;3.663086;5.620102;0.88837016;0.19403973;9.5812;5981222859.0;3.08;58.989
Bolivia;BOL;1995;0.26153868;3.6565928;5.6169233;0.888333;0.19458906;8.6585;6715161732.0;2.665;59.534
Bolivia;BOL;1996;0.2616941;3.6467085;5.6178894;0.88828576;0.19547637;8.3674;7396949126.0;2.375;60.084
Bolivia;BOL;1997;0.26192835;3.6308825;5.623021;0.888229;0.19682738;9.2241;7925736821.0;2.08;60.752
Bolivia;BOL;1998;0.2621858;3.6121368;5.6296024;0.88816756;0.19812287;8.7241;8497494652.0;2.122;61.332
Bolivia;BOL;1999;0.2624087;3.5949793;5.6349907;0.88810086;0.19921088;8.2887;8285064435.0;2.3;61.871
Bolivia;BOL;2000;0.26254123;3.5805418;5.63645;0.88802814;0.19991118;8.1038;8397855485.0;2.442;62.346
Bolivia;BOL;2001;0.26261985;3.5676677;5.6325893;0.8879503;0.20037231;7.8133;8141516928.0;2.626;62.843
Bolivia;BOL;2002;0.2627139;3.5543392;5.6253676;0.8878668;0.20104182;8.3467;7905485146.0;2.606;63.306
Bolivia;BOL;2003;0.2628191;3.5413496;5.617095;0.8877828;0.2012988;8.9081;8082399640.0;2.657;63.635
Bolivia;BOL;2004;0.26292843;3.5299754;5.610173;0.8877023;0.20207033;9.3865;8773451752.0;2.618;64.004
Bolivia;BOL;2005;0.26303548;3.5175493;5.6069174;0.88762677;0.20279272;9.8783;9549122905.0;2.6;64.386
Bolivia;BOL;2006;0.2632475;3.5028706;5.6099463;0.88755876;0.20399249;10.709;11451844902.0;2.576;64.779
Bolivia;BOL;2007;0.26361355;3.4859905;5.618596;0.887498;0.20605934;11.9249;13120108008.0;2.615;65.027
Bolivia;BOL;2008;0.26403958;3.4675107;5.63033;0.8874449;0.20870058;12.7492;16674276286.0;2.603;65.446
Bolivia;BOL;2009;0.26443076;3.4530635;5.6426992;0.8873993;0.21103743;13.5964;17339992194.0;2.973;65.88
Bolivia;BOL;2010;0.26469305;3.4430463;5.6531973;0.88735986;0.21361387;14.7076;19649723722.0;2.609;66.162
Bolivia;BOL;2011;0.26491368;3.4407985;5.667082;0.8873253;0.2158794;16.0021;23963164697.0;2.255;66.534
Bolivia;BOL;2012;0.2652076;3.4351537;5.68776;0.88729376;0.21836287;16.9694;27084497482.0;2.066;66.705
Bolivia;BOL;2013;0.26552236;3.4315934;5.709932;0.887264;0.22100943;18.024;30659338886.0;2.437;67.021
Bolivia;BOL;2014;0.26580554;3.4281054;5.728347;0.88723636;0.22369094;19.309;32996188017.0;2.021;67.163
Bolivia;BOL;2015;0.26600462;3.4259856;5.7377477;0.887211;0.2260501;19.8345;33000198249.0;3.111;67.318
Bolivia;BOL;2016;0.26610595;3.425216;5.7332025;0.88718724;0.22895251;21.2787;33941126194.0;3.498;67.628
Bolivia;BOL;2017;0.266171;3.4251728;5.7271137;0.8871646;0.23139873;21.648;37508642171.0;3.655;67.701
Bolivia;BOL;2018;0.26631412;3.4163597;5.7306776;0.8871435;0.23404156;21.851;40287647931.0;3.519;67.748
Bolivia;BOL;2019;0.2665534;3.3994322;5.7405457;0.88712376;0.23742174;21.8707;40895322851.0;3.682;67.841
Bosnia and Herzegovina;BIH;1990;0.27696356;3.2764046;3.5382397;0.5487722;0.09063498;24.5731;7753478261.0;;72.349
Bosnia and Herzegovina;BIH;1991;0.2762432;3.2690053;3.5420632;0.5487882;0.08783279;21.9919;6122959184.0;17.55;72.089
Bosnia and Herzegovina;BIH;1992;0.27577436;3.2627378;3.5489717;0.548972;0.085803516;16.2284;4735044707.0;18.481;51.785
Bosnia and Herzegovina;BIH;1993;0.27553207;3.2578332;3.556394;0.54918545;0.08487921;13.6202;3630668950.0;19.422;51.519
Bosnia and Herzegovina;BIH;1994;0.27545986;3.2541153;3.5638275;0.5494246;0.084609084;3.3001;1255802469.0;20.251;67.209
Bosnia and Herzegovina;BIH;1995;0.2754916;3.253745;3.5717223;0.5497279;0.0846893;3.5146;1866572954.0;21.063;70.284
Bosnia and Herzegovina;BIH;1996;0.27620372;3.2431839;3.5728512;0.549703;0.08627834;4.3993;2786045322.0;21.84;73.43
Bosnia and Herzegovina;BIH;1997;0.27780327;3.2260327;3.5676796;0.5493746;0.08936566;8.7232;3671909673.0;22.727;73.686
Bosnia and Herzegovina;BIH;1998;0.27973095;3.2080703;3.5635357;0.5490844;0.093801424;11.0509;4116774301.0;23.633;73.901
Bosnia and Herzegovina;BIH;1999;0.28146333;3.1894882;3.5624611;0.54894334;0.09851672;10.8922;4686256363.0;24.572;75.076
Bosnia and Herzegovina;BIH;2000;0.28250524;3.1717813;3.5625784;0.548888;0.10215539;14.2746;5567772769.0;25.473;74.496
Bosnia and Herzegovina;BIH;2001;0.28300986;3.146031;3.5616548;0.5488198;0.10492672;14.0888;5800615466.0;26.461;75.06
Bosnia and Herzegovina;BIH;2002;0.28346077;3.1100354;3.5588868;0.54868704;0.10730806;14.8206;6728220887.0;27.414;74.612
Bosnia and Herzegovina;BIH;2003;0.283852;3.0688863;3.5559418;0.5485468;0.10994467;15.1824;8498894359.0;28.415;75.782
Bosnia and Herzegovina;BIH;2004;0.28416702;3.0271466;3.5550015;0.5485055;0.11248996;16.0243;10156541538.0;29.288;76.133
Bosnia and Herzegovina;BIH;2005;0.28441438;2.9885561;3.555784;0.5485401;0.11473879;16.834;11222796337.0;30.213;75.42
Bosnia and Herzegovina;BIH;2006;0.2847035;2.9470263;3.5559485;0.54852843;0.11690388;18.6779;12864841906.0;31.11;76.247
Bosnia and Herzegovina;BIH;2007;0.28506815;2.8988833;3.5564504;0.54852134;0.118606076;19.7116;15778734264.0;28.984;76.161
Bosnia and Herzegovina;BIH;2008;0.2854324;2.8534157;3.5582962;0.54857594;0.120716326;21.638;19112796623.0;23.405;76.838
Bosnia and Herzegovina;BIH;2009;0.28574106;2.8153293;3.559819;0.5486406;0.12245999;21.6417;17613949091.0;24.068;76.976
Bosnia and Herzegovina;BIH;2010;0.28593698;2.787584;3.5603528;0.5486953;0.12401544;22.1813;17176315804.0;27.312;77.073
Bosnia and Herzegovina;BIH;2011;0.28605464;2.7690966;3.5582404;0.54873204;0.1252981;25.2298;18644233537.0;27.582;77.007
Bosnia and Herzegovina;BIH;2012;0.2861758;2.7505484;3.5531132;0.54875153;0.12673295;23.2916;17226735996.0;28.01;77.191
Bosnia and Herzegovina;BIH;2013;0.28630486;2.7362797;3.5469809;0.5487742;0.12795201;23.1979;18179108531.0;27.49;76.33
Bosnia and Herzegovina;BIH;2014;0.2864464;2.7253609;3.5413043;0.54880935;0.12942567;20.7913;18558733564.0;27.517;75.659
Bosnia and Herzegovina;BIH;2015;0.2866122;2.7211125;3.537238;0.54883975;0.13051607;20.8241;16404348871.0;27.695;76.182
Bosnia and Herzegovina;BIH;2016;0.2872929;2.7212148;3.53214;0.5488675;0.13214958;23.4889;17116926328.0;25.408;76.808
Bosnia and Herzegovina;BIH;2017;0.28788903;2.7237337;3.5282176;0.5488927;0.13389814;23.9665;18326373366.0;20.527;76.935
Bosnia and Herzegovina;BIH;2018;0.2875818;2.7369013;3.530499;0.54891616;0.13516963;24.0578;20484053869.0;18.4;77.093
Bosnia and Herzegovina;BIH;2019;0.2866613;2.7624497;3.5371947;0.5489406;0.13697994;22.5912;20482608755.0;15.692;77.241
Botswana;BWA;1990;0.21430285;4.1676965;3.5109174;0.54093087;0.1357375;2.8226;3790636324.0;;60.533
Botswana;BWA;1991;0.21510293;4.183326;3.5126417;0.5409275;0.13796933;2.7918;3942876703.0;13.82;59.473
Botswana;BWA;1992;0.21585728;4.1986;3.5141177;0.5409249;0.14030373;3.3972;4146464587.0;16.331;58.348
Botswana;BWA;1993;0.21653488;4.2160854;3.5152607;0.54092187;0.14264108;3.3506;4160129175.0;18.762;57.719
Botswana;BWA;1994;0.2171045;4.2342477;3.5160644;0.5409187;0.14426354;3.2124;4259259604.0;21.2;56.154
Botswana;BWA;1995;0.21753623;4.2502646;3.5164068;0.5409143;0.14572941;3.3415;4730599122.0;21.395;55.059
Botswana;BWA;1996;0.21789941;4.272226;3.5166447;0.54091126;0.14711319;3.012;4847757218.0;21.593;54.357
Botswana;BWA;1997;0.2182741;4.29757;3.516965;0.5409096;0.14835405;3.2156;5020265627.0;21.041;53.448
Botswana;BWA;1998;0.21863592;4.3237004;3.5173194;0.5409086;0.14945851;3.8272;4790481509.0;20.86;52.523
Botswana;BWA;1999;0.2189607;4.3443923;3.5177283;0.5409083;0.1505842;4.0329;5484263347.0;18.231;51.694
Botswana;BWA;2000;0.21922389;4.354868;3.5181582;0.5409078;0.15147452;4.0992;5788329609.0;15.88;51.011
Botswana;BWA;2001;0.21952051;4.359687;3.5192778;0.54090947;0.1526534;3.9553;5489608300.0;18.54;50.676
Botswana;BWA;2002;0.21991788;4.3618913;3.5210674;0.54091257;0.15368508;4.1749;5438863983.0;21.272;50.632
Botswana;BWA;2003;0.22034152;4.36496;3.5229495;0.5409164;0.15488395;4.135;7511582173.0;23.8;50.947
Botswana;BWA;2004;0.22071747;4.36658;3.524462;0.54092056;0.15588827;4.053;8957467707.0;21.754;51.617
Botswana;BWA;2005;0.22097105;4.3646855;3.525056;0.5409241;0.15702304;4.3903;9918907108.0;19.847;52.61
Botswana;BWA;2006;0.2211472;4.3551154;3.5252616;0.5409282;0.15800992;4.2121;9919158482.0;17.782;53.918
Botswana;BWA;2007;0.22133954;4.3358307;3.5256534;0.5409309;0.15935539;4.4352;10567270656.0;16.99;55.732
Botswana;BWA;2008;0.22153959;4.311713;3.5262182;0.5409321;0.16082853;4.5089;10730829116.0;16.315;57.121
Botswana;BWA;2009;0.22173734;4.2903466;3.527243;0.5409322;0.16182953;4.2549;10118459242.0;16.169;58.279
Botswana;BWA;2010;0.2219249;4.276952;3.5288725;0.5409315;0.16322936;3.4516;12637273429.0;17.86;60.013
Botswana;BWA;2011;0.22217235;4.268684;3.5343707;0.54093045;0.16448495;4.0725;15110643612.0;18.062;60.53
Botswana;BWA;2012;0.22251876;4.26005;3.54484;0.54092807;0.16716668;3.5071;13907464500.0;17.949;60.8
Botswana;BWA;2013;0.22291021;4.2542405;3.5573344;0.5409249;0.16899636;5.5101;14271738933.0;18.203;61.996
Botswana;BWA;2014;0.22329459;4.2485414;3.5689175;0.5409211;0.17059982;7.134;15470088501.0;18.518;62.608
Botswana;BWA;2015;0.22361848;4.2436314;3.5766718;0.540917;0.17265433;7.0818;13530748845.0;18.939;63.818
Botswana;BWA;2016;0.2242298;4.2425814;3.5842164;0.54091257;0.1747806;6.7479;15082637184.0;19.343;65.464
Botswana;BWA;2017;0.22480616;4.2424793;3.5878482;0.54090756;0.1759335;7.4397;16105155857.0;19.678;66.753
Botswana;BWA;2018;0.22503102;4.248441;3.5771;0.54090244;0.17716262;8.1978;17031943186.0;19.679;65.422
Botswana;BWA;2019;0.22516066;4.2572603;3.5533912;0.54089737;0.17784883;7.337;16725908149.0;20.094;65.464
Brazil;BRA;1990;0.27403748;4.007267;5.8948245;1.1125082;0.20202503;219.7507;385000000000.0;;65.985
Brazil;BRA;1991;0.27426252;3.9881012;5.937767;1.1125822;0.20182295;225.9905;343000000000.0;6.896;66.31
Brazil;BRA;1992;0.27442616;3.9777496;5.9860077;1.1126469;0.20179656;230.0882;328000000000.0;7.086;66.708
Brazil;BRA;1993;0.2745315;3.9737947;6.032992;1.1127009;0.20173447;240.4135;368000000000.0;6.03;67.109
Brazil;BRA;1994;0.2745822;3.9760747;6.072099;1.1127417;0.20192687;247.3896;525000000000.0;6.578;67.568
Brazil;BRA;1995;0.27458176;3.9818487;6.0966754;1.1127634;0.2020338;268.1245;769000000000.0;7.092;67.919
Brazil;BRA;1996;0.2744441;4.0324645;6.214051;1.1127659;0.20229526;288.8459;850000000000.0;8.035;68.409
Brazil;BRA;1997;0.2741536;4.142137;6.4866014;1.1127455;0.20304035;308.4491;883000000000.0;9.003;68.813
Brazil;BRA;1998;0.27381995;4.274299;6.840312;1.1127051;0.2039407;318.2112;864000000000.0;10.15;69.189
Brazil;BRA;1999;0.2735527;4.389146;7.2011905;1.1126485;0.20486076;327.4332;600000000000.0;11.125;69.524
Brazil;BRA;2000;0.27346173;4.448276;7.495299;1.1125786;0.20538844;344.4557;655000000000.0;10.892;69.737
Brazil;BRA;2001;0.2736245;4.468849;7.7605925;1.1125041;0.20594922;347.6463;560000000000.0;10.649;70.195
Brazil;BRA;2002;0.27397603;4.489239;8.052995;1.112434;0.20679027;348.1145;510000000000.0;10.641;70.41
Brazil;BRA;2003;0.2744134;4.50729;8.325585;1.1123735;0.2076286;343.7261;558000000000.0;11.169;70.72
Brazil;BRA;2004;0.2748338;4.519624;8.531428;1.1123247;0.20859815;362.5668;669000000000.0;10.072;71.131
Brazil;BRA;2005;0.2751347;4.522009;8.623396;1.1122869;0.20954143;365.166;892000000000.0;10.551;71.753
Brazil;BRA;2006;0.27541864;4.4674706;8.624634;1.1122575;0.21111779;370.2005;1110000000000.0;9.692;72.037
Brazil;BRA;2007;0.2758065;4.340723;8.599017;1.1122357;0.21300578;389.064;1400000000000.0;9.28;72.365
Brazil;BRA;2008;0.27622476;4.18443;8.560106;1.1122206;0.21547474;409.2582;1700000000000.0;8.268;72.715
Brazil;BRA;2009;0.2765995;4.0434394;8.521455;1.1122092;0.21788125;382.7997;1670000000000.0;9.419;72.948
Brazil;BRA;2010;0.27685687;3.9625242;8.496533;1.1121967;0.22006725;436.393;2210000000000.0;8.424;73.182
Brazil;BRA;2011;0.27709642;3.9285553;8.370385;1.1121776;0.22251388;458.3598;2620000000000.0;7.578;73.343
Brazil;BRA;2012;0.2774228;3.8990006;8.088891;1.1121545;0.22528383;495.2275;2470000000000.0;7.251;73.552
Brazil;BRA;2013;0.27777192;3.8741443;7.756805;1.112128;0.22806862;520.3719;2470000000000.0;7.071;73.918
Brazil;BRA;2014;0.27807996;3.853073;7.479013;1.1120973;0.23033057;545.1421;2460000000000.0;6.755;74.306
Brazil;BRA;2015;0.27828407;3.8358004;7.360401;1.1120592;0.23156287;515.5152;1800000000000.0;8.538;74.332
Brazil;BRA;2016;0.27844945;3.8155415;7.373152;1.1120119;0.23157497;480.8269;1800000000000.0;11.58;74.442
Brazil;BRA;2017;0.2785209;3.802968;7.390714;1.1119626;0.23137628;492.7353;2060000000000.0;12.792;74.827
Brazil;BRA;2018;0.27824938;3.8013446;7.399703;1.1119095;0.2317659;468.764;1920000000000.0;12.33;75.109
Brazil;BRA;2019;0.27764335;3.8015563;7.410114;1.1118531;0.23241082;468.014;1870000000000.0;11.936;75.338
Brunei;BRN;1990;0.30749577;1.6005447;2.8496103;0.5871932;0.4453122;3.3366;3520487627.0;;71.656
Brunei;BRN;1991;0.30764273;1.5859782;2.8526957;0.58732116;0.44113573;3.7015;3701774189.0;4.7;71.871
Brunei;BRN;1992;0.30765858;1.5740353;2.8566055;0.58747697;0.43753374;3.8969;4183632940.0;4.772;72.081
Brunei;BRN;1993;0.3075433;1.5646813;2.8610013;0.587686;0.43451774;4.0611;4105729021.0;4.87;72.312
Brunei;BRN;1994;0.30731526;1.557328;2.8651874;0.5879057;0.43200472;4.3569;4087220219.0;4.964;72.553
Brunei;BRN;1995;0.30699563;1.5539042;2.8689709;0.5881399;0.4302311;4.6918;4734103536.0;5.059;72.816
Brunei;BRN;1996;0.30646446;1.5541967;2.873097;0.58836657;0.42929035;4.9208;5115454090.0;5.142;73.1
Brunei;BRN;1997;0.3057228;1.5536264;2.8785844;0.58858716;0.4280195;5.4805;5197311972.0;5.254;73.364
Brunei;BRN;1998;0.30491966;1.5554967;2.8845687;0.5888325;0.42737988;4.6638;4051142386.0;5.368;73.619
Brunei;BRN;1999;0.30422905;1.5560336;2.8898609;0.58906424;0.42618576;4.5854;4600116699.0;5.46;73.863
Brunei;BRN;2000;0.3038271;1.557036;2.893401;0.5892499;0.4251812;4.8806;6001282104.0;5.532;74.08
Brunei;BRN;2001;0.30376345;1.5574908;2.8942938;0.5911761;0.42600858;4.8684;5601018684.0;5.609;74.276
Brunei;BRN;2002;0.3039186;1.5574636;2.893766;0.5955411;0.42598835;4.783;5843368268.0;5.695;74.426
Brunei;BRN;2003;0.30418158;1.5584142;2.8926103;0.60071355;0.4265627;5.6946;6557397070.0;5.785;74.561
Brunei;BRN;2004;0.30444464;1.5575037;2.8909948;0.60504717;0.42598942;5.2602;7872202803.0;5.886;74.65
Brunei;BRN;2005;0.30461568;1.5560493;2.889596;0.6068685;0.42699638;5.1659;9531420028.0;5.993;74.731
Brunei;BRN;2006;0.30475453;1.5507863;2.886634;0.60687184;0.4273381;7.6891;11470464771.0;6.076;74.783
Brunei;BRN;2007;0.3049388;1.5433038;2.8813503;0.60687226;0.4287992;7.29;12247677994.0;6.169;74.818
Brunei;BRN;2008;0.30513632;1.5332453;2.8754084;0.6068442;0.430631;8.034;14393434225.0;6.272;74.84
Brunei;BRN;2009;0.3052946;1.5253173;2.870184;0.60681033;0.43175203;7.9886;10732595016.0;6.397;74.846
Brunei;BRN;2010;0.3053756;1.5223331;2.8670766;0.6068024;0.4325419;7.3281;13707280260.0;6.476;74.849
Brunei;BRN;2011;0.30526656;1.5250505;2.8662112;0.6067693;0.43264446;7.5033;18525128526.0;6.537;74.858
Brunei;BRN;2012;0.3049323;1.5330414;2.8668325;0.60673875;0.43249032;7.4678;19048443341.0;6.615;74.827
Brunei;BRN;2013;0.30449766;1.542479;2.868245;0.6067022;0.43218336;7.3729;18094321617.0;6.734;74.799
Brunei;BRN;2014;0.30405506;1.5512433;2.8694115;0.60668325;0.43136933;7.2036;17097802753.0;6.862;74.779
Brunei;BRN;2015;0.30371568;1.5546203;2.8694475;0.606656;0.43122235;6.5086;12930291488.0;7.694;74.75
Brunei;BRN;2016;0.30310532;1.5529444;2.86304;0.6066371;0.4292552;7.0525;11400466356.0;8.521;74.733
Brunei;BRN;2017;0.30262566;1.5516237;2.8563678;0.6065785;0.4272792;7.4335;12128183904.0;9.316;74.722
Brunei;BRN;2018;0.3030307;1.5671818;2.8554647;0.6065052;0.42616233;7.7185;13566937674.0;8.7;74.712
Brunei;BRN;2019;0.3041013;1.6031243;2.856928;0.60645264;0.4247467;7.4079;13469235365.0;6.6;74.748
Bulgaria;BGR;1990;0.28386194;2.9944606;3.4293132;0.46688336;0.13563922;79.7513;20632090909.0;;71.64146341
Bulgaria;BGR;1991;0.28358367;2.995995;3.4320326;0.4668948;0.13435154;64.712;10943548387.0;11.1;71.56097561
Bulgaria;BGR;1992;0.28331092;2.9967184;3.433599;0.46690297;0.13291053;61.833;10350515464.0;15.3;71.49439024
Bulgaria;BGR;1993;0.2830583;2.9948087;3.434278;0.46690968;0.13204037;62.6921;10832064942.0;16.4;71.34682927
Bulgaria;BGR;1994;0.28284198;2.9937124;3.43424;0.46691343;0.13109846;59.7874;9697416974.0;12.8;71.20878049
Bulgaria;BGR;1995;0.28267828;2.9906268;3.433526;0.4669119;0.12970461;61.1611;18991484420.0;11.1;71.05341463
Bulgaria;BGR;1996;0.28249067;2.9830887;3.4236763;0.46690297;0.12841393;61.4345;12294964838.0;12.5;70.89731707
Bulgaria;BGR;1997;0.28223285;2.9683194;3.4020238;0.46689636;0.1267556;59.2217;11316127379.0;13.7;70.35121951
Bulgaria;BGR;1998;0.28197008;2.9516468;3.376572;0.46689466;0.1253051;56.7962;15031055047.0;12.2;71.06097561
Bulgaria;BGR;1999;0.28177023;2.9340703;3.355146;0.46689206;0.1242591;50.0133;13627325461.0;14.1;71.41219512
Bulgaria;BGR;2000;0.2816996;2.9159844;3.34567;0.4668879;0.12393356;48.0825;13245990274.0;16.218;71.66341463
Bulgaria;BGR;2001;0.2818322;2.897138;3.345093;0.46688396;0.12419747;50.2125;14183446026.0;19.921;71.76829268
Bulgaria;BGR;2002;0.282141;2.8742213;3.345119;0.46688396;0.12528187;47.3837;16403043850.0;18.11;71.86585366
Bulgaria;BGR;2003;0.28254217;2.8505425;3.3455644;0.4668839;0.12663952;53.2297;21144957990.0;13.733;72.06585366
Bulgaria;BGR;2004;0.28295183;2.8270998;3.3463643;0.4668826;0.1285364;51.2419;26157743369.0;12.037;72.56341463
Bulgaria;BGR;2005;0.28328663;2.8056154;3.3473392;0.46687672;0.13026929;52.3462;29868657858.0;10.083;72.56097561
Bulgaria;BGR;2006;0.2836449;2.78487;3.3586426;0.46686152;0.13197805;53.9416;34380536496.0;8.951;72.61219512
Bulgaria;BGR;2007;0.28412932;2.762282;3.383903;0.46683532;0.13434958;57.4994;44432811756.0;6.878;72.66341463
Bulgaria;BGR;2008;0.28466606;2.742044;3.4128084;0.46679148;0.13691838;54.4064;54480684188.0;5.61;72.96341463
Bulgaria;BGR;2009;0.2851799;2.7248197;3.4351761;0.46672866;0.13938528;46.4564;52023801230.0;6.817;73.41219512
Bulgaria;BGR;2010;0.2855934;2.7112913;3.4410152;0.46664944;0.14163193;49.4329;50760929303.0;10.279;73.51219512
Bulgaria;BGR;2011;0.28600302;2.7003644;3.4329734;0.4665672;0.14322583;54.7156;57737040780.0;11.26;74.16341463
Bulgaria;BGR;2012;0.28650185;2.6894946;3.422339;0.46650815;0.14473698;49.871;54288135059.0;12.27;74.31463415
Bulgaria;BGR;2013;0.28701606;2.6814547;3.4111712;0.4664714;0.14672525;44.4068;55852123990.0;12.941;74.86097561
Bulgaria;BGR;2014;0.2874742;2.676565;3.4013243;0.46645012;0.14818966;47.2492;57157782910.0;11.424;74.46585366
Bulgaria;BGR;2015;0.28780606;2.6727207;3.39465;0.4664348;0.1496691;49.7792;50811995689.0;9.143;74.61463415
Bulgaria;BGR;2016;0.28811494;2.6779902;3.3915794;0.4664225;0.15158065;47.0982;53964253212.0;7.575;74.81219512
Bulgaria;BGR;2017;0.28831697;2.6858947;3.3906965;0.4664138;0.15356614;49.2263;59309748166.0;6.164;74.81463415
Bulgaria;BGR;2018;0.28828052;2.6885443;3.3925362;0.46640617;0.15530984;46.2676;66370132238.0;5.212;74.96341463
Bulgaria;BGR;2019;0.28809503;2.6916606;3.3973696;0.46639755;0.15696159;44.5676;68881010246.0;4.23;75.11219512
Burkina Faso;BFA;1990;0.20252389;4.462986;3.0782204;0.5353679;0.076912396;0.3324;3101300779.0;;49.44
Burkina Faso;BFA;1991;0.20315346;4.4083796;3.072823;0.53536785;0.076875634;0.4743;3135045584.0;2.468;49.45
Burkina Faso;BFA;1992;0.20372787;4.3604054;3.0684369;0.53536576;0.07703896;0.4058;3356692505.0;2.505;49.437
Burkina Faso;BFA;1993;0.2042146;4.3190174;3.0650194;0.5353624;0.077348605;0.4242;3199536465.0;2.432;49.209
Burkina Faso;BFA;1994;0.20458235;4.2886753;3.0627623;0.5353583;0.07730113;0.4637;1895290637.0;2.58;49.307
Burkina Faso;BFA;1995;0.2048011;4.2727876;3.061822;0.5353533;0.07737478;0.4716;2379517975.0;2.532;49.446
Burkina Faso;BFA;1996;0.20491464;4.2649636;3.0625374;0.5353516;0.07748088;0.525;2586550595.0;2.448;49.614
Burkina Faso;BFA;1997;0.20499846;4.2602544;3.064971;0.53534895;0.07758777;0.8384;2447669102.0;2.414;49.4
Burkina Faso;BFA;1998;0.20506172;4.2564545;3.0680063;0.535347;0.078132674;0.7919;2804902367.0;2.44;49.991
Burkina Faso;BFA;1999;0.20511428;4.2542133;3.0707707;0.5353458;0.07835021;0.8106;3389566713.0;2.55;50.325
Burkina Faso;BFA;2000;0.20516649;4.25404;3.072371;0.53534526;0.07888624;0.8994;2968370088.0;2.681;50.847
Burkina Faso;BFA;2001;0.20528136;4.2663617;3.073091;0.5353465;0.07941844;1.0311;3190371081.0;2.742;51.071
Burkina Faso;BFA;2002;0.20547727;4.295843;3.0739884;0.5353467;0.08018441;1.0855;3622350063.0;2.855;51.272
Burkina Faso;BFA;2003;0.2056954;4.3316646;3.0747876;0.5353474;0.08075266;1.2028;4740768143.0;2.78;51.793
Burkina Faso;BFA;2004;0.20587644;4.3626833;3.0754168;0.5353484;0.08130828;1.077;5451688538.0;3.475;52.416
Burkina Faso;BFA;2005;0.2059602;4.37474;3.0757732;0.5353491;0.0821811;1.1437;6146353173.0;4.0;53.092
Burkina Faso;BFA;2006;0.205923;4.371737;3.0758739;0.5353513;0.082645185;1.1617;6547419820.0;3.67;53.742
Burkina Faso;BFA;2007;0.20581076;4.3647814;3.0760825;0.53535193;0.08324228;1.6476;7625722837.0;3.3;54.375
Burkina Faso;BFA;2008;0.20567334;4.353875;3.076502;0.5353523;0.08401907;1.9183;9451435490.0;3.497;55.342
Burkina Faso;BFA;2009;0.20556192;4.3447876;3.077399;0.53535235;0.08462571;1.8274;9450696873.0;3.715;55.959
Burkina Faso;BFA;2010;0.20552814;4.3411407;3.0790071;0.53535175;0.084921986;1.9781;10109619741.0;3.723;56.477
Burkina Faso;BFA;2011;0.2055925;4.363823;3.0832372;0.53535205;0.08571451;2.2067;12080295978.0;3.827;57.125
Burkina Faso;BFA;2012;0.205717;4.4109645;3.0906515;0.5353514;0.0868641;2.5882;12561015157.0;3.852;57.619
Burkina Faso;BFA;2013;0.2058708;4.4717183;3.0994895;0.53535044;0.08743098;3.0259;13444300486.0;4.055;57.823
Burkina Faso;BFA;2014;0.20602365;4.5212684;3.1080475;0.5353493;0.08816015;2.7696;13943016077.0;4.254;58.359
Burkina Faso;BFA;2015;0.20614569;4.5452776;3.1145816;0.535348;0.08918113;3.9258;11832159316.0;4.468;58.845
Burkina Faso;BFA;2016;0.20650078;4.5480185;3.1232522;0.5353459;0.09033969;3.8178;12833363045.0;4.594;59.326
Burkina Faso;BFA;2017;0.20692533;4.5434217;3.1298168;0.53534377;0.09138091;4.3275;14106955615.0;4.66;59.536
Burkina Faso;BFA;2018;0.20732139;4.490059;3.1268334;0.53534156;0.09209199;4.8665;15890066221.0;4.695;60.047
Burkina Faso;BFA;2019;0.20788535;4.378302;3.116734;0.5353396;0.092556745;5.2991;16032813502.0;4.701;60.039
Burundi;BDI;1990;0.20245127;5.5482225;3.5685074;0.5792368;0.07773015;0.2042;1132101253.0;;44.86
Burundi;BDI;1991;0.20232436;5.544274;3.5683239;0.5792554;0.07791619;0.2923;1167398478.0;3.168;44.227
Burundi;BDI;1992;0.20218162;5.5384927;3.568468;0.57927203;0.07781533;0.2301;1083037671.0;3.141;43.895
Burundi;BDI;1993;0.20208949;5.5234933;3.5643647;0.57926464;0.07704642;0.2551;938632612.0;3.112;37.105
Burundi;BDI;1994;0.20199424;5.5093436;3.5621624;0.5792669;0.07647343;0.265;925030590.2;3.133;44.08
Burundi;BDI;1995;0.20187753;5.4957;3.564599;0.5792903;0.0762999;0.2583;1000428394.0;3.088;44.059
Burundi;BDI;1996;0.2017054;5.474422;3.5674691;0.5793047;0.075606555;0.2791;869033856.3;3.095;44.373
Burundi;BDI;1997;0.20144008;5.434845;3.5697694;0.5793072;0.0748256;0.2787;972896267.9;3.147;45.387
Burundi;BDI;1998;0.20114227;5.3857613;3.5721872;0.5793101;0.07363737;0.2945;893770740.2;3.191;46.552
Burundi;BDI;1999;0.20088884;5.333731;3.5741363;0.57931757;0.07245678;0.3003;808077223.4;3.146;47.528
Burundi;BDI;2000;0.20076594;5.2862206;3.5740566;0.5793269;0.07155359;0.3017;870486065.9;3.145;47.514
Burundi;BDI;2001;0.20077221;5.236895;3.5715508;0.5793359;0.0709524;0.2384;876794723.1;3.164;48.431
Burundi;BDI;2002;0.20083305;5.17786;3.5670688;0.5793431;0.07055023;0.2233;825394519.4;3.18;49.891
Burundi;BDI;2003;0.20091891;5.115465;3.5617092;0.57934815;0.07002098;0.1845;784654423.6;3.137;50.857
Burundi;BDI;2004;0.20099626;5.0565243;3.5567613;0.57935405;0.0697589;0.2204;915257323.4;3.179;52.01
Burundi;BDI;2005;0.20103121;5.002875;3.5532057;0.579362;0.06936297;0.1848;1117113080.0;3.15;53.023
Burundi;BDI;2006;0.20091772;4.9499335;3.549862;0.57936925;0.06927907;0.2329;1273375078.0;3.185;53.869
Burundi;BDI;2007;0.20064463;4.8909264;3.5449739;0.5793727;0.06929167;0.3759;1356199387.0;2.4;54.727
Burundi;BDI;2008;0.20031445;4.8365183;3.5397472;0.5793723;0.06909897;0.2228;1611835857.0;1.634;55.71
Burundi;BDI;2009;0.20002449;4.790793;3.5367332;0.5793776;0.06914013;0.2205;1781455140.0;1.618;56.388
Burundi;BDI;2010;0.19988982;4.761302;3.5371072;0.57938945;0.069181584;0.3227;2032135192.0;1.612;57.081
Burundi;BDI;2011;0.19989875;4.7415915;3.5440228;0.579398;0.069363326;0.4136;2235820809.0;1.599;57.769
Burundi;BDI;2012;0.19994105;4.7259827;3.5582538;0.5794021;0.06974592;0.4004;2333341334.0;1.591;58.493
Burundi;BDI;2013;0.19999342;4.709749;3.5766568;0.5794072;0.07068003;0.4501;2451606632.0;1.584;59.235
Burundi;BDI;2014;0.20004044;4.7005296;3.5953188;0.57941514;0.07094682;0.4078;2705783330.0;1.572;59.868
Burundi;BDI;2015;0.20007841;4.6951613;3.6089268;0.5794212;0.071419746;0.434;3104003546.0;1.444;60.217
Burundi;BDI;2016;0.20024781;4.69608;3.6224823;0.57942027;0.0716356;0.472;2644487777.0;1.356;60.793
Burundi;BDI;2017;0.20041268;4.696396;3.6330798;0.5794142;0.07167876;0.5194;2723586963.0;1.258;61.553
Burundi;BDI;2018;0.20043227;4.69953;3.6369815;0.57940906;0.07155357;0.7048;2667182200.0;1.157;61.688
Burundi;BDI;2019;0.20041312;4.705153;3.6385643;0.5794055;0.071074806;0.7587;2576518880.0;1.053;62.351
Cambodia;KHM;1990;0.25721848;3.2458868;4.4273787;0.3188487;0.06097099;0.4229;1402541177.0;;55.434
Cambodia;KHM;1991;0.257687;3.248624;4.43335;0.31882608;0.060956083;0.4549;2054974089.0;0.761;55.793
Cambodia;KHM;1992;0.2581235;3.2509215;4.438597;0.31880188;0.061035898;0.4598;2491486594.0;0.746;56.021
Cambodia;KHM;1993;0.2585036;3.2495809;4.443019;0.3187769;0.060923122;0.451;2533727592.0;0.734;56.08
Cambodia;KHM;1994;0.25880757;3.249245;4.4462905;0.3187523;0.06092685;0.4741;2791435272.0;0.99;56.035
Cambodia;KHM;1995;0.25901923;3.2481081;4.447647;0.3187266;0.061028954;1.5009;3441205693.0;0.974;56.308
Cambodia;KHM;1996;0.25914422;3.2426794;4.448514;0.3187001;0.061019752;1.6662;3506695720.0;0.963;56.346
Cambodia;KHM;1997;0.25922862;3.2332764;4.4499125;0.31867123;0.060991284;1.779;3443413389.0;0.638;56.743
Cambodia;KHM;1998;0.25930926;3.2200644;4.451124;0.3186397;0.06114359;1.9937;3120425503.0;0.712;57.028
Cambodia;KHM;1999;0.25942338;3.2046967;4.4515805;0.31860587;0.06132475;1.9421;3517242477.0;0.727;57.69
Cambodia;KHM;2000;0.25960556;3.1890485;4.450752;0.31857264;0.061467435;2.0009;3654031716.0;0.746;58.625
Cambodia;KHM;2001;0.26005557;3.1725385;4.448669;0.31853944;0.061890267;2.1872;3984000517.0;0.775;59.966
Cambodia;KHM;2002;0.26082954;3.1519523;4.445992;0.31850561;0.06256521;2.2475;4284028483.0;0.853;61.226
Cambodia;KHM;2003;0.26174468;3.13039;4.4434304;0.3184733;0.06374645;2.4176;4658246918.0;0.909;62.523
Cambodia;KHM;2004;0.26261827;3.1072328;4.441776;0.31843832;0.064917386;2.4191;5337833248.0;1.005;63.552
Cambodia;KHM;2005;0.2632661;3.085688;4.441687;0.3184039;0.066129826;2.7008;6293046162.0;1.067;64.293
Cambodia;KHM;2006;0.26374397;3.0658143;4.4478507;0.31836626;0.06707612;3.0073;7274595707.0;1.154;65.059
Cambodia;KHM;2007;0.2642355;3.0443308;4.461773;0.31832823;0.06867443;3.6965;8639235913.0;1.257;65.731
Cambodia;KHM;2008;0.26474884;3.0221453;4.4794455;0.31829247;0.07009853;4.0967;10351914177.0;0.825;66.47
Cambodia;KHM;2009;0.26529345;3.0051322;4.4968405;0.31825417;0.0713225;4.8736;10401851768.0;0.579;67.444
Cambodia;KHM;2010;0.26587668;2.9939137;4.509909;0.31821713;0.07247338;5.1579;11242275288.0;0.771;67.712
Cambodia;KHM;2011;0.26680377;2.9866965;4.521468;0.31817764;0.073688425;5.3633;12829541141.0;0.577;68.416
Cambodia;KHM;2012;0.26816463;2.9800644;4.5353184;0.31814003;0.0747841;5.6303;14054443213.0;0.496;68.915
Cambodia;KHM;2013;0.26964334;2.97391;4.5490227;0.31810558;0.076260164;5.6916;15227991395.0;0.438;69.304
Cambodia;KHM;2014;0.2709234;2.9690957;4.5601954;0.31807196;0.07739578;7.0289;16702610842.0;0.692;69.736
Cambodia;KHM;2015;0.27168417;2.9656339;4.566454;0.31804135;0.078898154;8.5142;18049954289.0;0.393;69.873
Cambodia;KHM;2016;0.27157518;2.9648023;4.5671954;0.31801122;0.07996954;10.5914;20016747858.0;0.716;70.224
Cambodia;KHM;2017;0.27135962;2.9644604;4.5659227;0.31798357;0.08171951;11.8491;22177200588.0;0.141;70.515
Cambodia;KHM;2018;0.27204287;2.9594884;4.569771;0.31796005;0.08276531;12.3362;24571753583.0;0.13;70.561
Cambodia;KHM;2019;0.27349776;2.9500995;4.579762;0.3179395;0.08394735;16.0476;27089390033.0;0.12;70.692
Cameroon;CMR;1990;0.21368168;4.4880104;3.1782563;0.53447235;0.11381999;4.7713;12314482628.0;;54.868
Cameroon;CMR;1991;0.21354355;4.493292;3.1770787;0.53447425;0.11175126;4.5466;11840192296.0;8.933;54.658
Cameroon;CMR;1992;0.21338093;4.4985957;3.1762443;0.53447604;0.10984698;4.3729;12071775335.0;9.012;54.481
Cameroon;CMR;1993;0.2132104;4.5055413;3.175572;0.5344757;0.10835289;4.7736;16181814713.0;9.118;54.062
Cameroon;CMR;1994;0.21305284;4.5138636;3.1751812;0.5344751;0.10712598;5.1615;8902446252.0;8.854;53.528
Cameroon;CMR;1995;0.21292765;4.521515;3.175096;0.5344743;0.10578358;5.1686;10864772471.0;8.585;53.222
Cameroon;CMR;1996;0.2127128;4.53307;3.175548;0.53447425;0.10479954;5.2996;11093538846.0;8.06;52.82
Cameroon;CMR;1997;0.21234842;4.550174;3.1766543;0.5344745;0.104135066;5.3361;10789458433.0;7.86;52.737
Cameroon;CMR;1998;0.21194494;4.57134;3.177831;0.53447473;0.102751605;5.5546;11298144990.0;7.696;52.582
Cameroon;CMR;1999;0.21161701;4.5883064;3.1788607;0.53447515;0.10217925;5.3481;11565826459.0;7.596;52.695
Cameroon;CMR;2000;0.2114777;4.598987;3.1794012;0.5344757;0.101992704;5.7404;10566579295.0;7.534;52.932
Cameroon;CMR;2001;0.21155974;4.60452;3.1801167;0.5344759;0.102391556;5.7128;10953485345.0;7.46;53.142
Cameroon;CMR;2002;0.21176887;4.610356;3.1816747;0.5344762;0.10296138;5.6309;12417251342.0;6.711;53.415
Cameroon;CMR;2003;0.21202484;4.6142535;3.1833048;0.53447646;0.10372773;5.7466;15970315030.0;5.909;53.883
Cameroon;CMR;2004;0.2122499;4.619403;3.1846266;0.5344767;0.10408546;5.6469;18826214125.0;5.088;54.178
Cameroon;CMR;2005;0.21236464;4.6199436;3.185105;0.53447634;0.10468794;5.4803;19509852220.0;4.4;54.362
Cameroon;CMR;2006;0.21233915;4.621963;3.1847813;0.53447527;0.1048038;5.5244;20910512979.0;3.73;54.856
Cameroon;CMR;2007;0.21223044;4.6237364;3.1843863;0.53447354;0.104823016;6.5204;23928250409.0;3.063;55.165
Cameroon;CMR;2008;0.21208769;4.6258183;3.183966;0.53447115;0.10505517;6.8528;27715142006.0;3.385;55.655
Cameroon;CMR;2009;0.21196279;4.6268516;3.18396;0.53446895;0.10490822;7.4722;27932970297.0;3.742;56.102
Cameroon;CMR;2010;0.2119071;4.6251526;3.1846445;0.53446627;0.10541422;7.6105;27507501809.0;4.11;56.582
Cameroon;CMR;2011;0.21191093;4.6212707;3.1870515;0.5344631;0.10564394;7.2044;30630910513.0;3.989;57.133
Cameroon;CMR;2012;0.21192804;4.617579;3.1913352;0.5344593;0.10616123;7.2937;30155062302.0;3.837;57.792
Cameroon;CMR;2013;0.21195412;4.6105685;3.1962297;0.5344554;0.10667735;8.0635;33728621190.0;3.687;58.476
Cameroon;CMR;2014;0.21198775;4.604289;3.2007647;0.5344518;0.10791998;8.7522;36386544715.0;3.534;58.935
Cameroon;CMR;2015;0.21202645;4.6013966;3.203826;0.5344484;0.10874959;9.0665;32210233021.0;3.52;59.658
Cameroon;CMR;2016;0.21221761;4.5969257;3.2095976;0.534445;0.10938865;9.5853;33814337041.0;3.534;60.233
Cameroon;CMR;2017;0.21246348;4.594584;3.2144318;0.5344416;0.11081621;9.7517;36098547059.0;3.581;60.81
Cameroon;CMR;2018;0.21273689;4.5964036;3.2105591;0.5344389;0.11125524;10.4153;39955552190.0;3.619;61.18
Cameroon;CMR;2019;0.21315666;4.6046395;3.1999922;0.5344366;0.112020984;10.1976;39667757528.0;3.646;61.584
Canada;CAN;1990;0.28859663;3.2961848;4.43521;0.77616394;0.40690413;440.4125;596000000000.0;;77.43658537
Canada;CAN;1991;0.28857455;3.3140678;4.4366374;0.77616173;0.4054281;434.4693;613000000000.0;10.316;77.59341463
Canada;CAN;1992;0.28855094;3.331602;4.4363413;0.77616453;0.4047341;447.18;594000000000.0;11.197;77.83804878
Canada;CAN;1993;0.28852758;3.3510926;4.434514;0.77617514;0.40461594;446.5551;579000000000.0;11.377;77.70487805
Canada;CAN;1994;0.28850457;3.368164;4.431448;0.7761927;0.40458524;463.7967;580000000000.0;10.395;77.87170732
Canada;CAN;1995;0.28848547;3.382865;4.427275;0.77621025;0.40443742;475.8544;606000000000.0;9.489;77.97731707
Canada;CAN;1996;0.28847346;3.402566;4.315892;0.7762281;0.4048701;489.7701;631000000000.0;9.62;78.2202439
Canada;CAN;1997;0.28846914;3.430521;4.0566773;0.7762438;0.4056903;505.5504;655000000000.0;9.101;78.41243902
Canada;CAN;1998;0.28846955;3.4583545;3.7482839;0.776256;0.4063845;513.6076;634000000000.0;8.279;78.62365854
Canada;CAN;1999;0.28846854;3.4805262;3.4895754;0.776275;0.4077332;523.2031;678000000000.0;7.583;78.83902439
Canada;CAN;2000;0.28846446;3.4845788;3.379351;0.776287;0.40892968;542.8688;745000000000.0;6.829;79.16682927
Canada;CAN;2001;0.28845954;3.4643402;3.377236;0.779328;0.4102713;534.1879;739000000000.0;7.219;79.39804878
Canada;CAN;2002;0.28845757;3.42046;3.3768122;0.7865573;0.41235426;553.8815;761000000000.0;7.665;79.53073171
Canada;CAN;2003;0.28845733;3.3662462;3.3779469;0.795185;0.41470206;573.4875;896000000000.0;7.574;79.71512195
Canada;CAN;2004;0.28845638;3.3136568;3.3805294;0.8024229;0.4170584;566.2641;1030000000000.0;7.185;79.99219512
Canada;CAN;2005;0.2884536;3.27284;3.3843997;0.8054561;0.4183304;576.4732;1170000000000.0;6.758;80.11268293
Canada;CAN;2006;0.2884438;3.2435834;3.4766712;0.80545866;0.4195083;569.2062;1320000000000.0;6.484;80.54365854
Canada;CAN;2007;0.28842783;3.2122707;3.6915221;0.80546325;0.42062035;601.4568;1470000000000.0;6.156;80.54365854
Canada;CAN;2008;0.28841272;3.1835043;3.9494762;0.8054611;0.42179036;580.5967;1550000000000.0;6.284;80.72463415
Canada;CAN;2009;0.28840503;3.1624403;4.171015;0.80545366;0.42244875;547.2832;1370000000000.0;8.46;81.06609756
Canada;CAN;2010;0.28840762;3.152781;4.276715;0.8054412;0.42279753;563.41;1620000000000.0;8.178;81.32219512
Canada;CAN;2011;0.2884196;3.1614926;4.296102;0.8054201;0.4237151;575.9768;1790000000000.0;7.637;81.48268293
Canada;CAN;2012;0.28843358;3.186795;4.311892;0.80541104;0.4240799;573.5173;1830000000000.0;7.392;81.66365854
Canada;CAN;2013;0.28844956;3.2156205;4.3244333;0.805393;0.42440853;582.6315;1850000000000.0;7.143;81.74487805
Canada;CAN;2014;0.2884684;3.243163;4.3339853;0.8053676;0.42516187;588.8153;1810000000000.0;7.023;81.78439024
Canada;CAN;2015;0.28848678;3.2546144;4.3409214;0.8053428;0.42588902;585.6989;1560000000000.0;6.945;81.81560976
Canada;CAN;2016;0.28850484;3.251694;4.3487153;0.8053236;0.42759335;584.0312;1530000000000.0;7.038;81.92487805
Canada;CAN;2017;0.28852788;3.251631;4.3520355;0.80529726;0.42864105;595.0612;1650000000000.0;6.426;81.83292683
Canada;CAN;2018;0.28857;3.2626557;4.3420477;0.80527705;0.42866212;606.8575;1730000000000.0;5.837;81.84390244
Canada;CAN;2019;0.28864193;3.2904658;4.3206058;0.8052512;0.4285759;593.9794;1740000000000.0;5.69;82.22390244
Cape Verde;CPV;1990;0.22154857;4.5997405;3.0769212;0.5800404;0.10168548;0.0548;306890962.6;;65.023
Cape Verde;CPV;1991;0.22210541;4.6236553;3.0737813;0.5799521;0.10213513;0.0696;319827058.6;13.539;65.176
Cape Verde;CPV;1992;0.22261895;4.650178;3.071157;0.5798759;0.10264159;0.0691;357160985.3;13.459;65.318
Cape Verde;CPV;1993;0.22306156;4.6773934;3.0690722;0.5798086;0.10326601;0.0672;490417389.7;13.327;65.312
Cape Verde;CPV;1994;0.22340576;4.708603;3.0675385;0.5797471;0.104009815;0.079;406580652.3;13.021;65.25
Cape Verde;CPV;1995;0.2236239;4.736615;3.0665462;0.5796885;0.104696944;0.0782;487148993.5;12.977;64.093
Cape Verde;CPV;1996;0.22377545;4.769723;3.0662148;0.57962793;0.10605604;0.094;501979269.8;12.945;65.763
Cape Verde;CPV;1997;0.22393276;4.811897;3.066535;0.57957065;0.10735798;0.094;490608657.9;13.102;66.378
Cape Verde;CPV;1998;0.2240939;4.857538;3.0670953;0.57951355;0.108707674;0.0958;521910560.5;13.146;66.993
Cape Verde;CPV;1999;0.22425741;4.8999276;3.0674589;0.5794534;0.10992837;0.0977;592416703.1;13.161;67.569
Cape Verde;CPV;2000;0.2244226;4.929513;3.0672772;0.5793878;0.11118239;0.2896;539227277.6;13.116;68.618
Cape Verde;CPV;2001;0.22472994;4.957605;3.0663197;0.57930857;0.11282417;0.3287;563090490.4;13.313;69.929
Cape Verde;CPV;2002;0.22523099;4.986199;3.0650136;0.57922626;0.11474864;0.3625;620507387.5;13.434;70.705
Cape Verde;CPV;2003;0.22579822;5.0128;3.0636294;0.5791427;0.11613541;0.3625;813260468.9;13.635;71.429
Cape Verde;CPV;2004;0.22630122;5.0302286;3.0623715;0.57905895;0.117930576;0.3931;924940011.8;13.493;71.999
Cape Verde;CPV;2005;0.22660662;5.039566;3.06139;0.5789758;0.11961606;0.6112;972241676.9;13.471;72.68
Cape Verde;CPV;2006;0.2267443;5.033837;3.0596023;0.57888454;0.12145222;0.6689;1107571458.0;13.408;72.239
Cape Verde;CPV;2007;0.22684167;5.0177536;3.056706;0.5787933;0.12367942;0.7561;1649621739.0;13.325;72.835
Cape Verde;CPV;2008;0.22691678;4.9959145;3.0536768;0.5787053;0.12553632;0.7339;1959620648.0;13.331;72.508
Cape Verde;CPV;2009;0.22698875;4.9740386;3.05141;0.5786212;0.12723826;0.7021;1852334575.0;13.517;73.088
Cape Verde;CPV;2010;0.22707711;4.957234;3.0508032;0.5785416;0.12876672;0.7573;1824751468.0;10.67;73.499
Cape Verde;CPV;2011;0.2272674;4.945288;3.0540607;0.5784626;0.12988545;0.8676;2046817987.0;10.947;74.257
Cape Verde;CPV;2012;0.22757614;4.9301267;3.0614126;0.5783889;0.13135394;0.7506;1913081210.0;11.137;74.484
Cape Verde;CPV;2013;0.22792344;4.919548;3.0705419;0.57832044;0.13250765;0.7282;2028910915.0;11.386;75.059
Cape Verde;CPV;2014;0.22823082;4.907554;3.0790565;0.5782565;0.13395491;0.7794;2041930125.0;11.67;75.24
Cape Verde;CPV;2015;0.22842045;4.8981385;3.0845563;0.57819664;0.13447116;0.789;1749857620.0;11.905;74.62
Cape Verde;CPV;2016;0.22854663;4.887894;3.0896816;0.5781383;0.13507031;0.8019;1849789986.0;12.075;75.742
Cape Verde;CPV;2017;0.2287055;4.87898;3.0931003;0.5780848;0.1359024;0.8387;1996741540.0;12.24;76.593
Cape Verde;CPV;2018;0.22902498;4.8655877;3.0911412;0.57804316;0.13636278;0.8528;2205099507.0;12.17;75.733
Cape Verde;CPV;2019;0.22955641;4.8429317;3.0854897;0.5780113;0.13719739;0.8818;2252177124.0;12.118;76.004
Central African Republic;CAF;1990;0.19709341;6.0071726;4.1962395;0.5299219;0.08102677;0.1621;1440711459.0;;49.635
Central African Republic;CAF;1991;0.19699778;6.0116787;4.1973577;0.52992046;0.08045953;0.2163;1377374987.0;5.561;49.252
Central African Republic;CAF;1992;0.19687873;6.0170636;4.1984825;0.52991897;0.079922035;0.1747;1411917553.0;5.672;48.793
Central African Republic;CAF;1993;0.19674943;6.020559;4.1996713;0.5299185;0.07942683;0.1895;1278781262.0;5.735;48.353
Central African Republic;CAF;1994;0.19662566;6.0234804;4.2008967;0.5299197;0.07928623;0.1994;851174356.8;5.757;47.853
Central African Republic;CAF;1995;0.1965247;6.0255723;4.2017627;0.5299209;0.07873027;0.2028;1115389674.0;5.709;47.35
Central African Republic;CAF;1996;0.19635224;6.0284495;4.202719;0.5299211;0.07837919;0.2218;1007791127.0;5.676;46.831
Central African Republic;CAF;1997;0.19605798;6.0333333;4.2039256;0.5299216;0.07798734;0.2217;937741513.0;5.633;46.319
Central African Republic;CAF;1998;0.1957268;6.0373282;4.205199;0.52992237;0.07769178;0.2261;967338389.7;5.602;46.025
Central African Republic;CAF;1999;0.19544305;6.0398064;4.2066827;0.52992463;0.07704092;0.2303;999477510.7;5.593;45.75
Central African Republic;CAF;2000;0.19529252;6.041354;4.2080956;0.529928;0.07686434;0.2647;916777282.7;5.546;45.406
Central African Republic;CAF;2001;0.19526039;6.036337;4.211106;0.52993107;0.07666351;0.2763;932648604.8;5.589;45.393
Central African Republic;CAF;2002;0.19525783;6.0262995;4.2166634;0.52993435;0.07628129;0.2801;996068144.9;5.625;45.409
Central African Republic;CAF;2003;0.19526535;6.0144367;4.223099;0.52993757;0.07623667;0.2638;1142315523.0;5.631;45.76
Central African Republic;CAF;2004;0.19526385;6.000608;4.228832;0.52994055;0.07618329;0.2586;1272360517.0;5.56;46.038
Central African Republic;CAF;2005;0.19523029;5.991126;4.2322607;0.5299437;0.07588284;0.2542;1337894379.0;5.53;46.433
Central African Republic;CAF;2006;0.19508512;5.9791217;4.2334204;0.52994674;0.07569113;0.2711;1461859762.0;5.46;46.851
Central African Republic;CAF;2007;0.19481403;5.9612074;4.23397;0.52994865;0.07565627;0.2707;1699811295.0;5.419;47.426
Central African Republic;CAF;2008;0.19449215;5.9430604;4.234779;0.529949;0.07583336;0.2027;1993407888.0;5.372;48.016
Central African Republic;CAF;2009;0.19419418;5.924751;4.2369337;0.52994764;0.0757731;0.194;2067381665.0;5.463;48.648
Central African Republic;CAF;2010;0.19399287;5.9180284;4.2414246;0.5299453;0.07564132;0.2012;2142591540.0;5.585;49.255
Central African Republic;CAF;2011;0.19379808;5.918759;4.255421;0.529944;0.07536266;0.2159;2437982705.0;5.551;49.948
Central African Republic;CAF;2012;0.19351105;5.9215565;4.2819467;0.5299466;0.074880645;0.2212;2510126512.0;5.52;50.686
Central African Republic;CAF;2013;0.19319828;5.927851;4.3150845;0.5299517;0.07455965;0.1479;1691544110.0;5.56;50.902
Central African Republic;CAF;2014;0.19293754;5.9315515;4.3475876;0.52995324;0.073977076;0.1621;1894813389.0;5.685;50.566
Central African Republic;CAF;2015;0.1927969;5.933393;4.37294;0.5299499;0.07376093;0.2321;1695825714.0;5.871;52.793
Central African Republic;CAF;2016;0.19291723;5.9259095;4.4008346;0.52994525;0.072932385;0.2423;1825018145.0;5.904;53.46
Central African Republic;CAF;2017;0.1929919;5.915318;4.4210496;0.5299407;0.072328925;0.2497;2072349973.0;5.969;53.721
Central African Republic;CAF;2018;0.19246891;5.9180474;4.4199443;0.529935;0.07213631;0.2618;2220979146.0;5.896;54.369
Central African Republic;CAF;2019;0.1913885;5.9238467;4.405564;0.5299282;0.07151896;0.2767;2221301351.0;5.978;55.025
Chad;TCD;1990;0.20561473;5.0338855;3.2110853;0.5377869;0.08147215;0.2387;1738605558.0;;44.686
Chad;TCD;1991;0.20609644;5.032668;3.20912;0.53778744;0.08172665;0.2945;1877137982.0;0.669;45.941
Chad;TCD;1992;0.20649302;5.0347557;3.2078848;0.5377877;0.0822198;0.2536;1881847670.0;0.66;46.102
Chad;TCD;1993;0.20679633;5.0374026;3.2072718;0.53778744;0.08234393;0.1306;1463251164.0;0.7;46.318
Chad;TCD;1994;0.20699798;5.040274;3.2071054;0.53778654;0.082542546;0.1466;1179837963.0;0.711;46.449
Chad;TCD;1995;0.20709315;5.0463758;3.2074153;0.5377857;0.0824415;0.1498;1445919895.0;0.751;46.711
Chad;TCD;1996;0.20702717;5.077491;3.2093766;0.53778464;0.08224342;0.1569;1607345356.0;0.701;47.013
Chad;TCD;1997;0.2068208;5.1431313;3.2133956;0.53778344;0.081809476;0.1629;1544689577.0;0.732;47.217
Chad;TCD;1998;0.20656756;5.219722;3.2181273;0.53778225;0.0811675;0.1656;1744794531.0;0.727;47.224
Chad;TCD;1999;0.20635886;5.285575;3.222225;0.53778017;0.080440976;0.1681;1534673583.0;0.752;47.372
Chad;TCD;2000;0.20629442;5.31945;3.2243922;0.5377782;0.08051218;0.2476;1388506772.0;0.792;47.443
Chad;TCD;2001;0.20644522;5.333206;3.2253556;0.5377761;0.08068806;0.2456;1710843377.0;0.789;47.85
Chad;TCD;2002;0.20676292;5.3429275;3.2265556;0.5377739;0.081379496;0.2642;1997005709.0;0.768;47.946
Chad;TCD;2003;0.2071523;5.350405;3.2279274;0.5377718;0.082390934;0.3931;2742815072.0;0.728;48.206
Chad;TCD;2004;0.207515;5.3571315;3.2294443;0.5377692;0.08373678;0.4397;4422855661.0;0.679;48.232
Chad;TCD;2005;0.2077597;5.357318;3.230885;0.53776616;0.0851751;0.464;6649307524.0;0.67;48.312
Chad;TCD;2006;0.20795295;5.354957;3.2340634;0.5377636;0.08621973;0.4841;7428701454.0;0.716;48.286
Chad;TCD;2007;0.20820366;5.350306;3.2400143;0.5377614;0.08722634;0.5556;8650137743.0;0.829;48.751
Chad;TCD;2008;0.20847236;5.344671;3.2477684;0.53775924;0.08840244;0.4743;10393833765.0;0.904;49.024
Chad;TCD;2009;0.20871775;5.338175;3.2564678;0.5377575;0.089881234;0.482;9290728319.0;0.903;49.196
Chad;TCD;2010;0.20890415;5.3307424;3.2650306;0.53775537;0.09096702;0.509;10668103554.0;0.873;49.584
Chad;TCD;2011;0.20910236;5.310459;3.2767909;0.5377539;0.09241715;0.669;12172308851.0;0.899;50.009
Chad;TCD;2012;0.2093736;5.2660036;3.2935884;0.53775275;0.09349807;1.1972;12367362757.0;0.893;50.54
Chad;TCD;2013;0.20966181;5.214494;3.3124933;0.53775185;0.094820574;1.299;12953534866.0;0.942;50.781
Chad;TCD;2014;0.20990975;5.169997;3.3305585;0.53775173;0.095854655;1.396;13940767219.0;0.926;51.202
Chad;TCD;2015;0.21006289;5.1447864;3.3449247;0.53775096;0.097140834;1.5922;10950392257.0;0.968;51.589
Chad;TCD;2016;0.21013202;5.1350555;3.361517;0.53775036;0.097895145;1.6224;10097778098.0;1.044;52.083
Chad;TCD;2017;0.21018194;5.1269383;3.373495;0.53774995;0.09852846;2.097;10000394381.0;1.116;52.308
Chad;TCD;2018;0.21032594;5.1271005;3.3743734;0.5377498;0.09864158;2.2064;11239167898.0;1.135;52.825
Chad;TCD;2019;0.21059208;5.1334114;3.3696513;0.53775066;0.09834646;2.2603;11314951092.0;1.081;53.259
Chile;CHL;1990;0.3113831;4.3641267;5.3871694;0.942631;0.2673892;33.0211;33137824762.0;;72.574
Chile;CHL;1991;0.31192073;4.35338;5.3880296;0.9425961;0.27085617;31.4684;37846188228.0;5.23;73.574
Chile;CHL;1992;0.31242582;4.3380756;5.387562;0.9425342;0.27483046;32.6644;45949608552.0;4.35;74.135
Chile;CHL;1993;0.3128685;4.3224273;5.3860345;0.9424645;0.27859315;34.5737;49287378599.0;4.49;74.195
Chile;CHL;1994;0.31322098;4.3057523;5.3836694;0.94238687;0.28187537;37.7225;56998601184.0;5.87;74.614
Chile;CHL;1995;0.31345534;4.28462;5.3805842;0.94230187;0.28521225;41.3417;73444831671.0;4.7;74.609
Chile;CHL;1996;0.3136344;4.25476;5.376901;0.94221455;0.28839716;47.5188;78584098983.0;7.414;74.899
Chile;CHL;1997;0.31382728;4.2152777;5.372867;0.94212735;0.29184198;54.0929;85741415285.0;7.136;75.596
Chile;CHL;1998;0.31401515;4.168542;5.368979;0.94204825;0.29551655;54.574;81990010704.0;7.307;75.669
Chile;CHL;1999;0.31418055;4.1314683;5.3659725;0.9419808;0.29892778;57.1312;75578685736.0;11.158;76.018
Chile;CHL;2000;0.3143064;4.108505;5.364474;0.9419278;0.30141717;53.4448;78339750722.0;10.491;76.87
Chile;CHL;2001;0.3144514;4.0993466;5.387199;0.9474462;0.30305284;51.3911;71574739561.0;10.39;76.773
Chile;CHL;2002;0.31466395;4.0945573;5.442318;0.9606677;0.30553618;51.851;70264045939.0;10.168;77.445
Chile;CHL;2003;0.31491214;4.09226;5.508396;0.9764569;0.30767432;53.8111;76492579644.0;9.765;77.387
Chile;CHL;2004;0.31516048;4.0880666;5.564216;0.98969054;0.30972603;58.1207;99075985773.0;10.162;77.616
Chile;CHL;2005;0.31537366;4.077961;5.588568;0.99524295;0.31210187;58.9068;122000000000.0;9.34;78.016
Chile;CHL;2006;0.31571898;4.0262294;5.589029;0.99525124;0.31453896;60.0507;154000000000.0;9.024;78.261
Chile;CHL;2007;0.31628293;3.9226503;5.5878563;0.99526256;0.3172358;67.5111;172000000000.0;8.427;77.826
Chile;CHL;2008;0.31690976;3.8003175;5.585883;0.99526983;0.320966;71.0439;180000000000.0;9.285;78.484
Chile;CHL;2009;0.31744158;3.7002509;5.583983;0.99527806;0.32451037;67.984;172000000000.0;11.313;78.741
Chile;CHL;2010;0.31772113;3.6567197;5.582964;0.99528724;0.32794175;72.1342;217000000000.0;8.547;78.501
Chile;CHL;2011;0.31775567;3.6592705;5.5728517;0.9952963;0.33186218;78.7343;251000000000.0;7.492;79.11
Chile;CHL;2012;0.3176948;3.66596;5.548886;0.9953042;0.33612755;80.9035;267000000000.0;6.79;79.023
Chile;CHL;2013;0.31759477;3.6734984;5.5196533;0.99530786;0.34066772;85.0704;277000000000.0;6.361;79.339
Chile;CHL;2014;0.31750998;3.681712;5.493733;0.99530977;0.3447797;78.5616;260000000000.0;6.761;79.473
Chile;CHL;2015;0.3175006;3.6864562;5.479053;0.9953073;0.34853354;84.1694;242000000000.0;6.605;79.746
Chile;CHL;2016;0.3180116;3.6851091;5.462673;0.9952928;0.35351944;88.6142;249000000000.0;6.926;80.079
Chile;CHL;2017;0.3185196;3.6783476;5.4476876;0.99526083;0.35693613;89.4309;276000000000.0;7.29;80.35
Chile;CHL;2018;0.31835112;3.66562;5.4494305;0.9952146;0.35781848;89.4784;296000000000.0;7.647;80.133
Chile;CHL;2019;0.3177609;3.6435125;5.4619493;0.9951639;0.35876754;94.8164;278000000000.0;7.533;80.326
China;CHN;1990;0.3005529;2.9951873;3.5073087;0.18184233;0.06557196;2406.1795;361000000000.0;;68.005
China;CHN;1991;0.30051428;3.0489435;3.5054348;0.18178067;0.0657725;2542.0739;383000000000.0;2.37;68.169
China;CHN;1992;0.3004707;3.0889468;3.5042803;0.18172215;0.0661204;2661.7055;427000000000.0;2.37;68.734
China;CHN;1993;0.3004508;3.1150663;3.5037587;0.1816821;0.06651115;2882.766;445000000000.0;2.69;69.216
China;CHN;1994;0.3004744;3.1265838;3.503571;0.18166696;0.06690668;3039.5395;564000000000.0;2.9;69.52
China;CHN;1995;0.3005279;3.1237502;3.5038717;0.18167178;0.067426175;3360.563;734000000000.0;3.0;70.008
China;CHN;1996;0.3005908;3.0984797;3.5194092;0.18169223;0.06809131;3334.6306;864000000000.0;3.12;70.266
China;CHN;1997;0.30064648;3.0511434;3.555081;0.18172307;0.06883236;3430.8384;962000000000.0;3.23;70.672
China;CHN;1998;0.3007234;2.995563;3.5958219;0.18176816;0.069733776;3515.3846;1030000000000.0;3.24;71.172
China;CHN;1999;0.30084023;2.9444454;3.6258426;0.18182719;0.070613615;3441.2085;1090000000000.0;3.25;71.419
China;CHN;2000;0.30099076;2.911648;3.6295667;0.18189086;0.07157985;3659.9498;1210000000000.0;3.26;71.881
China;CHN;2001;0.3011407;2.896582;3.5881891;0.18195102;0.07275263;3837.9909;1340000000000.0;3.8;72.606
China;CHN;2002;0.3012683;2.8878863;3.5092769;0.18200307;0.07414102;4143.91;1470000000000.0;4.24;72.985
China;CHN;2003;0.30140993;2.88216;3.4170053;0.18204872;0.07565596;4785.0127;1660000000000.0;4.58;73.371
China;CHN;2004;0.3015909;2.8752093;3.3359005;0.18209197;0.07725651;5515.0568;1960000000000.0;4.49;73.748
China;CHN;2005;0.30181783;2.8634007;3.2913;0.18212192;0.07903266;6258.4126;2290000000000.0;4.52;74.111
China;CHN;2006;0.30221745;2.83969;3.2791529;0.18214045;0.080781;6944.3109;2750000000000.0;4.43;74.504
China;CHN;2007;0.30281124;2.804093;3.2751362;0.1821458;0.082856014;7547.621;3550000000000.0;4.35;74.762
China;CHN;2008;0.30346152;2.7665315;3.2743006;0.18213318;0.08495704;7774.9554;4590000000000.0;4.59;74.872
China;CHN;2009;0.30402577;2.7362518;3.2715404;0.18211211;0.08724486;8340.2013;5100000000000.0;4.72;75.343
China;CHN;2010;0.30434743;2.721285;3.2622395;0.18207341;0.08956046;9124.9114;6090000000000.0;4.53;75.599
China;CHN;2011;0.30424774;2.7213087;3.2354581;0.182025;0.091838524;9975.9314;7550000000000.0;4.55;75.903
China;CHN;2012;0.30380702;2.7270303;3.1923788;0.1819709;0.094158985;10288.8595;8530000000000.0;4.58;76.192
China;CHN;2013;0.30326563;2.7349577;3.1465228;0.18191536;0.09661374;10782.993;9570000000000.0;4.6;76.452
China;CHN;2014;0.30286062;2.7424161;3.1112425;0.18187092;0.09926376;10909.7228;10500000000000.0;4.63;76.717
China;CHN;2015;0.3028187;2.746322;3.1001413;0.1818321;0.10212784;10768.9819;11100000000000.0;4.65;76.977
China;CHN;2016;0.30670774;2.743988;3.1556082;0.18180573;0.10640783;10786.0992;11200000000000.0;4.56;77.218
China;CHN;2017;0.31065378;2.7405303;3.213697;0.1817923;0.10991693;11026.1102;12300000000000.0;4.47;77.248
China;CHN;2018;0.31072184;2.7349718;3.2062707;0.18179223;0.11168088;11553.536;13900000000000.0;4.31;77.744
China;CHN;2019;0.30997753;2.7240157;3.1641822;0.18180744;0.11261842;11819.3583;14300000000000.0;4.56;77.968
Colombia;COL;1990;0.27613991;2.414381;4.605985;0.7414023;0.18093227;53.0373;47844090710.0;;68.644
Colombia;COL;1991;0.2761626;2.4218812;4.601091;0.7414569;0.18168595;54.6898;49637993949.0;10.12;68.813
Colombia;COL;1992;0.27617913;2.430166;4.600316;0.7415077;0.18308282;56.7687;58394443378.0;9.44;69.038
Colombia;COL;1993;0.27619123;2.4378667;4.602611;0.7415574;0.18404399;60.1153;66474101301.0;7.8;69.342
Colombia;COL;1994;0.27619824;2.4484696;4.6071544;0.7416079;0.18471916;59.6366;81705497617.0;8.25;69.613
Colombia;COL;1995;0.27619925;2.4598286;4.613073;0.74164796;0.18549308;62.3935;92495970511.0;8.72;69.933
Colombia;COL;1996;0.27619302;2.4805958;4.681205;0.74166423;0.18622392;61.4652;97153389011.0;11.81;70.189
Colombia;COL;1997;0.2761826;2.5114236;4.8349323;0.7416614;0.18661124;66.6898;107000000000.0;12.14;70.492
Colombia;COL;1998;0.27617085;2.545671;5.017361;0.7416447;0.18738562;67.811;98486358581.0;15.0;70.738
Colombia;COL;1999;0.27615833;2.5761771;5.171708;0.7416165;0.1874157;59.1845;86278947637.0;20.06;70.926
Colombia;COL;2000;0.27614677;2.5933146;5.241066;0.74157673;0.18794987;62.2181;99875074951.0;20.52;71.32
Colombia;COL;2001;0.27611944;2.5994809;5.2478056;0.7415165;0.18785089;61.8664;98200641203.0;15.04;71.502
Colombia;COL;2002;0.27607507;2.6050134;5.2524037;0.74144745;0.18832189;59.429;97945812803.0;14.481;71.939
Colombia;COL;2003;0.27604118;2.6066637;5.254393;0.7413603;0.18847127;58.9063;94644969157.0;13.221;72.361
Colombia;COL;2004;0.2760442;2.604258;5.2533813;0.7412507;0.1887106;58.9543;117000000000.0;13.717;72.695
Colombia;COL;2005;0.27610937;2.598011;5.249427;0.74113303;0.18892615;60.7264;146000000000.0;11.062;73.081
Colombia;COL;2006;0.27640486;2.5606399;5.1157784;0.741006;0.19006953;59.4928;162000000000.0;11.091;73.468
Colombia;COL;2007;0.27697027;2.4824631;4.805016;0.74087876;0.19158792;61.1664;206000000000.0;11.204;73.837
Colombia;COL;2008;0.2776392;2.3878741;4.4358473;0.7407571;0.19414087;61.4985;243000000000.0;11.273;74.295
Colombia;COL;2009;0.27824473;2.3027036;4.126996;0.74064904;0.19673106;64.3763;232000000000.0;12.066;74.742
Colombia;COL;2010;0.2786231;2.2522938;3.9970102;0.7405593;0.19889013;66.1633;286000000000.0;11.153;75.033
Colombia;COL;2011;0.27885714;2.2282627;3.997384;0.7404865;0.20143916;71.4373;335000000000.0;10.288;75.32
Colombia;COL;2012;0.2791258;2.2073174;4.0009246;0.74043095;0.20400381;71.6643;371000000000.0;9.959;75.597
Colombia;COL;2013;0.2794103;2.1882632;4.0079994;0.7403921;0.20608352;79.3336;382000000000.0;9.246;75.827
Colombia;COL;2014;0.27969244;2.1753545;4.018868;0.7403615;0.20892034;81.4547;381000000000.0;8.799;76.043
Colombia;COL;2015;0.2799551;2.16934;4.033796;0.7403241;0.21147159;82.5923;293000000000.0;8.572;76.257
Colombia;COL;2016;0.28075305;2.185148;4.3549194;0.7401854;0.21546629;85.4112;283000000000.0;8.922;76.471
Colombia;COL;2017;0.2814522;2.2022092;4.6807995;0.73997295;0.2180702;77.7974;312000000000.0;9.086;76.646
Colombia;COL;2018;0.28105864;2.2086709;4.7017093;0.73987126;0.2196955;81.6321;334000000000.0;9.36;76.748
Colombia;COL;2019;0.2798771;2.2196279;4.701662;0.7398617;0.22084343;81.4829;323000000000.0;10.28;76.752
Comoros;COM;1990;0.21759553;4.4224052;3.4644456;0.60891765;0.093947776;0.04;429622177.7;;55.84
Comoros;COM;1991;0.21768914;4.4129124;3.4628973;0.60891557;0.093835644;0.049;424108769.5;4.834;56.194
Comoros;COM;1992;0.21773867;4.405368;3.461408;0.608912;0.093381844;0.0417;457388651.5;4.55;56.733
Comoros;COM;1993;0.21775372;4.3966527;3.4600697;0.6089069;0.0929148;0.0405;452881475.1;4.597;57.276
Comoros;COM;1994;0.21774313;4.3901076;3.4589918;0.60890085;0.09246345;0.0406;319189184.3;4.593;57.694
Comoros;COM;1995;0.21771578;4.380965;3.4582672;0.6088939;0.09181768;0.0412;398461797.0;4.709;58.015
Comoros;COM;1996;0.21759662;4.373249;3.4579678;0.60888565;0.09108079;0.043;396053805.9;4.813;58.344
Comoros;COM;1997;0.21735787;4.360177;3.4578137;0.60887825;0.09066323;0.043;364445600.5;4.584;58.39
Comoros;COM;1998;0.21708214;4.3440285;3.4576797;0.6088697;0.08987776;0.0544;370106745.9;4.636;58.407
Comoros;COM;1999;0.21684873;4.3297596;3.4575315;0.60886073;0.08918239;0.0554;382454989.9;4.558;58.781
Comoros;COM;2000;0.2167374;4.320106;3.457326;0.6088514;0.08869263;0.0931;351136579.6;4.402;58.757
Comoros;COM;2001;0.2167733;4.306411;3.457207;0.6088405;0.088752024;0.0982;378512024.1;4.379;59.163
Comoros;COM;2002;0.2168916;4.291904;3.4572132;0.6088311;0.08869864;0.1007;425964681.0;4.369;59.056
Comoros;COM;2003;0.21704336;4.2739167;3.4572675;0.60882163;0.08870796;0.1302;546885222.7;4.565;59.258
Comoros;COM;2004;0.21717666;4.257857;3.4572403;0.60881233;0.08863883;0.1415;633706110.8;4.571;59.48
Comoros;COM;2005;0.21723762;4.246049;3.4570029;0.60880363;0.08859648;0.1366;653845169.2;4.597;59.604
Comoros;COM;2006;0.21718653;4.2365355;3.454663;0.6087946;0.08832319;0.1637;698431793.9;4.622;59.875
Comoros;COM;2007;0.2170483;4.2227926;3.4498665;0.60878664;0.088166974;0.1081;795673152.9;4.688;60.102
Comoros;COM;2008;0.21687521;4.208829;3.4445918;0.60877824;0.08788882;0.1078;915659108.0;4.699;60.475
Comoros;COM;2009;0.21671763;4.19831;3.4409547;0.6087704;0.08774297;0.1316;905341172.7;4.724;60.831
Comoros;COM;2010;0.2166284;4.1935816;3.440975;0.6087631;0.08751456;0.1574;907978730.9;4.692;61.123
Comoros;COM;2011;0.21659127;4.1954427;3.44862;0.60875565;0.08767134;0.1401;1023086274.0;4.726;61.503
Comoros;COM;2012;0.21655291;4.202611;3.4640484;0.6087488;0.08776494;0.1459;1015843491.0;4.767;61.834
Comoros;COM;2013;0.21651714;4.2101383;3.483315;0.6087417;0.088008806;0.1737;1116224107.0;4.79;62.224
Comoros;COM;2014;0.21648586;4.2185445;3.5025656;0.60873485;0.088046744;0.1556;1149587661.0;4.88;62.516
Comoros;COM;2015;0.21646139;4.224988;3.5179212;0.6087286;0.08839582;0.1708;966029600.9;4.972;62.896
Comoros;COM;2016;0.21639928;4.230674;3.5374386;0.60872275;0.089308165;0.1935;1012835493.0;5.042;63.237
Comoros;COM;2017;0.21641546;4.2361684;3.5532768;0.60871756;0.089750804;0.2462;1077439757.0;5.04;63.625
Comoros;COM;2018;0.21669115;4.2458158;3.5567057;0.6087128;0.089368254;0.2716;1188797449.0;5.018;63.912
Comoros;COM;2019;0.21719986;4.2631598;3.554554;0.6087087;0.08927621;0.3027;1195019532.0;5.1;64.068
Congo;COG;1990;0.21474212;5.9577255;3.7280097;0.54519963;0.12511891;2.3988;2798746050.0;;55.926
Congo;COG;1991;0.21469012;5.9483724;3.7302775;0.5452038;0.12435377;2.4473;2724853506.0;19.858;55.243
Congo;COG;1992;0.2146126;5.9417176;3.732113;0.54520994;0.123439774;2.3881;2933222703.0;19.866;54.663
Congo;COG;1993;0.2145231;5.9371;3.733395;0.5452176;0.122796014;2.3588;2684323623.0;19.933;54.146
Congo;COG;1994;0.2144361;5.9321694;3.7339647;0.5452278;0.122363195;2.16;1769365438.0;20.179;53.738
Congo;COG;1995;0.21436478;5.927421;3.73385;0.54523987;0.12133672;2.7465;2116003868.0;20.146;53.644
Congo;COG;1996;0.2142157;5.93781;3.7326112;0.5452538;0.12069112;3.3046;2540697539.0;19.995;53.491
Congo;COG;1997;0.21393552;5.970412;3.7308955;0.5452692;0.11979535;3.4048;2322719103.0;19.862;47.19
Congo;COG;1998;0.21361671;6.005847;3.7289963;0.54528403;0.118832715;4.0481;1949481379.0;19.88;50.894
Congo;COG;1999;0.21335849;6.032139;3.7269375;0.54530036;0.11839704;4.1922;2354772960.0;20.096;52.757
Congo;COG;2000;0.21324229;6.035825;3.725778;0.5453175;0.117855206;4.5351;3227927698.0;19.854;53.682
Congo;COG;2001;0.21328346;6.0165396;3.7263062;0.54533464;0.11823805;4.4201;2796704604.0;19.858;54.395
Congo;COG;2002;0.21340726;5.989072;3.7283454;0.54535115;0.118166305;2.8799;3034250924.0;19.656;55.088
Congo;COG;2003;0.21356611;5.959415;3.7308476;0.54536515;0.11851585;3.5852;3503723088.0;19.865;55.948
Congo;COG;2004;0.21371275;5.924827;3.7329264;0.54537815;0.11871962;3.6394;4656974940.0;19.883;56.986
Congo;COG;2005;0.21379717;5.8944564;3.733689;0.5453898;0.11932528;4.352;6650001680.0;19.796;58.126
Congo;COG;2006;0.21382776;5.866981;3.733349;0.5453992;0.11997359;4.8419;8072305029.0;19.593;58.878
Congo;COG;2007;0.21385014;5.8314404;3.7329988;0.5454059;0.1207134;4.2845;8782703437.0;19.899;59.643
Congo;COG;2008;0.21387477;5.796585;3.732578;0.5454092;0.12110428;4.4533;11649857673.0;19.954;60.426
Congo;COG;2009;0.213915;5.7612796;3.73216;0.54541016;0.12176655;4.9404;9723299915.0;19.854;61.088
Congo;COG;2010;0.21398385;5.7331038;3.731736;0.54540926;0.12303576;5.3191;13148396212.0;19.379;61.683
Congo;COG;2011;0.21418417;5.6981754;3.731926;0.5454059;0.12392339;4.8773;15655383577.0;19.51;61.992
Congo;COG;2012;0.21454346;5.645863;3.7332666;0.5454003;0.12603115;4.5031;17692911296.0;19.573;62.317
Congo;COG;2013;0.2149645;5.596912;3.7351606;0.54539293;0.1274951;5.4598;17958720699.0;19.902;62.695
Congo;COG;2014;0.21534944;5.552898;3.73712;0.5453847;0.12932003;5.299;17919321083.0;19.781;62.95
Congo;COG;2015;0.21559553;5.5269456;3.7387137;0.54537576;0.13018452;5.7713;12434793868.0;20.2;63.233
Congo;COG;2016;0.21596065;5.518403;3.745919;0.5453658;0.13048899;5.6108;10931328150.0;20.524;63.577
Congo;COG;2017;0.21623321;5.51326;3.7525582;0.54535526;0.13020673;5.555;11834473048.0;20.887;63.76
Congo;COG;2018;0.21596563;5.5166264;3.7484298;0.5453446;0.13025643;6.4156;14773900278.0;20.938;64.053
Congo;COG;2019;0.21529643;5.5257406;3.7367034;0.545334;0.1295494;7.2123;13976637329.0;20.608;62.747
Cook Islands;COK;1990;0.3072888;3.12122;3.8991368;0.28121212;0.12362898;;;;
Cook Islands;COK;1991;0.30902165;3.124294;3.9015489;0.28122917;0.12548037;;;;
Cook Islands;COK;1992;0.31034797;3.1298695;3.906081;0.28127277;0.12694821;;;;
Cook Islands;COK;1993;0.31127706;3.132003;3.9117255;0.28132623;0.12854281;;;;
Cook Islands;COK;1994;0.31185547;3.136972;3.9162683;0.28135622;0.1296703;;;;
Cook Islands;COK;1995;0.31209624;3.1371362;3.918407;0.28134802;0.13048542;;;;
Cook Islands;COK;1996;0.31169966;3.13562;3.9229093;0.28134722;0.13078268;;;;
Cook Islands;COK;1997;0.31070474;3.1329572;3.93148;0.28135908;0.1311909;;;;
Cook Islands;COK;1998;0.3095209;3.1287243;3.940854;0.28137046;0.1314175;;;;
Cook Islands;COK;1999;0.3085788;3.124637;3.9469137;0.2813585;0.13182153;;;;
Cook Islands;COK;2000;0.3082556;3.1202593;3.947295;0.28132698;0.13247795;;;;
Cook Islands;COK;2001;0.3087668;3.1186547;3.9430952;0.28132364;0.13342507;;;;
Cook Islands;COK;2002;0.3098644;3.1210086;3.9366555;0.28135335;0.13438113;;;;
Cook Islands;COK;2003;0.31115845;3.1241498;3.9303715;0.2813908;0.13597757;;;;
Cook Islands;COK;2004;0.3122965;3.1280835;3.925616;0.2814112;0.13733044;;;;
Cook Islands;COK;2005;0.3128879;3.1296604;3.9250402;0.2814241;0.138404;;;;
Cook Islands;COK;2006;0.31299338;3.1334603;3.9341278;0.28145438;0.1388784;;;;
Cook Islands;COK;2007;0.31302047;3.1376994;3.9515407;0.2815115;0.14007588;;;;
Cook Islands;COK;2008;0.3130036;3.1428227;3.972639;0.281576;0.14089672;;;;
Cook Islands;COK;2009;0.31299007;3.1467402;3.9918082;0.28163677;0.1418452;;;;
Cook Islands;COK;2010;0.31298205;3.1475406;4.0044346;0.2817063;0.14262055;;;;
Cook Islands;COK;2011;0.31281987;3.1489947;4.0154915;0.28177002;0.14359191;;;;
Cook Islands;COK;2012;0.3124715;3.1525588;4.029182;0.28181744;0.1450647;;;;
Cook Islands;COK;2013;0.31206414;3.154704;4.0432076;0.28184274;0.14647941;;;;
Cook Islands;COK;2014;0.31174573;3.156753;4.0544;0.28185335;0.14805637;;;;
Cook Islands;COK;2015;0.3116368;3.1572506;4.0602922;0.28187087;0.149386;;;;
Cook Islands;COK;2016;0.312517;3.155683;4.0546923;0.28188893;0.15176742;;;;
Cook Islands;COK;2017;0.3133848;3.1567557;4.0497694;0.28190684;0.15385489;;;;
Cook Islands;COK;2018;0.31326106;3.1581507;4.0617805;0.2819196;0.15536277;;;;
Cook Islands;COK;2019;0.31270695;3.1608856;4.08579;0.28193375;0.15669662;;;;
Costa Rica;CRI;1990;0.28118473;3.0835648;4.03159;0.87096226;0.19033584;2.9148;5711687787.0;;76.63
Costa Rica;CRI;1991;0.28124917;3.0798593;4.033268;0.87095547;0.19106278;3.1523;7196276092.0;5.37;76.591
Costa Rica;CRI;1992;0.28134912;3.0773668;4.0347834;0.87093896;0.19233781;4.2417;8564041916.0;3.93;76.627
Costa Rica;CRI;1993;0.2814689;3.078151;4.036053;0.87091595;0.19298208;4.2635;9582868487.0;3.95;76.703
Costa Rica;CRI;1994;0.2815933;3.0789504;4.036933;0.8708871;0.19441138;4.975;10486787008.0;4.05;76.67
Costa Rica;CRI;1995;0.28170553;3.0816088;4.0374374;0.87085813;0.19453901;4.966;11578594260.0;5.18;76.552
Costa Rica;CRI;1996;0.2819255;3.089775;4.03773;0.8708318;0.19571917;4.7204;11678424507.0;6.16;76.804
Costa Rica;CRI;1997;0.28230622;3.100745;4.038073;0.87080836;0.19672818;4.6516;12614602382.0;5.68;77.07
Costa Rica;CRI;1998;0.2827334;3.1155217;4.03852;0.8707928;0.19788727;5.1709;13684255947.0;5.33;76.896
Costa Rica;CRI;1999;0.28309283;3.1309154;4.0391607;0.87079054;0.19919944;5.1614;14254866281.0;5.9;77.138
Costa Rica;CRI;2000;0.28326958;3.139946;4.0400877;0.8708068;0.2002018;5.1197;15013629659.0;5.08;77.586
Costa Rica;CRI;2001;0.28321305;3.146723;4.041466;0.87084454;0.20102766;5.5172;15976174337.0;6.051;77.545
Costa Rica;CRI;2002;0.2830152;3.1544168;4.043437;0.87090325;0.20238508;5.6151;16578820687.0;6.396;77.983
Costa Rica;CRI;2003;0.28277755;3.1613257;4.045945;0.8709831;0.2031232;6.0563;17271760507.0;6.654;78.072
Costa Rica;CRI;2004;0.28260198;3.166463;4.048914;0.87108314;0.20425074;6.1673;18610594846.0;6.445;78.331
Costa Rica;CRI;2005;0.28259093;3.1721456;4.0521927;0.87119985;0.20611617;6.3528;20040642477.0;6.749;78.505
Costa Rica;CRI;2006;0.28297246;3.1743464;4.0574293;0.8713319;0.20762102;6.902;22715540325.0;5.926;78.514
Costa Rica;CRI;2007;0.28373823;3.177113;4.0655074;0.87147623;0.21024935;7.6997;26884700345.0;4.557;78.462
Costa Rica;CRI;2008;0.28463638;3.1805627;4.0752535;0.8716257;0.21280669;7.635;30801744882.0;4.934;78.445
Costa Rica;CRI;2009;0.28541514;3.1830375;4.0855255;0.87177396;0.21542951;7.3266;30745714313.0;7.824;78.672
Costa Rica;CRI;2010;0.28582177;3.1855187;4.0953;0.8719207;0.21800438;7.2454;37658614804.0;7.171;78.67
Costa Rica;CRI;2011;0.28589788;3.1881115;4.1086783;0.87206006;0.21957816;7.7059;42762613700.0;9.518;79.348
Costa Rica;CRI;2012;0.28588536;3.1913335;4.1277094;0.8721827;0.22147846;7.6448;47231655431.0;9.11;79.283
Costa Rica;CRI;2013;0.2858299;3.1955833;4.148507;0.8722916;0.22336955;7.9449;50949668841.0;8.218;79.403
Costa Rica;CRI;2014;0.28577724;3.1998212;4.1671433;0.8723873;0.22530004;8.0558;52016408952.0;8.499;78.774
Costa Rica;CRI;2015;0.28577265;3.2036433;4.1796927;0.8724728;0.22738065;7.7698;56441920821.0;8.415;79.086
Costa Rica;CRI;2016;0.28605837;3.2071395;4.18692;0.8725493;0.2302679;8.2305;58847019610.0;8.085;79.459
Costa Rica;CRI;2017;0.28632385;3.2088234;4.191305;0.87261367;0.23288204;8.3771;60516044657.0;7.729;79.377
Costa Rica;CRI;2018;0.2862417;3.2115748;4.193752;0.87266445;0.23521076;8.4455;62420164992.0;9.01;79.484
Costa Rica;CRI;2019;0.28596833;3.2132857;4.195216;0.8727019;0.23688456;8.1893;64417670521.0;10.807;79.427
Cote d'Ivoire;CIV;1990;0.21343127;3.9277039;3.1915016;0.5316012;0.11326427;2.9723;10795850583.0;;52.603
Cote d'Ivoire;CIV;1991;0.21342757;3.9301534;3.1856172;0.53159386;0.11172042;3.0651;10492628581.0;6.597;52.323
Cote d'Ivoire;CIV;1992;0.21341556;3.9320145;3.1808226;0.53158534;0.110754445;3.0529;11152971274.0;6.7;52.138
Cote d'Ivoire;CIV;1993;0.21339707;3.9323878;3.1772087;0.53157586;0.1097903;3.2392;11045760288.0;5.868;51.925
Cote d'Ivoire;CIV;1994;0.21337597;3.9341798;3.1747785;0.5315665;0.10902541;3.3856;8313557510.0;5.045;51.737
Cote d'Ivoire;CIV;1995;0.21335287;3.935544;3.1736724;0.5315575;0.10855889;3.7038;11000146267.0;4.1;51.61
Cote d'Ivoire;CIV;1996;0.21331951;3.9343681;3.1743367;0.5315494;0.107780814;4.6341;18071152831.0;4.04;51.52
Cote d'Ivoire;CIV;1997;0.213272;3.9296112;3.1765027;0.53154296;0.10723326;5.6409;18047558038.0;3.965;51.449
Cote d'Ivoire;CIV;1998;0.21321869;3.9229288;3.1792874;0.5315385;0.10707082;5.466;19619654756.0;4.1;51.108
Cote d'Ivoire;CIV;1999;0.2131687;3.9173665;3.1817124;0.5315372;0.1067343;7.2984;18870992456.0;4.421;50.957
Cote d'Ivoire;CIV;2000;0.2131279;3.9126954;3.18299;0.53153807;0.10641495;6.9681;16577533892.0;4.835;50.842
Cote d'Ivoire;CIV;2001;0.21305963;3.9085307;3.1838732;0.5315407;0.105911925;6.9877;16810537044.0;5.199;50.81
Cote d'Ivoire;CIV;2002;0.21293943;3.9015193;3.1853209;0.5315453;0.10562684;7.3893;18054383321.0;5.516;50.886
Cote d'Ivoire;CIV;2003;0.2127924;3.895781;3.1869135;0.53155166;0.10537021;5.8171;21251754340.0;5.858;50.954
Cote d'Ivoire;CIV;2004;0.21264398;3.8883307;3.1881244;0.5315587;0.10495126;5.999;23510575681.0;5.93;51.363
Cote d'Ivoire;CIV;2005;0.21251796;3.882351;3.188556;0.5315662;0.104859844;6.4008;24036918703.0;6.041;51.824
Cote d'Ivoire;CIV;2006;0.21224885;3.876416;3.1879547;0.5315739;0.10451924;6.2867;25281413263.0;6.04;52.355
Cote d'Ivoire;CIV;2007;0.21175793;3.8686798;3.1867719;0.53158104;0.10404401;6.2411;28760090953.0;6.308;52.97
Cote d'Ivoire;CIV;2008;0.21120025;3.8599102;3.1857028;0.5315875;0.10367459;6.9243;34078240293.0;6.404;53.653
Cote d'Ivoire;CIV;2009;0.21073231;3.8521366;3.1853688;0.53159153;0.1031253;6.4171;33886813250.0;6.586;54.394
Cote d'Ivoire;CIV;2010;0.21051092;3.8496327;3.1865485;0.531594;0.10334743;7.3199;34936307980.0;6.614;55.023
Cote d'Ivoire;CIV;2011;0.21051012;3.8552668;3.192426;0.53159475;0.10353619;7.0827;36693710801.0;7.145;55.52
Cote d'Ivoire;CIV;2012;0.21058317;3.86986;3.2034469;0.5315934;0.10405795;9.0239;36302302877.0;7.223;56.158
Cote d'Ivoire;CIV;2013;0.21070582;3.8888109;3.216322;0.5315903;0.10524426;9.8042;42760235485.0;4.255;56.748
Cote d'Ivoire;CIV;2014;0.21085264;3.9035778;3.227712;0.5315852;0.106224835;10.4615;48843005614.0;3.275;57.208
Cote d'Ivoire;CIV;2015;0.21099724;3.9139864;3.2344174;0.5315788;0.10760447;11.2685;45815005169.0;2.574;57.762
Cote d'Ivoire;CIV;2016;0.211542;3.9186869;3.2363596;0.53157127;0.10939135;11.4076;48407761037.0;1.896;58.06
Cote d'Ivoire;CIV;2017;0.21221593;3.920523;3.2368672;0.5315629;0.111865394;12.3351;52512343997.0;3.273;58.48
Cote d'Ivoire;CIV;2018;0.21278863;3.926919;3.2381794;0.53155416;0.11268992;12.3477;58522477787.0;2.851;58.849
Cote d'Ivoire;CIV;2019;0.21353905;3.9350774;3.2402778;0.5315454;0.11432516;13.1948;60382894697.0;2.401;59.319
Croatia;HRV;1990;0.2926684;3.468403;3.5313487;0.54560494;0.15446846;24.7993;25650213159.0;;72.1704878
Croatia;HRV;1991;0.29189506;3.4624782;3.531396;0.54559755;0.15065205;17.9105;18760386775.0;11.14;72.18536585
Croatia;HRV;1992;0.29122633;3.4526534;3.531808;0.54559386;0.14752515;16.4705;10621169291.0;10.934;71.24146341
Croatia;HRV;1993;0.29069597;3.4422529;3.5325353;0.545593;0.14505924;16.9031;11259647874.0;10.709;71.52243902
Croatia;HRV;1994;0.29033816;3.4296043;3.5334234;0.545597;0.1434317;16.2731;15062911617.0;10.332;71.80341463
Croatia;HRV;1995;0.29018813;3.4163945;3.5343537;0.54560196;0.14223035;16.8305;22778296981.0;9.995;72.08439024
Croatia;HRV;1996;0.2902159;3.400322;3.5368114;0.5456118;0.14243895;16.6197;24147533317.0;9.68;72.36536585
Croatia;HRV;1997;0.29034358;3.3775141;3.5406656;0.5456162;0.14202346;18.5096;24172615137.0;9.71;72.49512195
Croatia;HRV;1998;0.29052776;3.3507416;3.5448709;0.545615;0.14228594;19.6708;25885224249.0;11.392;72.31707317
Croatia;HRV;1999;0.29072607;3.3228688;3.5481262;0.5456093;0.14243099;19.7683;23770693687.0;13.559;72.64195122
Croatia;HRV;2000;0.2908964;3.297917;3.5492303;0.54559606;0.14276595;19.2987;22128414549.0;16.064;72.80780488
Croatia;HRV;2001;0.29116163;3.2701638;3.54848;0.5455764;0.14375839;20.3541;23062561237.0;15.822;74.51292683
Croatia;HRV;2002;0.29160044;3.2379515;3.5466363;0.5455445;0.14580826;21.1742;26757989561.0;15.053;74.71731707
Croatia;HRV;2003;0.29210043;3.2042813;3.5444942;0.54550886;0.1482756;22.5547;35256066456.0;13.924;74.61390244
Croatia;HRV;2004;0.2925495;3.1719928;3.5424652;0.5454722;0.15090466;22.5935;41855195585.0;13.664;75.5202439
Croatia;HRV;2005;0.29283524;3.146126;3.5410843;0.5454385;0.15303388;22.7198;45025679590.0;12.598;75.24463415
Croatia;HRV;2006;0.29302886;3.1226358;3.5405235;0.54540634;0.15474491;22.9129;49601653625.0;11.13;75.83682927
Croatia;HRV;2007;0.2932535;3.0980554;3.540125;0.5453639;0.15692568;24.4085;59320099745.0;9.909;75.70560976
Croatia;HRV;2008;0.29347146;3.075276;3.5401866;0.54532707;0.15840557;23.2226;68526332324.0;8.53;75.91219512
Croatia;HRV;2009;0.29364666;3.056886;3.5406537;0.54529536;0.159574;21.572;62093280554.0;9.202;76.16829268
Croatia;HRV;2010;0.29374376;3.0437448;3.5413146;0.5452665;0.16102728;20.8272;58836405999.0;11.62;76.47560976
Croatia;HRV;2011;0.29379448;3.0329254;3.544934;0.54523414;0.16161147;20.3379;62772620899.0;13.678;76.77560976
Croatia;HRV;2012;0.2938508;3.0223985;3.5525165;0.5451964;0.16212529;18.6918;57411354938.0;15.935;76.92439024
Croatia;HRV;2013;0.29390776;3.0129337;3.5617278;0.54516304;0.16291143;18.3064;59589170668.0;17.251;77.12682927
Croatia;HRV;2014;0.29396144;3.0046828;3.570098;0.54512924;0.16315871;17.6208;59489433515.0;17.29;77.47804878
Croatia;HRV;2015;0.29400748;2.9999287;3.575285;0.5451007;0.16369322;17.9625;51011170112.0;16.175;77.27560976
Croatia;HRV;2016;0.29422173;3.0040376;3.5780432;0.5450728;0.16471277;18.2083;52740059263.0;13.103;78.02195122
Croatia;HRV;2017;0.29442087;3.0106928;3.5801265;0.5450407;0.16613436;18.7342;56322449844.0;11.208;77.82682927
Croatia;HRV;2018;0.29435205;3.0109425;3.58538;0.54501355;0.1677305;17.7075;61861145806.0;8.432;78.07073171
Croatia;HRV;2019;0.29412583;3.0076077;3.5950115;0.5449874;0.169517;17.935;61867157679.0;6.617;78.42439024
Cuba;CUB;1990;0.2797334;4.8790774;4.1981044;0.94861877;0.18829265;38.6169;28645436569.0;;74.039
Cuba;CUB;1991;0.2786531;4.847487;4.192121;0.9485851;0.18278441;30.0806;24316556026.0;8.31;74.093
Cuba;CUB;1992;0.27766663;4.8096232;4.1870995;0.9485496;0.17775765;23.8646;22085858243.0;8.786;74.162
Cuba;CUB;1993;0.27682662;4.768631;4.1832213;0.94851446;0.1735714;21.8331;22367254865.0;9.28;74.261
Cuba;CUB;1994;0.27618486;4.7253065;4.1807013;0.9484789;0.16968583;22.456;28448326757.0;8.811;74.411
Cuba;CUB;1995;0.275794;4.6824045;4.1795597;0.9484346;0.16713606;23.9052;30429803651.0;8.27;74.623
Cuba;CUB;1996;0.275538;4.630585;4.180015;0.9483946;0.16494194;25.8957;25017368700.0;7.61;74.903
Cuba;CUB;1997;0.27528796;4.573249;4.1816773;0.9483592;0.16303998;28.3464;25365908100.0;7.1;75.222
Cuba;CUB;1998;0.2750777;4.5102324;4.1838083;0.94833;0.1611964;27.8271;25736331200.0;6.23;75.564
Cuba;CUB;1999;0.27494168;4.4426346;4.185599;0.9483013;0.15977123;28.6062;28364615200.0;6.26;75.893
Cuba;CUB;2000;0.27491498;4.3809767;4.186172;0.94826776;0.15941375;28.9755;30565400000.0;5.45;76.183
Cuba;CUB;2001;0.275092;4.3149757;4.184898;0.9482369;0.16000918;27.8024;31682400000.0;4.08;76.421
Cuba;CUB;2002;0.27547038;4.2438655;4.1822076;0.948209;0.16087562;26.5457;33590500000.0;3.31;76.612
Cuba;CUB;2003;0.27593696;4.1703033;4.179149;0.9481838;0.16253252;25.7768;35901200000.0;2.33;76.773
Cuba;CUB;2004;0.27637866;4.097893;4.17674;0.9481572;0.16439497;25.2956;38203000000.0;1.854;76.912
Cuba;CUB;2005;0.2766834;4.0340104;4.1759663;0.9481262;0.16600123;26.2242;42643836100.0;1.95;77.047
Cuba;CUB;2006;0.27691042;3.9710987;4.1781154;0.94809544;0.16793436;26.7915;48835925926.0;1.913;77.179
Cuba;CUB;2007;0.2771746;3.902779;4.182797;0.94806427;0.16966604;27.676;54262870370.0;1.788;77.307
Cuba;CUB;2008;0.27744114;3.8371994;4.188836;0.94803333;0.1717092;26.7345;56302129630.0;1.583;77.429
Cuba;CUB;2009;0.2776755;3.7904873;4.195026;0.94800127;0.17407721;26.949;57481481481.0;1.67;77.548
Cuba;CUB;2010;0.27784452;3.76816;4.2001486;0.9479664;0.1757395;28.1954;59562962963.0;2.5;77.661
Cuba;CUB;2011;0.27800474;3.7638245;4.2069716;0.9479309;0.17751789;27.7528;68990000000.0;3.18;77.76
Cuba;CUB;2012;0.2782142;3.7657282;4.2173367;0.9478963;0.17940754;28.9222;73141000000.0;3.46;77.833
Cuba;CUB;2013;0.27843636;3.769459;4.2287464;0.94786596;0.1815525;29.0814;77148000000.0;3.29;77.87
Cuba;CUB;2014;0.2786362;3.7715518;4.2385635;0.94783646;0.18362114;26.9127;80656100000.0;2.7;77.853
Cuba;CUB;2015;0.27877894;3.7720003;4.2442155;0.94780564;0.18521616;29.4596;87132800000.0;2.4;77.772
Cuba;CUB;2016;0.27896866;3.7685125;4.2406387;0.94777757;0.18761826;27.3604;91370407864.0;2.0;77.643
Cuba;CUB;2017;0.27922726;3.7658;4.2357664;0.9477512;0.18975644;26.4834;96850649692.0;1.7;77.529
Cuba;CUB;2018;0.27971214;3.7772713;4.2388144;0.9477281;0.19066282;26.8379;100000000000.0;1.7;77.496
Cuba;CUB;2019;0.2805326;3.802294;4.2468786;0.9477054;0.19164725;24.5454;103000000000.0;1.2;77.611
Cyprus;CYP;1990;0.27450326;3.1114776;6.309203;0.90676665;0.33874625;4.6385;5591130218.0;;73.539
Cyprus;CYP;1991;0.27429906;3.0876963;6.3154855;0.9066384;0.34254375;5.1605;5770197348.0;3.0;73.716
Cyprus;CYP;1992;0.27413428;3.0664694;6.3232284;0.9065665;0.34547773;5.4883;6912150456.0;2.09;74.177
Cyprus;CYP;1993;0.2740105;3.0499046;6.331039;0.9065266;0.34911194;5.7449;6590291048.0;2.7;74.65
Cyprus;CYP;1994;0.27392605;3.0377831;6.3377333;0.90650845;0.3522346;5.9889;7425703929.0;2.7;74.72
Cyprus;CYP;1995;0.27388403;3.0325189;6.34245;0.9065072;0.35512492;5.8588;9933133247.0;2.6;75.133
Cyprus;CYP;1996;0.27389756;3.0339906;6.34828;0.9065241;0.35777134;6.2215;10011918444.0;3.1;75.522
Cyprus;CYP;1997;0.27396014;3.036215;6.357462;0.9065585;0.36020073;6.3116;9547818700.0;3.4;75.841
Cyprus;CYP;1998;0.27404937;3.0378346;6.367903;0.9066018;0.3629952;6.6152;10248617647.0;3.3;76.182
Cyprus;CYP;1999;0.27413937;3.0413344;6.377508;0.9066473;0.36550206;6.8764;10497908306.0;5.532;76.295
Cyprus;CYP;2000;0.2742071;3.0421557;6.384579;0.90670156;0.368247;7.1321;9985844486.0;4.766;76.568
Cyprus;CYP;2001;0.27431825;3.041273;6.3935905;0.90690553;0.37143892;6.9975;10397897086.0;4.043;76.989
Cyprus;CYP;2002;0.2745093;3.0378766;6.40788;0.90731436;0.3751132;7.1748;11420227885.0;3.336;77.487
Cyprus;CYP;2003;0.27472103;3.0346806;6.4239907;0.9078009;0.3791764;7.8432;14547325028.0;4.153;77.788
Cyprus;CYP;2004;0.27489445;3.0292952;6.4385767;0.90824616;0.38335;7.7883;17320552500.0;4.77;77.944
Cyprus;CYP;2005;0.27497107;3.0254085;6.4484305;0.9085382;0.3873378;7.9052;18433411267.0;5.481;78.101
Cyprus;CYP;2006;0.27495298;3.0153544;6.455378;0.9087214;0.39178142;8.0106;20072786351.0;4.593;78.371
Cyprus;CYP;2007;0.27489388;2.9986312;6.46308;0.90891725;0.39566207;8.3083;23968764030.0;3.946;78.81
Cyprus;CYP;2008;0.27481294;2.9813788;6.4708214;0.90911335;0.40029976;8.4936;27844698989.0;3.756;78.981
Cyprus;CYP;2009;0.27473226;2.9677322;6.4780493;0.90930474;0.40366805;8.2866;26048249357.0;5.594;79.401
Cyprus;CYP;2010;0.2746724;2.9638343;6.484162;0.9094894;0.4053917;7.9134;25799940416.0;6.36;79.665
Cyprus;CYP;2011;0.2745345;2.9693859;6.4914937;0.9096582;0.40491813;7.6557;27641551807.0;7.942;79.999
Cyprus;CYP;2012;0.27427214;2.9829354;6.50126;0.9098102;0.40384167;7.1208;25047433100.0;12.097;80.109
Cyprus;CYP;2013;0.27398068;2.999336;6.510966;0.9099433;0.40205657;6.4395;23959708956.0;16.131;80.402
Cyprus;CYP;2014;0.27375478;3.0125203;6.518057;0.91005874;0.40077922;6.8161;23225912185.0;16.277;80.771
Cyprus;CYP;2015;0.27368838;3.0200424;6.5200295;0.9101596;0.40038744;6.855;19909269064.0;15.026;80.966
Cyprus;CYP;2016;0.27445996;3.0155115;6.4977756;0.9102467;0.40225446;7.2207;21046452116.0;13.006;81.056
Cyprus;CYP;2017;0.27521724;3.0121264;6.4726014;0.91031796;0.4050426;7.3619;22946583375.0;11.155;81.328
Cyprus;CYP;2018;0.27492255;3.0430932;6.46673;0.9103745;0.4060882;7.2127;25597301191.0;8.504;81.382
Cyprus;CYP;2019;0.27398312;3.1127021;6.4671764;0.9104203;0.40809122;7.2148;25947020102.0;7.155;81.397
Czechia;CZE;1990;0.29269975;3.281648;3.1935306;0.5481477;0.16470276;164.6668;40728950705.0;;71.38390244
Czechia;CZE;1991;0.29261932;3.2821097;3.198445;0.54813164;0.16391762;149.3106;29859921159.0;2.27;71.89829268
Czechia;CZE;1992;0.29259008;3.2800333;3.2025268;0.54811156;0.16335864;143.219;34805013230.0;2.6;72.27170732
Czechia;CZE;1993;0.29260004;3.273265;3.205569;0.5480868;0.16265872;138.2688;40866748705.0;4.349;72.76780488
Czechia;CZE;1994;0.29263696;3.2643871;3.2073321;0.5480578;0.16245836;133.0263;47850203856.0;4.284;72.97268293
Czechia;CZE;1995;0.29268944;3.254066;3.2076206;0.54802376;0.16238146;132.4024;60147174077.0;4.083;73.07487805
Czechia;CZE;1996;0.2928375;3.2359056;3.2066605;0.54798776;0.16273288;136.0626;67387788633.0;3.852;73.71463415
Czechia;CZE;1997;0.29311758;3.2054334;3.204936;0.5479533;0.16290033;132.634;62180159376.0;4.674;73.82487805
Czechia;CZE;1998;0.2934547;3.1696072;3.2027829;0.5479171;0.1633383;126.5336;66807429711.0;6.455;74.51463415
Czechia;CZE;1999;0.29377267;3.134626;3.200609;0.5478809;0.16408597;118.9322;65173130995.0;8.702;74.66829268
Czechia;CZE;2000;0.2939955;3.1078284;3.1987855;0.5478421;0.16465355;131.655;61828166496.0;8.764;74.96829268
Czechia;CZE;2001;0.29418162;3.0879393;3.1971798;0.54779845;0.16572386;131.6423;67808032980.0;8.128;75.17317073
Czechia;CZE;2002;0.29441285;3.0685062;3.1954782;0.5477548;0.16692717;126.5611;82196001051.0;7.281;75.22195122
Czechia;CZE;2003;0.2946503;3.0513275;3.1938188;0.547713;0.16895504;129.9124;100000000000.0;7.777;75.17073171
Czechia;CZE;2004;0.29485515;3.0343375;3.1922584;0.5476734;0.17094596;130.888;120000000000.0;8.298;75.72195122
Czechia;CZE;2005;0.29498923;3.0188644;3.1907578;0.5476307;0.17273149;128.542;137000000000.0;7.927;75.92439024
Czechia;CZE;2006;0.2950909;3.0022566;3.189479;0.54758173;0.17460564;129.7416;156000000000.0;7.141;76.52439024
Czechia;CZE;2007;0.2952128;2.9856079;3.1884825;0.547534;0.1769462;131.169;190000000000.0;5.316;76.72439024
Czechia;CZE;2008;0.29534134;2.9686456;3.187546;0.5474897;0.17907904;125.3114;237000000000.0;4.393;76.97560976
Czechia;CZE;2009;0.2954636;2.9530962;3.1864562;0.5474497;0.18075189;118.9909;207000000000.0;6.662;77.07804878
Czechia;CZE;2010;0.29556757;2.9410903;3.184955;0.5474121;0.18253829;120.345;209000000000.0;7.281;77.42439024
Czechia;CZE;2011;0.29570618;2.928001;3.1822746;0.54737437;0.18335786;117.555;230000000000.0;6.712;77.87317073
Czechia;CZE;2012;0.29591092;2.9136982;3.1782794;0.54733896;0.18419945;113.4623;209000000000.0;6.979;78.07560976
Czechia;CZE;2013;0.29614052;2.8993616;3.1735919;0.54730624;0.1849567;108.945;212000000000.0;6.953;78.17560976
Czechia;CZE;2014;0.29635313;2.8871071;3.1688817;0.54727674;0.18563884;106.6095;209000000000.0;6.108;78.82439024
Czechia;CZE;2015;0.2965073;2.8789806;3.1647387;0.54724824;0.18666612;107.5739;188000000000.0;5.048;78.57804878
Czechia;CZE;2016;0.2968482;2.8781762;3.1530337;0.547219;0.18728484;109.0102;196000000000.0;3.952;79.02682927
Czechia;CZE;2017;0.2971475;2.8795915;3.1426318;0.5471923;0.18837492;109.8664;219000000000.0;2.893;78.97804878
Czechia;CZE;2018;0.29701176;2.8781662;3.1446435;0.547169;0.18993388;108.6618;249000000000.0;2.246;79.02926829
Czechia;CZE;2019;0.29657868;2.878852;3.1539073;0.54714864;0.19224705;103.2747;253000000000.0;2.015;79.22926829
Democratic Republic of Congo;COD;1990;0.20798896;5.590445;3.8254077;0.556549;0.088675186;3.367;;;48.601
Democratic Republic of Congo;COD;1991;0.20771715;5.58176;3.8227606;0.5565471;0.08681505;1.8924;;3.213;48.948
Democratic Republic of Congo;COD;1992;0.20737496;5.574164;3.8205063;0.556545;0.08486086;1.6263;8850000000.0;3.312;49.244
Democratic Republic of Congo;COD;1993;0.20698039;5.565479;3.8187976;0.55654275;0.08269458;1.5681;10768000000.0;3.39;49.551
Democratic Republic of Congo;COD;1994;0.20655185;5.5571218;3.8177962;0.5565405;0.08060692;2.4809;5820475672.0;3.345;49.884
Democratic Republic of Congo;COD;1995;0.20610414;5.5515733;3.8178594;0.5565376;0.07867151;2.313;5643416613.0;3.233;50.411
Democratic Republic of Congo;COD;1996;0.2054189;5.544896;3.8187168;0.5565364;0.07637672;2.5573;5771456952.0;3.117;49.307
Democratic Republic of Congo;COD;1997;0.20440668;5.5363917;3.820236;0.5565355;0.07435618;2.5645;6090838693.0;3.14;50.402
Democratic Republic of Congo;COD;1998;0.20329994;5.524325;3.8218355;0.556534;0.07200691;2.5534;6217805821.0;3.169;49.696
Democratic Republic of Congo;COD;1999;0.20232965;5.513045;3.8231091;0.55653244;0.07011336;2.3593;4711259427.0;3.206;49.945
Democratic Republic of Congo;COD;2000;0.20172705;5.5056124;3.8237915;0.556532;0.06850595;1.8745;19088046306.0;3.224;51.781
Democratic Republic of Congo;COD;2001;0.20138717;5.496118;3.8229806;0.55652976;0.067596585;1.822;7438189100.0;3.233;52.116
Democratic Republic of Congo;COD;2002;0.20106016;5.487589;3.821228;0.55652815;0.06653323;1.9118;8728038525.0;3.165;52.333
Democratic Republic of Congo;COD;2003;0.20077473;5.4756227;3.8190038;0.5565269;0.06569081;2.3162;8937567060.0;3.05;52.827
Democratic Republic of Congo;COD;2004;0.20055912;5.4669857;3.8167355;0.55652565;0.06502207;2.212;10297483481.0;2.973;53.426
Democratic Republic of Congo;COD;2005;0.2004392;5.4581976;3.8150587;0.55652565;0.064640656;2.4802;11964484466.0;2.948;53.927
Democratic Republic of Congo;COD;2006;0.200305;5.4468436;3.8125184;0.55652434;0.06453541;2.549;14451901696.0;3.173;54.534
Democratic Republic of Congo;COD;2007;0.20007707;5.4351487;3.8088162;0.55652356;0.06449429;2.8161;16737071816.0;3.401;54.923
Democratic Republic of Congo;COD;2008;0.19983533;5.4205904;3.804919;0.55652326;0.06444458;2.8897;19788515590.0;3.625;55.339
Democratic Republic of Congo;COD;2009;0.19966069;5.4112463;3.8017938;0.5565234;0.06404806;2.8076;18648372553.0;3.879;55.836
Democratic Republic of Congo;COD;2010;0.19963501;5.40451;3.800554;0.55652404;0.0644689;2.9427;21565721045.0;4.096;56.417
Democratic Republic of Congo;COD;2011;0.19991763;5.4056463;3.8024247;0.55652404;0.06484499;3.3659;25839749199.0;4.315;57.069
Democratic Republic of Congo;COD;2012;0.2005015;5.4118137;3.8075843;0.55652434;0.0658978;3.0134;29306235285.0;4.485;57.248
Democratic Republic of Congo;COD;2013;0.20122151;5.418428;3.8141844;0.5565249;0.06788847;4.1919;32679745048.0;4.474;57.762
Democratic Republic of Congo;COD;2014;0.20191166;5.4236436;3.820375;0.55652547;0.069324665;5.3844;35909040926.0;4.446;58.296
Democratic Republic of Congo;COD;2015;0.20240495;5.4288607;3.8244972;0.556526;0.07080159;3.4892;37917706497.0;4.456;58.49
Democratic Republic of Congo;COD;2016;0.20305055;5.422818;3.8296635;0.5565265;0.072197616;2.6884;37134801555.0;4.548;59.066
Democratic Republic of Congo;COD;2017;0.20366472;5.416341;3.8333197;0.556527;0.073255114;3.1274;38019264795.0;4.637;59.411
Democratic Republic of Congo;COD;2018;0.20400597;5.425274;3.8279476;0.55652755;0.0742128;3.0528;47568210010.0;4.661;59.942
Democratic Republic of Congo;COD;2019;0.20435695;5.44306;3.8151321;0.55652803;0.074727066;3.3523;51775829877.0;4.642;60.276
Denmark;DNK;1990;0.21588139;4.3909826;4.8099895;0.9496143;0.41118437;52.4316;138000000000.0;;74.80536585
Denmark;DNK;1991;0.21588486;4.3640523;4.8177924;0.94959;0.41247177;63.0923;139000000000.0;9.099;75.15780488
Denmark;DNK;1992;0.21587719;4.328565;4.8247056;0.94957125;0.41322926;57.3996;153000000000.0;9.027;75.19414634
Denmark;DNK;1993;0.21586382;4.291394;4.830106;0.9495614;0.4152265;59.723;143000000000.0;10.719;75.11682927
Denmark;DNK;1994;0.21584885;4.24892;4.834162;0.9495659;0.4170566;63.7057;156000000000.0;8.036;75.37512195
Denmark;DNK;1995;0.21583435;4.203793;4.836399;0.9495721;0.4190727;60.6024;185000000000.0;6.992;75.21268293
Denmark;DNK;1996;0.21580586;4.146024;4.8367753;0.94958603;0.4212797;74.0318;188000000000.0;6.844;75.59146341
Denmark;DNK;1997;0.21576108;4.068902;4.8361273;0.949607;0.42466274;64.2685;174000000000.0;5.4;75.94512195
Denmark;DNK;1998;0.21570309;3.9876378;4.8347464;0.9496215;0.42766583;60.2802;177000000000.0;5.039;76.13902439
Denmark;DNK;1999;0.21564288;3.9077613;4.8335733;0.9496598;0.4306423;57.3113;178000000000.0;5.142;76.34146341
Denmark;DNK;2000;0.21558674;3.8416915;4.8331356;0.9497058;0.43336776;53.1933;164000000000.0;4.476;76.59268293
Denmark;DNK;2001;0.21542406;3.7883213;4.8333135;0.94881856;0.43697956;54.7894;165000000000.0;4.164;76.79268293
Denmark;DNK;2002;0.21512239;3.7376266;4.8339915;0.946633;0.44035754;54.3138;179000000000.0;4.274;76.89512195
Denmark;DNK;2003;0.21480212;3.6899285;4.8346615;0.9439888;0.44345278;59.7427;218000000000.0;5.398;77.14390244
Denmark;DNK;2004;0.21458283;3.6493335;4.835232;0.9417859;0.4469175;54.1805;251000000000.0;5.204;77.49268293
Denmark;DNK;2005;0.21458648;3.6151078;4.835422;0.9408773;0.4491398;50.7099;264000000000.0;4.83;77.84390244
Denmark;DNK;2006;0.21741113;3.58285;4.8332257;0.9409052;0.45140344;58.6574;283000000000.0;3.897;78.09512195
Denmark;DNK;2007;0.22392994;3.5521986;4.828784;0.94094557;0.45322025;53.9149;319000000000.0;3.801;78.19512195
Denmark;DNK;2008;0.23168026;3.5246913;4.823805;0.9409634;0.45507848;50.6624;353000000000.0;3.683;78.44634146
Denmark;DNK;2009;0.23819053;3.5045319;4.820482;0.9409952;0.45670235;48.4684;321000000000.0;6.409;78.59756098
Denmark;DNK;2010;0.2409941;3.4930654;4.8208127;0.94102407;0.45769343;48.58;322000000000.0;7.747;79.1
Denmark;DNK;2011;0.2409809;3.4911556;4.8299036;0.9410235;0.45879945;43.5074;344000000000.0;7.769;79.8
Denmark;DNK;2012;0.24075875;3.4912093;4.8479366;0.9410103;0.45912847;38.6096;327000000000.0;7.798;80.05121951
Denmark;DNK;2013;0.24044524;3.4932568;4.8688307;0.9409444;0.45965907;40.3534;344000000000.0;7.384;80.3
Denmark;DNK;2014;0.24015133;3.494156;4.8869395;0.94085705;0.4597326;36.2169;353000000000.0;6.925;80.7
Denmark;DNK;2015;0.23999041;3.4930105;4.896541;0.94074917;0.46083546;34.0852;303000000000.0;6.278;80.70243902
Denmark;DNK;2016;0.24008548;3.4778132;4.893634;0.94062287;0.46320453;35.7161;313000000000.0;5.989;80.85365854
Denmark;DNK;2017;0.24028844;3.4658232;4.8873973;0.9405177;0.46608737;33.582;332000000000.0;5.833;81.10243902
Denmark;DNK;2018;0.24067952;3.4691179;4.8819747;0.94039935;0.46809715;33.5742;357000000000.0;5.131;80.95365854
Denmark;DNK;2019;0.2413819;3.4828994;4.873904;0.94029397;0.47125348;30.0831;346000000000.0;5.018;81.45121951
Djibouti;DJI;1990;0.22100975;4.437884;3.215538;0.6072127;0.10860044;0.9925;452328087.3;;55.498
Djibouti;DJI;1991;0.22040248;4.436908;3.220492;0.60726464;0.10734301;1.2641;462421998.5;27.078;55.156
Djibouti;DJI;1992;0.21986185;4.4346633;3.2236044;0.6072934;0.10620821;1.0823;478058304.9;26.931;54.452
Djibouti;DJI;1993;0.21942851;4.429724;3.2239;0.6072884;0.105091535;1.0608;466048469.2;27.509;55.774
Djibouti;DJI;1994;0.21909444;4.428291;3.2241497;0.6072892;0.10392179;1.0895;491689220.7;27.422;55.505
Djibouti;DJI;1995;0.21887656;4.429717;3.2247736;0.6073035;0.10306109;1.0977;497723960.6;27.607;56.302
Djibouti;DJI;1996;0.21873449;4.432314;3.2238548;0.6073023;0.10172634;1.1452;494004647.7;27.461;56.186
Djibouti;DJI;1997;0.21859102;4.4369507;3.2219424;0.60729176;0.10016413;1.154;502675542.0;27.446;55.967
Djibouti;DJI;1998;0.21845564;4.4457135;3.2204447;0.60728884;0.09980412;1.1771;514267869.3;27.269;56.176
Djibouti;DJI;1999;0.21835706;4.4497995;3.2193475;0.6072899;0.098761424;1.1994;536080148.1;26.955;56.427
Djibouti;DJI;2000;0.21832211;4.454809;3.218948;0.60730237;0.09811794;0.7582;551230861.9;26.862;56.573
Djibouti;DJI;2001;0.21845572;4.4556046;3.2189846;0.60730714;0.09832054;0.7639;572417440.8;26.78;56.903
Djibouti;DJI;2002;0.21875872;4.455916;3.2198284;0.6073121;0.097750224;0.7856;591122039.6;26.761;57.215
Djibouti;DJI;2003;0.21910691;4.45604;3.221596;0.60732466;0.097792804;0.8253;622044665.5;26.647;57.595
Djibouti;DJI;2004;0.21938264;4.4564505;3.2237382;0.6073436;0.09739573;0.7988;666072101.8;26.602;57.759
Djibouti;DJI;2005;0.21948141;4.457932;3.2254953;0.60736436;0.09758531;0.759;708633194.7;26.605;58.316
Djibouti;DJI;2006;0.21934147;4.4554844;3.2258382;0.60737544;0.098040365;0.7325;768873684.0;26.528;58.715
Djibouti;DJI;2007;0.21904399;4.448311;3.2254424;0.6073801;0.09845372;0.7573;847918929.1;26.423;59.024
Djibouti;DJI;2008;0.21869633;4.4401946;3.2249305;0.60737944;0.09902126;0.8162;999105339.3;26.299;59.365
Djibouti;DJI;2009;0.21840619;4.432432;3.2247682;0.6073748;0.09961931;0.7221;1049110685.0;26.436;59.673
Djibouti;DJI;2010;0.21828088;4.4285417;3.2256787;0.6073675;0.100495994;0.8197;1128611700.0;26.469;60.259
Djibouti;DJI;2011;0.21832187;4.426662;3.2291503;0.60736156;0.10112772;0.6241;1239144502.0;26.399;60.433
Djibouti;DJI;2012;0.21844257;4.4285526;3.2355363;0.6073551;0.10220531;0.7987;1353632942.0;26.252;60.848
Djibouti;DJI;2013;0.21860686;4.4291425;3.242967;0.6073475;0.10313314;0.8716;2042817163.0;26.211;61.221
Djibouti;DJI;2014;0.21877824;4.4288054;3.2495174;0.6073393;0.103964254;0.8892;2214679081.0;26.217;61.641
Djibouti;DJI;2015;0.21892242;4.4297843;3.2534885;0.6073283;0.10527936;0.8145;2424391785.0;26.095;61.957
Djibouti;DJI;2016;0.21929887;4.4359293;3.2554479;0.6073187;0.10670146;0.7217;2604955229.0;25.999;62.191
Djibouti;DJI;2017;0.21974987;4.4426007;3.2565503;0.6073101;0.10849839;0.6426;2762581334.0;26.064;62.797
Djibouti;DJI;2018;0.2201874;4.4503827;3.256191;0.60730255;0.10925604;0.7022;2913466732.0;26.18;63.038
Djibouti;DJI;2019;0.22082785;4.4612656;3.25465;0.60729665;0.11031635;0.6771;3088853639.0;26.246;63.085
Dominica;DMA;1990;0.27053568;3.0686984;4.2328196;0.9019996;0.17713843;0.0201;201429629.6;;69.852
Dominica;DMA;1991;0.2706655;3.0348558;4.2226;0.90182906;0.17827846;0.0204;219762963.0;;69.646
Dominica;DMA;1992;0.2707851;3.0061433;4.2134757;0.90166736;0.17994055;0.0206;234059259.3;;70.282
Dominica;DMA;1993;0.27088922;2.981505;4.2059903;0.9015313;0.18120033;0.0379;245525925.9;;70.937
Dominica;DMA;1994;0.2709765;2.9638696;4.200244;0.90142345;0.1821761;0.0493;264374074.1;;71.076
Dominica;DMA;1995;0.27104563;2.9570954;4.196389;0.9013453;0.18336645;0.0568;274522222.2;;71.52
Dominica;DMA;1996;0.27107224;2.9554079;4.1954193;0.9013015;0.18460107;0.0625;292285185.2;;71.194
Dominica;DMA;1997;0.27105615;2.9577315;4.1972017;0.90128475;0.18561457;0.0604;302988888.9;;71.634
Dominica;DMA;1998;0.2710319;2.962808;4.20023;0.90129924;0.18671042;0.0335;322411111.1;;71.472
Dominica;DMA;1999;0.27103493;2.9678013;4.202725;0.9013335;0.18757941;0.0578;331759259.3;;70.631
Dominica;DMA;2000;0.27109808;2.9697232;4.2029905;0.901377;0.18877809;0.053;333470370.4;;72.693
Dominica;DMA;2001;0.2713387;2.9712722;4.2003326;0.90143037;0.18953131;0.0538;340203703.7;;71.713
Dominica;DMA;2002;0.27176714;2.9753861;4.1961007;0.9014906;0.19028352;0.0483;333196296.3;;72.34
Dominica;DMA;2003;0.27225965;2.9786286;4.1915364;0.90154874;0.19130221;0.055;343311111.1;;71.438
Dominica;DMA;2004;0.27269393;2.9798198;4.187915;0.9015968;0.19168635;0.0589;367200000.0;;72.401
Dominica;DMA;2005;0.2729489;2.9797997;4.1865053;0.9016284;0.19287336;0.0577;364255555.6;;72.254
Dominica;DMA;2006;0.27307507;2.971485;4.188741;0.9016408;0.19411203;0.0602;390251851.9;;72.848
Dominica;DMA;2007;0.27319703;2.9577544;4.1943035;0.9016403;0.19639932;0.0725;421374074.1;;71.93
Dominica;DMA;2008;0.27330768;2.9419768;4.2016234;0.90162617;0.19856583;0.0695;458188888.9;;73.305
Dominica;DMA;2009;0.2734003;2.9301372;4.2091417;0.90159804;0.20049837;0.0707;489074074.1;;72.17
Dominica;DMA;2010;0.27346745;2.926295;4.2153935;0.9015615;0.20174742;0.0728;493825925.9;;71.55
Dominica;DMA;2011;0.27353278;2.93247;4.2247586;0.90151846;0.20302355;0.0569;501025925.9;;69.695
Dominica;DMA;2012;0.27361724;2.9478023;4.23999;0.9014746;0.20401086;0.0534;485996296.3;;70.538
Dominica;DMA;2013;0.2737093;2.9670696;4.2570033;0.9014296;0.20509806;0.0617;498296296.3;;68.896
Dominica;DMA;2014;0.27379742;2.9839358;4.271736;0.9013846;0.20546928;0.0661;520429629.6;;69.434
Dominica;DMA;2015;0.2738688;2.993516;4.2801867;0.90134335;0.20615022;0.0685;540737037.0;;68.727
Dominica;DMA;2016;0.27415782;2.9963288;4.280185;0.9013029;0.20708463;0.0728;576229629.6;;70.128
Dominica;DMA;2017;0.27452;2.9986322;4.2781177;0.9012666;0.20786305;0.0634;521551851.9;;67.525
Dominica;DMA;2018;0.2746836;3.0280294;4.278501;0.90123314;0.20749415;0.0741;554770370.4;;73.59
Dominica;DMA;2019;0.27476716;3.0847688;4.2796836;0.9012004;0.2061602;0.0805;611537037.0;;73.559
Dominican Republic;DOM;1990;0.2676483;3.7678587;4.47408;0.9129951;0.17507628;8.0492;7073675545.0;;67.11
Dominican Republic;DOM;1991;0.2674567;3.7704337;4.4682994;0.91318244;0.17557462;8.4284;9824483340.0;6.878;67.625
Dominican Republic;DOM;1992;0.26735774;3.7750514;4.462901;0.91329443;0.1760941;9.7809;11605382504.0;6.671;68.084
Dominican Republic;DOM;1993;0.26734;3.7795827;4.457919;0.9133225;0.17703211;9.6593;13081042400.0;6.305;68.472
Dominican Republic;DOM;1994;0.267394;3.7831237;4.453457;0.91326725;0.17767832;11.2871;14644734599.0;6.267;68.792
Dominican Republic;DOM;1995;0.26750618;3.7884104;4.450055;0.9131458;0.17800008;11.9999;16637370839.0;6.431;68.988
Dominican Republic;DOM;1996;0.2678152;3.8059838;4.4486666;0.9129678;0.17877357;12.9051;18241622548.0;6.48;69.097
Dominican Republic;DOM;1997;0.2683742;3.8448184;4.448888;0.9127447;0.18066654;14.6874;20017450041.0;6.314;69.166
Dominican Republic;DOM;1998;0.2690312;3.8924375;4.4495263;0.9124915;0.18221654;16.7942;21672215547.0;6.295;69.096
Dominican Republic;DOM;1999;0.26963383;3.9321122;4.4494915;0.91223;0.18405764;18.2076;22136579397.0;6.305;69.279
Dominican Republic;DOM;2000;0.27003175;3.9518254;4.4474735;0.9119678;0.18587922;19.0138;24305780629.0;6.432;69.423
Dominican Republic;DOM;2001;0.27031958;3.95916;4.4428926;0.9117089;0.18711217;19.1404;25601823688.0;7.262;69.642
Dominican Republic;DOM;2002;0.2706639;3.968561;4.437084;0.91146404;0.18828484;21.0142;27137440786.0;6.779;69.923
Dominican Republic;DOM;2003;0.2710166;3.97536;4.4314137;0.91124403;0.1900709;18.7845;21403167848.0;6.938;70.265
Dominican Republic;DOM;2004;0.27133164;3.9794157;4.427011;0.91105604;0.19151309;17.4236;22322387382.0;6.303;70.331
Dominican Republic;DOM;2005;0.27156696;3.980367;4.424928;0.91089547;0.19312112;18.7862;35777560684.0;6.587;70.875
Dominican Republic;DOM;2006;0.2718488;3.9705696;4.428441;0.91075695;0.1950601;20.5309;37879830084.0;5.655;71.165
Dominican Republic;DOM;2007;0.27227417;3.9506974;4.4379125;0.91063756;0.1972053;20.6994;43965458509.0;5.158;71.371
Dominican Republic;DOM;2008;0.27275515;3.9292269;4.449831;0.91053385;0.19951643;20.6535;48122601530.0;4.764;71.658
Dominican Republic;DOM;2009;0.273201;3.9091845;4.46074;0.91044784;0.20186532;19.8004;48261078914.0;5.467;71.871
Dominican Republic;DOM;2010;0.27352464;3.89255;4.4672446;0.91037506;0.20408584;20.8377;53860187258.0;5.212;72.093
Dominican Republic;DOM;2011;0.27382657;3.8736737;4.471896;0.91031206;0.20628425;21.0813;58029773599.0;6.087;72.221
Dominican Republic;DOM;2012;0.2742266;3.848534;4.478646;0.9102588;0.20789868;21.8534;60681535653.0;6.722;72.514
Dominican Republic;DOM;2013;0.27466854;3.8197856;4.485924;0.91021657;0.21039866;21.4596;62682159338.0;7.352;72.713
Dominican Republic;DOM;2014;0.2750951;3.7958152;4.4920454;0.910187;0.21320459;21.6743;67179955677.0;6.719;72.867
Dominican Republic;DOM;2015;0.27545208;3.786363;4.4953833;0.9101655;0.21582673;23.8;71164826837.0;7.605;72.953
Dominican Republic;DOM;2016;0.2760968;3.7861633;4.4905167;0.91014826;0.2196807;24.7963;75704647878.0;7.284;72.987
Dominican Republic;DOM;2017;0.27676705;3.787071;4.485532;0.9101331;0.22426602;23.7362;79998046306.0;5.832;73.063
Dominican Republic;DOM;2018;0.27727082;3.8003783;4.489796;0.91011876;0.2269934;25.5515;85555390139.0;5.861;73.232
Dominican Republic;DOM;2019;0.27786973;3.8231027;4.50035;0.910109;0.22997883;25.9419;88941372558.0;6.356;73.577
East Timor;TLS;1990;0.25070697;3.0719993;3.6356022;0.3160248;0.07090579;0.0017;128210141.8;;44.953
East Timor;TLS;1991;0.25141472;3.0683482;3.6379125;0.31605625;0.071599945;0.0018;147713000.0;3.329;44.985
East Timor;TLS;1992;0.2520524;3.0623794;3.6405456;0.31608528;0.07237211;0.0019;187891500.0;3.292;46.276
East Timor;TLS;1993;0.2526005;3.0558243;3.6432805;0.31611297;0.07324385;0.0019;216914400.0;3.257;47.254
East Timor;TLS;1994;0.2530422;3.0471106;3.6458266;0.31613857;0.07385382;0.002;239040500.0;3.278;48.252
East Timor;TLS;1995;0.2533348;3.0399442;3.648928;0.3161567;0.07443308;0.002;262819900.0;3.3;48.024
East Timor;TLS;1996;0.25352246;3.0252807;3.6516;0.31617898;0.07504465;0.002;306956900.0;3.315;48.816
East Timor;TLS;1997;0.25361794;3.0034957;3.6553915;0.31620046;0.07517592;0.002;319972700.0;3.346;49.517
East Timor;TLS;1998;0.25365824;2.9767904;3.659783;0.31622124;0.075907;0.0646;325729800.0;3.408;49.123
East Timor;TLS;1999;0.2536761;2.9500635;3.6645818;0.3162398;0.076180495;0.1635;225357600.0;3.66;45.701
East Timor;TLS;2000;0.25370762;2.931664;3.669087;0.3162316;0.07656966;0.2283;366924300.0;3.596;58.568
East Timor;TLS;2001;0.25386328;2.916267;3.6704752;0.31622842;0.07709186;0.1244;477443500.0;3.483;59.362
East Timor;TLS;2002;0.25413334;2.9027863;3.6706035;0.31622162;0.07756064;0.1059;469455500.0;3.326;60.148
East Timor;TLS;2003;0.25448057;2.8881469;3.6700907;0.3162103;0.07811427;0.2745;490439100.0;3.409;60.871
East Timor;TLS;2004;0.2548717;2.8735113;3.66944;0.3161893;0.07865856;0.5218;440772000.0;3.498;61.628
East Timor;TLS;2005;0.25527802;2.8597662;3.6692438;0.3161313;0.079346925;0.3508;462268000.0;3.448;62.328
East Timor;TLS;2006;0.25595042;2.8441641;3.671863;0.3160875;0.08143265;0.3406;453792400.0;3.46;63.073
East Timor;TLS;2007;0.2570128;2.8273177;3.6784325;0.31604692;0.08524025;0.3041;542795400.0;3.409;63.723
East Timor;TLS;2008;0.2582302;2.8107004;3.687151;0.316011;0.089660175;0.3013;648523600.0;3.367;64.329
East Timor;TLS;2009;0.25937402;2.7960544;3.6960728;0.31597897;0.093512684;0.336;726937800.0;3.295;64.854
East Timor;TLS;2010;0.26023588;2.7898347;3.7026641;0.3159388;0.09566729;0.3297;881909300.0;3.301;65.304
East Timor;TLS;2011;0.2610564;2.788446;3.7099147;0.31592518;0.096404806;0.3661;1042534600.0;3.533;65.697
East Timor;TLS;2012;0.262103;2.7909462;3.7205172;0.31592405;0.09709047;0.6236;1160555000.0;3.767;66.081
East Timor;TLS;2013;0.26314393;2.7938006;3.732647;0.31592965;0.097646885;0.7565;1395727400.0;4.011;66.44
East Timor;TLS;2014;0.26395333;2.797253;3.7443056;0.31593847;0.098117255;0.7459;1447535200.0;4.228;66.787
East Timor;TLS;2015;0.2643149;2.7985954;3.7535882;0.31594095;0.09825748;0.704;1595205100.0;4.45;67.137
East Timor;TLS;2016;0.2634376;2.799344;3.7641618;0.31595463;0.097629756;0.6704;1652603700.0;4.657;67.446
East Timor;TLS;2017;0.2624605;2.7999585;3.7740252;0.31597155;0.09699995;0.6976;1598208400.0;4.212;67.745
East Timor;TLS;2018;0.26239967;2.8020642;3.783179;0.31598878;0.096232735;0.6833;1566157200.0;3.732;68.017
East Timor;TLS;2019;0.26271933;2.804642;3.7955263;0.31600568;0.09486652;0.6671;2027034000.0;3.129;68.268
Ecuador;ECU;1990;0.27146548;3.2825074;5.11784;0.9083763;0.24482945;17.5237;15239272612.0;;69.348
Ecuador;ECU;1991;0.27130806;3.2822719;5.105161;0.908399;0.24539623;17.5592;16988535268.0;4.332;69.625
Ecuador;ECU;1992;0.2712105;3.281563;5.0949244;0.90841603;0.24617188;18.4968;18094238119.0;4.291;70.117
Ecuador;ECU;1993;0.27116597;3.2834256;5.087211;0.9084386;0.24623473;18.0423;18938717359.0;4.367;70.345
Ecuador;ECU;1994;0.27115792;3.28611;5.082544;0.9084554;0.24646893;18.9107;22708673337.0;4.373;70.757
Ecuador;ECU;1995;0.2711766;3.288558;5.0811043;0.9084689;0.24654084;20.7596;24432884442.0;4.372;71.041
Ecuador;ECU;1996;0.27132136;3.295632;5.084251;0.9084793;0.24667756;23.9259;25226393197.0;4.387;71.362
Ecuador;ECU;1997;0.271629;3.3099716;5.0914564;0.90848666;0.24654508;24.9358;28162053027.0;4.389;71.681
Ecuador;ECU;1998;0.2719953;3.3253288;5.1001854;0.90849775;0.2460696;24.4664;27981896948.0;4.35;72.045
Ecuador;ECU;1999;0.27231315;3.3405862;5.1077743;0.90850335;0.24558333;21.656;19645272636.0;4.642;72.463
Ecuador;ECU;2000;0.27247846;3.3482025;5.1115184;0.90850216;0.24557704;21.9997;17539454727.0;4.8;72.839
Ecuador;ECU;2001;0.27250308;3.3530872;5.1111455;0.9084988;0.24598892;24.2657;23127055000.0;4.252;73.24
Ecuador;ECU;2002;0.27249077;3.358557;5.1088343;0.9084932;0.24681246;24.254;27054197000.0;4.825;73.613
Ecuador;ECU;2003;0.27247354;3.3620048;5.1057415;0.90848345;0.24779084;24.7916;30965208000.0;5.662;73.975
Ecuador;ECU;2004;0.27248323;3.3646739;5.103197;0.90846807;0.24917918;26.1697;35194947000.0;5.002;74.279
Ecuador;ECU;2005;0.27255198;3.3645496;5.102552;0.90845037;0.25033808;28.1798;40278849000.0;3.779;74.514
Ecuador;ECU;2006;0.27280945;3.363072;5.1049614;0.90842664;0.25259858;30.1744;45690762000.0;3.55;74.689
Ecuador;ECU;2007;0.27327847;3.3585632;5.11025;0.9083995;0.25467345;30.7847;49848725000.0;3.142;74.844
Ecuador;ECU;2008;0.2738299;3.3539047;5.1175632;0.9083754;0.25663987;31.8179;61139438000.0;3.917;74.983
Ecuador;ECU;2009;0.27433988;3.3498144;5.1256685;0.90834725;0.2598128;34.6222;60094978000.0;4.608;75.184
Ecuador;ECU;2010;0.27468234;3.3468227;5.133518;0.9083132;0.2627543;37.3219;68151329000.0;4.088;75.43
Ecuador;ECU;2011;0.27494526;3.3436587;5.1464357;0.9082741;0.26569536;37.6935;78986648000.0;3.458;75.743
Ecuador;ECU;2012;0.27526292;3.341263;5.166718;0.90822977;0.26902258;37.8686;87735048000.0;3.235;76.062
Ecuador;ECU;2013;0.27557677;3.3393662;5.1889415;0.9081829;0.27231848;40.2925;96570334000.0;3.083;76.369
Ecuador;ECU;2014;0.27583277;3.3361611;5.2078395;0.9081343;0.27580678;42.4828;103000000000.0;3.48;76.622
Ecuador;ECU;2015;0.2759743;3.3338869;5.218065;0.90808165;0.27871346;42.2047;97209558000.0;3.616;76.789
Ecuador;ECU;2016;0.2758114;3.33239;5.2148705;0.90796834;0.28207183;40.9127;97671433000.0;4.597;76.763
Ecuador;ECU;2017;0.27560163;3.3310006;5.2097163;0.9078061;0.28394884;39.7064;104000000000.0;3.836;76.972
Ecuador;ECU;2018;0.27558616;3.3314188;5.215803;0.907703;0.28395268;41.3159;107000000000.0;3.53;77.094
Ecuador;ECU;2019;0.27563453;3.3306973;5.2311482;0.90765;0.2837155;40.7692;108000000000.0;3.812;77.297
Egypt;EGY;1990;0.24535134;3.7920954;4.415513;0.72433305;0.15812328;91.4479;42978914311.0;;64.146
Egypt;EGY;1991;0.24536918;3.8196313;4.419191;0.7243617;0.1590892;93.6083;37387836491.0;9.38;64.755
Egypt;EGY;1992;0.24541242;3.8407712;4.4200096;0.72439533;0.159734;97.3789;41855986519.0;8.92;65.031
Egypt;EGY;1993;0.2454727;3.8577743;4.4185557;0.7244327;0.16051714;97.7146;46578631453.0;10.92;65.468
Egypt;EGY;1994;0.24554187;3.8671024;4.415509;0.7244746;0.16114584;93.1626;51897983393.0;10.93;65.816
Egypt;EGY;1995;0.24561276;3.8702178;4.4114027;0.72451586;0.1623022;99.6666;60159245060.0;11.04;66.312
Egypt;EGY;1996;0.24575405;3.8553162;4.356292;0.7245511;0.1631554;106.8543;67629716981.0;9.0;66.742
Egypt;EGY;1997;0.24599355;3.8207393;4.2314243;0.72457963;0.16436797;113.7167;78436578171.0;8.37;67.197
Egypt;EGY;1998;0.24626125;3.779099;4.083965;0.72460526;0.16615854;120.066;84828807556.0;8.03;67.471
Egypt;EGY;1999;0.24648769;3.7450073;3.961074;0.7246296;0.16744646;129.3431;90710704807.0;7.95;67.737
Egypt;EGY;2000;0.24660341;3.7301762;3.9098616;0.72465265;0.16845532;127.859;99838543960.0;8.98;68.007
Egypt;EGY;2001;0.24657656;3.7337484;3.9109635;0.7246746;0.16993871;141.1477;96684636119.0;9.26;68.308
Egypt;EGY;2002;0.24645925;3.7381115;3.9136815;0.7246954;0.17113276;144.9069;85146067416.0;10.01;68.564
Egypt;EGY;2003;0.24630849;3.7448118;3.917967;0.72471553;0.17227449;147.798;80288461538.0;10.91;68.402
Egypt;EGY;2004;0.24618259;3.749454;3.9235525;0.7247318;0.17370944;160.3637;78782467532.0;10.32;68.613
Egypt;EGY;2005;0.24613982;3.753821;3.92999;0.72474134;0.17541373;178.3352;89600665557.0;11.049;68.779
Egypt;EGY;2006;0.24618915;3.7525122;3.989264;0.7247429;0.17688596;188.8295;107000000000.0;10.49;68.977
Egypt;EGY;2007;0.24628532;3.7464952;4.122379;0.7247357;0.17931707;201.9;130000000000.0;8.8;69.128
Egypt;EGY;2008;0.24640469;3.742725;4.282255;0.72471803;0.18099098;201.9695;163000000000.0;8.517;69.319
Egypt;EGY;2009;0.24652363;3.7380831;4.4217134;0.72468776;0.18341842;210.286;189000000000.0;9.087;69.48
Egypt;EGY;2010;0.24661826;3.737595;4.493589;0.72464406;0.18514201;211.6948;219000000000.0;8.757;69.664
Egypt;EGY;2011;0.24671397;3.7552204;4.5152283;0.7245893;0.18682568;219.282;236000000000.0;11.849;69.88
Egypt;EGY;2012;0.24683838;3.7997007;4.534659;0.7245236;0.18861686;232.8909;279000000000.0;12.597;70.085
Egypt;EGY;2013;0.24696954;3.85238;4.5508595;0.724446;0.19059601;228.6886;288000000000.0;13.154;70.052
Egypt;EGY;2014;0.24708563;3.89728;4.5628824;0.72436;0.19202353;233.042;306000000000.0;13.105;70.415
Egypt;EGY;2015;0.2471659;3.917347;4.569759;0.72426695;0.19393303;239.3425;329000000000.0;13.052;70.483
Egypt;EGY;2016;0.24723092;3.9158034;4.5637245;0.7241717;0.19560458;250.0503;332000000000.0;12.45;70.844
Egypt;EGY;2017;0.24729621;3.9134357;4.555389;0.7240791;0.19755909;268.6342;248000000000.0;11.767;71.302
Egypt;EGY;2018;0.24740069;3.9216802;4.5646315;0.72399354;0.19832063;269.31;263000000000.0;9.855;71.367
Egypt;EGY;2019;0.2475693;3.9397578;4.5883927;0.72391546;0.19892646;234.3408;319000000000.0;7.851;71.358
El Salvador;SLV;1990;0.26284495;3.7105129;4.208307;0.823738;0.15580483;2.593;4817542204.0;;62.55
El Salvador;SLV;1991;0.26287833;3.7102919;4.21461;0.8239666;0.15678358;3.3077;5252342400.0;7.53;63.856
El Salvador;SLV;1992;0.26297304;3.707654;4.2204623;0.82419056;0.15766765;3.723;5813399300.0;7.88;64.657
El Salvador;SLV;1993;0.26311058;3.7035732;4.22565;0.8244096;0.15885454;4.0445;6680269200.0;9.94;65.235
El Salvador;SLV;1994;0.2632715;3.6980116;4.2301545;0.8246401;0.16011198;4.6912;7679384000.0;7.68;65.838
El Salvador;SLV;1995;0.26343587;3.6920094;4.2338767;0.82487553;0.1612318;5.1295;8921947100.0;7.65;66.33
El Salvador;SLV;1996;0.26377052;3.6808152;4.2362294;0.825097;0.1624954;4.5672;9586327800.0;7.68;67.076
El Salvador;SLV;1997;0.26434267;3.662591;4.237323;0.82530123;0.1642793;5.5987;10221705900.0;7.98;67.895
El Salvador;SLV;1998;0.26498199;3.6410363;4.238374;0.8255096;0.16595158;5.867;10936669900.0;7.1;68.478
El Salvador;SLV;1999;0.26552013;3.617932;4.239908;0.8257073;0.16760014;5.8232;11284197000.0;7.3;69.379
El Salvador;SLV;2000;0.26578897;3.598476;4.2425714;0.8258825;0.16874944;5.7958;11784927700.0;6.96;69.865
El Salvador;SLV;2001;0.26577896;3.5801768;4.247578;0.82603735;0.17037202;6.0335;12282533600.0;6.96;69.598
El Salvador;SLV;2002;0.26565054;3.5598838;4.2545786;0.8261616;0.17130834;6.0513;12664190300.0;6.2;70.232
El Salvador;SLV;2003;0.2654874;3.5396497;4.2628117;0.82626486;0.17237742;6.577;13243892200.0;6.9;70.14
El Salvador;SLV;2004;0.2653725;3.520169;4.2714963;0.82636064;0.17384973;6.827;13724810900.0;6.8;70.34
El Salvador;SLV;2005;0.2653899;3.5070453;4.2795415;0.8264432;0.17508735;7.0305;14698000000.0;7.22;70.44
El Salvador;SLV;2006;0.26573837;3.4916263;4.2905326;0.826508;0.17668656;7.3866;15999890000.0;6.57;70.773
El Salvador;SLV;2007;0.26641667;3.479851;4.3065796;0.8265507;0.17821002;7.7765;17011750000.0;6.41;71.108
El Salvador;SLV;2008;0.26720753;3.4672506;4.3245234;0.8265663;0.18078254;7.0862;17986890000.0;5.88;71.424
El Salvador;SLV;2009;0.26789296;3.4569325;4.341396;0.8265618;0.18218514;6.8948;17601620000.0;7.33;71.576
El Salvador;SLV;2010;0.26825663;3.4494622;4.35401;0.82653445;0.18388423;6.7208;18447920000.0;4.893;71.848
El Salvador;SLV;2011;0.26832733;3.4408638;4.364949;0.826486;0.18553731;7.0198;20283780000.0;4.297;71.859
El Salvador;SLV;2012;0.2683105;3.4341145;4.377914;0.8264442;0.18706387;6.9949;21386150000.0;3.843;71.831
El Salvador;SLV;2013;0.26825583;3.4246569;4.3909883;0.8264087;0.18815537;6.6284;21990960000.0;3.693;71.771
El Salvador;SLV;2014;0.26821285;3.4197683;4.4023585;0.8263723;0.18953082;6.8083;22593470000.0;4.154;71.746
El Salvador;SLV;2015;0.26823112;3.417986;4.410211;0.8263401;0.19112937;7.2629;23438240000.0;3.998;71.814
El Salvador;SLV;2016;0.26868227;3.4224303;4.412546;0.82627296;0.19365184;7.3236;24191430000.0;4.418;72.025
El Salvador;SLV;2017;0.2691212;3.4263573;4.412135;0.8261648;0.19585647;6.6285;24979190000.0;4.385;72.311
El Salvador;SLV;2018;0.2690208;3.421177;4.4114614;0.82604295;0.19693491;7.1002;26020850000.0;4.006;72.555
El Salvador;SLV;2019;0.26860753;3.4073691;4.4097867;0.8259098;0.19801193;8.1035;26881140000.0;4.17;72.559
Equatorial Guinea;GNQ;1990;0.20516652;6.070372;3.8571975;0.5533982;0.08591732;0.0711;112119411.5;;50.86
Equatorial Guinea;GNQ;1991;0.204977;6.0535936;3.8583043;0.5533918;0.08605491;0.0741;110906028.5;7.285;50.969
Equatorial Guinea;GNQ;1992;0.2049487;6.039501;3.8593667;0.55338544;0.08651027;0.0741;134707183.8;7.487;51.113
Equatorial Guinea;GNQ;1993;0.2050502;6.0234075;3.8603368;0.5533791;0.08675974;0.0771;136047906.2;7.639;51.308
Equatorial Guinea;GNQ;1994;0.20524949;6.005497;3.8611953;0.55337304;0.08745269;1.2118;100807002.5;7.745;51.415
Equatorial Guinea;GNQ;1995;0.20551366;5.990858;3.861971;0.553367;0.088338815;1.2875;141853360.9;7.787;51.592
Equatorial Guinea;GNQ;1996;0.20639867;5.9727345;3.8624206;0.5533607;0.09169109;1.4094;232463022.8;7.84;51.727
Equatorial Guinea;GNQ;1997;0.20822689;5.948312;3.862763;0.5533542;0.098615974;1.9425;442337870.7;7.881;52.061
Equatorial Guinea;GNQ;1998;0.2106371;5.9226456;3.8627954;0.55334747;0.10836916;2.3636;370687634.4;7.933;52.382
Equatorial Guinea;GNQ;1999;0.21326637;5.896633;3.8623435;0.5533406;0.11865598;2.5839;621117885.7;8.002;52.752
Equatorial Guinea;GNQ;2000;0.21575135;5.8750057;3.861234;0.55333376;0.12889516;2.7592;1045998496.0;8.033;53.226
Equatorial Guinea;GNQ;2001;0.21839154;5.852683;3.8593378;0.5533267;0.140353;3.6229;1461139022.0;8.16;53.636
Equatorial Guinea;GNQ;2002;0.22146729;5.823823;3.8572462;0.55332;0.15328597;3.2385;1806742742.0;8.245;54.085
Equatorial Guinea;GNQ;2003;0.22460121;5.7962117;3.8548381;0.5533137;0.1665069;3.6198;2484745935.0;8.265;54.581
Equatorial Guinea;GNQ;2004;0.22741403;5.7732477;3.8520133;0.55330807;0.1787951;6.3206;4410764339.0;8.166;55.036
Equatorial Guinea;GNQ;2005;0.22952375;5.7566667;3.8486288;0.5533033;0.18911457;6.4343;8217369093.0;8.12;55.464
Equatorial Guinea;GNQ;2006;0.2311368;5.748321;3.843089;0.5532981;0.19711152;6.4296;10086528699.0;8.024;56.046
Equatorial Guinea;GNQ;2007;0.23265336;5.741433;3.8355663;0.5532941;0.20474298;7.1806;13071718759.0;7.974;56.54
Equatorial Guinea;GNQ;2008;0.23399498;5.736386;3.8274233;0.55329156;0.21116018;6.6505;19749893536.0;7.943;57.074
Equatorial Guinea;GNQ;2009;0.23508522;5.733987;3.8199673;0.5532907;0.21646173;6.8665;15027795173.0;8.098;57.431
Equatorial Guinea;GNQ;2010;0.23584801;5.7302837;3.8145404;0.5532916;0.22007354;6.842;16314443436.0;8.292;57.878
Equatorial Guinea;GNQ;2011;0.23642676;5.7284126;3.8119006;0.5532922;0.22239044;7.4197;21357343669.0;8.234;58.412
Equatorial Guinea;GNQ;2012;0.23697858;5.733943;3.8118012;0.5532946;0.22490406;6.9725;22388344144.0;8.116;58.865
Equatorial Guinea;GNQ;2013;0.23745693;5.74222;3.813075;0.5532984;0.2263201;7.0913;21948834284.0;8.039;59.224
Equatorial Guinea;GNQ;2014;0.23781672;5.742978;3.814496;0.55330384;0.22770476;7.0347;21765453082.0;8.044;59.595
Equatorial Guinea;GNQ;2015;0.23801424;5.740454;3.8147438;0.5533111;0.2271708;6.5474;13185496881.0;8.178;60.103
Equatorial Guinea;GNQ;2016;0.23776235;5.718295;3.8198767;0.5533188;0.22544245;6.8721;11240808848.0;8.232;60.479
Equatorial Guinea;GNQ;2017;0.23731588;5.6962605;3.824424;0.55332834;0.221316;6.3896;12200913879.0;8.329;60.821
Equatorial Guinea;GNQ;2018;0.23680453;5.70215;3.8181841;0.55333936;0.21704927;6.1219;13097012134.0;8.256;61.191
Equatorial Guinea;GNQ;2019;0.23602559;5.728945;3.80493;0.55335176;0.21130088;5.8403;11364133550.0;8.367;61.644
Eritrea;ERI;1990;0.20227635;5.0402017;3.689315;0.58419204;0.07388844;0.3292;;;49.769
Eritrea;ERI;1991;0.202727;5.0273757;3.6862535;0.5841915;0.07510222;0.3782;;5.329;50.607
Eritrea;ERI;1992;0.20320296;5.0161815;3.6829507;0.5841837;0.076555565;0.4629;477101651.6;5.483;52.465
Eritrea;ERI;1993;0.20367968;5.0047054;3.6798844;0.5841744;0.077938735;0.6586;467872714.8;5.554;53.234
Eritrea;ERI;1994;0.20413412;4.9921336;3.6776187;0.5841669;0.07921698;0.7427;531688311.7;5.598;54.1
Eritrea;ERI;1995;0.20454511;4.9815865;3.6763332;0.584162;0.08063018;0.8091;578015625.0;5.464;54.914
Eritrea;ERI;1996;0.20506677;4.9708333;3.675909;0.58415866;0.08245057;0.889;693535954.2;5.394;55.756
Eritrea;ERI;1997;0.2057751;4.9557786;3.6758628;0.584155;0.08427628;0.8432;686490090.1;5.494;56.312
Eritrea;ERI;1998;0.20653066;4.93912;3.6759815;0.58415145;0.08585374;0.6394;745523116.9;5.589;49.158
Eritrea;ERI;1999;0.20718935;4.9253573;3.67687;0.5841578;0.08714463;0.6793;688918537.1;5.683;43.397
Eritrea;ERI;2000;0.2076205;4.9171352;3.6774037;0.58416307;0.08776607;0.6703;706370815.6;5.724;56.111
Eritrea;ERI;2001;0.207987;4.9123693;3.676427;0.58415776;0.08813842;0.7353;752371688.7;5.784;58.298
Eritrea;ERI;2002;0.20845823;4.905985;3.674821;0.5841514;0.088157415;0.7255;729321680.2;5.814;58.811
Eritrea;ERI;2003;0.20892282;4.898231;3.6730168;0.58414525;0.08801235;0.7004;870248267.6;5.784;59.409
Eritrea;ERI;2004;0.20926832;4.89391;3.6713452;0.5841397;0.08804749;0.7174;1109054005.0;5.674;59.899
Eritrea;ERI;2005;0.20938109;4.8878064;3.6700077;0.5841337;0.08804459;0.6042;1098424686.0;5.689;60.597
Eritrea;ERI;2006;0.20908643;4.878631;3.6678288;0.58412784;0.08734245;0.5434;1211161880.0;5.683;61.611
Eritrea;ERI;2007;0.20843552;4.8690014;3.6642106;0.58412194;0.08630855;0.5301;1317974491.0;5.696;62.116
Eritrea;ERI;2008;0.20765334;4.8578396;3.6603744;0.58411616;0.08543334;0.4631;1380188800.0;5.647;62.573
Eritrea;ERI;2009;0.20696646;4.8473525;3.6575491;0.5841107;0.084697664;0.4809;1856695551.0;5.722;63.328
Eritrea;ERI;2010;0.20660289;4.8428955;3.65686;0.5841046;0.08407813;0.5168;1589515447.0;5.839;63.787
Eritrea;ERI;2011;0.20649703;4.841566;3.662064;0.58409834;0.084012344;0.6166;2065001626.0;5.755;64.402
Eritrea;ERI;2012;0.20642547;4.842037;3.6736484;0.58409214;0.08442491;0.6343;;5.649;64.838
Eritrea;ERI;2013;0.20638005;4.843249;3.6879861;0.584086;0.08470008;0.5936;;5.61;65.067
Eritrea;ERI;2014;0.2063528;4.8431463;3.70147;0.58408;0.08515955;0.5956;;5.652;65.6
Eritrea;ERI;2015;0.20633584;4.842769;3.7103555;0.5840735;0.08556375;0.5776;;5.793;66.033
Eritrea;ERI;2016;0.20629191;4.8444085;3.720314;0.5840667;0.08611392;0.5972;;5.83;66.289
Eritrea;ERI;2017;0.206343;4.8429346;3.7287211;0.5840599;0.08673411;0.5981;;5.879;66.577
Eritrea;ERI;2018;0.20672967;4.841596;3.731432;0.58405334;0.08749881;0.6948;;5.758;67.067
Eritrea;ERI;2019;0.20744848;4.841218;3.7323155;0.584047;0.087786816;0.7126;;5.789;67.3
Estonia;EST;1990;0.28100607;4.681627;3.425218;0.5241366;0.14155334;37.9449;;;69.47560976
Estonia;EST;1991;0.28052524;4.66272;3.4248807;0.5241259;0.13943045;34.6196;;1.468;69.37317073
Estonia;EST;1992;0.28015774;4.6491613;3.4252067;0.5241468;0.13747504;25.0053;;3.681;68.86341463
Estonia;EST;1993;0.2799016;4.6397185;3.4261088;0.5242026;0.13620551;20.4992;4013091682.0;6.544;67.9097561
Estonia;EST;1994;0.27976578;4.6321573;3.4269724;0.52426034;0.13558462;21.066;4123011420.0;7.561;66.5
Estonia;EST;1995;0.27974793;4.6282387;3.42738;0.52430564;0.13526359;18.9657;4502970889.0;9.659;67.54390244
Estonia;EST;1996;0.27991974;4.6284976;3.4269965;0.524318;0.13522765;20.034;4786018988.0;9.915;69.61219512
Estonia;EST;1997;0.2802942;4.6310782;3.425532;0.52428;0.13594177;20.3747;5154420649.0;10.369;69.8097561
Estonia;EST;1998;0.28077754;4.6337795;3.4233758;0.52421737;0.13628809;18.4688;5674080543.0;9.51;69.35853659
Estonia;EST;1999;0.2812836;4.62719;3.4204571;0.52411395;0.13643573;16.9924;5756912266.0;11.573;70.06341463
Estonia;EST;2000;0.28172174;4.6110983;3.416991;0.52398723;0.13708341;17.2262;5686579748.0;13.36;70.41707317
Estonia;EST;2001;0.28223783;4.5676255;3.4137337;0.5238947;0.13858351;17.658;6254649539.0;13.135;70.25853659
Estonia;EST;2002;0.28296098;4.4947023;3.4104583;0.5238303;0.14106695;16.9035;7367975888.0;10.026;70.90487805
Estonia;EST;2003;0.28374738;4.407701;3.407465;0.5237933;0.14465371;18.9533;9874013098.0;11.288;71.31707317
Estonia;EST;2004;0.28446034;4.3175564;3.4052083;0.52376205;0.14805767;19.2999;12145911801.0;10.248;71.9097561
Estonia;EST;2005;0.2849605;4.2373924;3.4041467;0.5237266;0.15092017;19.4054;14106790200.0;8.033;72.56829268
Estonia;EST;2006;0.28533807;4.164343;3.404995;0.52368826;0.15334122;18.7123;17022870405.0;5.915;72.69146341
Estonia;EST;2007;0.28575814;4.0846796;3.4073093;0.5236415;0.15566118;22.3118;22449129483.0;4.592;72.81463415
Estonia;EST;2008;0.28618062;4.006606;3.4099624;0.52359354;0.15787074;20.2026;24341678629.0;5.455;73.77073171
Estonia;EST;2009;0.2865744;3.935889;3.411831;0.523532;0.15981692;16.824;19633031398.0;13.548;74.82439024
Estonia;EST;2010;0.28690344;3.8816798;3.4118257;0.5234608;0.16171196;21.6256;19523477326.0;16.707;75.42926829
Estonia;EST;2011;0.28728718;3.834866;3.4097662;0.52339095;0.16400343;21.7324;23213994093.0;12.328;76.22926829
Estonia;EST;2012;0.2878109;3.7865093;3.4063754;0.52331436;0.16490607;20.5968;23019150071.0;10.021;76.32682927
Estonia;EST;2013;0.28837815;3.7444758;3.4024174;0.5232407;0.16666701;22.9377;25115753366.0;8.631;77.14146341
Estonia;EST;2014;0.2888969;3.7084172;3.3984056;0.52316594;0.16834277;22.003;26634083965.0;7.352;77.03414634
Estonia;EST;2015;0.28927213;3.6881266;3.3946989;0.52308995;0.1695642;19.9902;22890762090.0;6.412;77.5902439
Estonia;EST;2016;0.2893697;3.6808605;3.3828745;0.523013;0.1709759;19.9891;24072829277.0;6.882;77.64146341
Estonia;EST;2017;0.28939393;3.678187;3.3711312;0.5229302;0.17214932;21.2239;26924385103.0;5.807;78.09268293
Estonia;EST;2018;0.28964895;3.6818743;3.3715444;0.5228586;0.17358734;22.3408;30624720196.0;5.412;78.24390244
Estonia;EST;2019;0.29009965;3.6936426;3.3788164;0.5227906;0.1751613;14.7106;31290453294.0;4.514;78.64634146
Eswatini;SWZ;1990;0.21157049;4.1506805;3.4900844;0.5344953;0.13093762;1.105;1114694041.0;;63.072
Eswatini;SWZ;1991;0.21230882;4.1615005;3.4916542;0.534495;0.1327172;1.0897;1156135718.0;20.57;62.685
Eswatini;SWZ;1992;0.21298957;4.1728907;3.4935052;0.5344971;0.13436188;0.9123;1284759928.0;20.961;61.735
Eswatini;SWZ;1993;0.21357574;4.1833773;3.4954438;0.53450096;0.13548256;0.8196;1357189552.0;21.715;60.233
Eswatini;SWZ;1994;0.21402954;4.191822;3.497338;0.5345071;0.13673443;1.459;1419294254.0;21.704;58.268
Eswatini;SWZ;1995;0.21431358;4.2011604;3.4990547;0.53451556;0.13727488;1.417;1698989464.0;21.65;56.148
Eswatini;SWZ;1996;0.21451524;4.2148724;3.501698;0.5345255;0.13769872;1.1347;1602741834.0;22.076;53.873
Eswatini;SWZ;1997;0.21472855;4.237909;3.5057967;0.5345379;0.13834079;1.1558;1716714070.0;22.5;52.044
Eswatini;SWZ;1998;0.21492854;4.267101;3.510245;0.5345513;0.13887379;1.178;1576908856.0;23.204;50.333
Eswatini;SWZ;1999;0.21508737;4.2937217;3.5139997;0.5345656;0.138971;1.2647;1547888496.0;23.849;48.733
Eswatini;SWZ;2000;0.2151769;4.3135333;3.515982;0.5345802;0.13927065;1.097;1738093840.0;24.518;47.256
Eswatini;SWZ;2001;0.21519789;4.330367;3.5162475;0.5345941;0.13967492;1.1115;1542477309.0;25.2;45.975
Eswatini;SWZ;2002;0.21518669;4.3543863;3.515696;0.53460866;0.13981552;1.0817;1432221739.0;25.734;44.486
Eswatini;SWZ;2003;0.21516682;4.3743014;3.5145679;0.53462267;0.14020883;1.0037;2197598466.0;26.229;43.349
Eswatini;SWZ;2004;0.21516131;4.394624;3.5131428;0.5346363;0.14021619;0.9931;2770082792.0;26.695;42.538
Eswatini;SWZ;2005;0.21519464;4.407511;3.5115721;0.53464854;0.14065397;0.9897;3178112499.0;27.208;42.125
Eswatini;SWZ;2006;0.21532907;4.418581;3.5081804;0.53465796;0.14103413;0.998;3291330019.0;27.689;43.12
Eswatini;SWZ;2007;0.21556371;4.4276385;3.5024881;0.534666;0.14202502;1.0319;3469381231.0;28.24;43.641
Eswatini;SWZ;2008;0.21583033;4.435921;3.496348;0.5346731;0.14307266;1.0128;3294084314.0;27.847;44.175
Eswatini;SWZ;2009;0.21606545;4.443495;3.4914153;0.53467935;0.14394149;1.0491;3580428053.0;27.404;44.639
Eswatini;SWZ;2010;0.21620734;4.448823;3.4892519;0.53468394;0.14512868;0.8551;4438765086.0;26.753;46.619
Eswatini;SWZ;2011;0.21627624;4.45059;3.491441;0.5346864;0.14578654;0.8188;4820478680.0;25.994;48.195
Eswatini;SWZ;2012;0.21633963;4.445789;3.4973028;0.53468716;0.14657716;0.8104;4886551484.0;25.118;49.835
Eswatini;SWZ;2013;0.21640523;4.441679;3.5049777;0.5346864;0.14780019;0.9622;4597552982.0;24.435;51.486
Eswatini;SWZ;2014;0.21648091;4.4355483;3.5126197;0.53468364;0.14842162;0.9823;4422986272.0;23.817;53.05
Eswatini;SWZ;2015;0.21657342;4.434091;3.5184844;0.53467923;0.1496626;1.0206;4063245671.0;23.279;55.019
Eswatini;SWZ;2016;0.21702676;4.4373055;3.5268881;0.53467375;0.15063074;1.1207;3816019193.0;22.718;56.659
Eswatini;SWZ;2017;0.21749213;4.440998;3.5317113;0.53466743;0.15075812;1.11;4402969226.0;24.83;57.895
Eswatini;SWZ;2018;0.21761452;4.4340963;3.5194218;0.5346607;0.15053543;1.1101;4666598024.0;26.983;59.411
Eswatini;SWZ;2019;0.21762118;4.4255295;3.4919646;0.5346536;0.1505392;1.1738;4495267266.0;29.049;60.549
Ethiopia;ETH;1990;0.20696785;5.0882583;3.6354716;0.61444575;0.066992156;2.1861;12478943895.0;;44.557
Ethiopia;ETH;1991;0.20669033;5.0632734;3.619509;0.6144346;0.066070184;2.1647;13799799324.0;3.259;46.13
Ethiopia;ETH;1992;0.20644082;5.0424767;3.605337;0.61442643;0.06523281;1.6957;10754799037.0;3.382;46.901
Ethiopia;ETH;1993;0.2062369;5.025427;3.5929658;0.614416;0.0644654;2.159;9051043870.0;3.236;47.394
Ethiopia;ETH;1994;0.20608757;5.009733;3.5836844;0.6144079;0.06379832;2.4961;7100806754.0;3.1;47.861
Ethiopia;ETH;1995;0.20600729;4.9973135;3.5783796;0.6144078;0.063301764;2.8262;7855205207.0;3.021;48.302
Ethiopia;ETH;1996;0.20593841;4.993784;3.5775597;0.6144081;0.06277678;3.1872;8761215548.0;3.137;48.924
Ethiopia;ETH;1997;0.20584986;5.0003576;3.5787375;0.6144121;0.062300768;3.3329;8803539988.0;3.245;49.514
Ethiopia;ETH;1998;0.20576341;5.0087676;3.5806053;0.6144186;0.06173088;3.5415;8013274132.0;3.489;49.927
Ethiopia;ETH;1999;0.2057021;5.011874;3.5819337;0.614427;0.061396994;3.4956;7892973532.0;3.714;49.425
Ethiopia;ETH;2000;0.20569283;5.0026884;3.5812752;0.6144366;0.061299767;3.876;8242349618.0;3.502;50.538
Ethiopia;ETH;2001;0.20583056;4.9835253;3.5573254;0.6144477;0.061226513;4.787;8231326016.0;3.174;51.043
Ethiopia;ETH;2002;0.20613389;4.9618464;3.5025194;0.61445737;0.061414365;4.9208;7850809498.0;3.061;51.517
Ethiopia;ETH;2003;0.20650376;4.9383965;3.4374504;0.6144657;0.061734296;5.2596;8623691300.0;3.002;52.533
Ethiopia;ETH;2004;0.2068425;4.916278;3.3823419;0.61447155;0.06199897;5.7301;10131187261.0;2.771;53.235
Ethiopia;ETH;2005;0.20705418;4.8939867;3.3572843;0.61447346;0.062395517;5.4714;12401139454.0;2.497;54.008
Ethiopia;ETH;2006;0.20722313;4.868833;3.3542306;0.6144762;0.06295701;5.7929;15280861835.0;2.346;55.149
Ethiopia;ETH;2007;0.20747907;4.8373013;3.3511665;0.6144763;0.0640748;6.3485;19707616773.0;2.344;56.426
Ethiopia;ETH;2008;0.20778911;4.8023415;3.34894;0.61447364;0.06524574;6.8589;27066912635.0;2.333;57.592
Ethiopia;ETH;2009;0.20812076;4.7703795;3.3483293;0.61446786;0.06650283;6.8971;32437389116.0;2.331;58.804
Ethiopia;ETH;2010;0.20844227;4.7429996;3.3500054;0.61445826;0.067813896;6.8661;29933790334.0;2.299;59.73
Ethiopia;ETH;2011;0.20885912;4.7149568;3.3588135;0.6144506;0.06929941;7.9573;31952763089.0;2.274;60.721
Ethiopia;ETH;2012;0.2094343;4.679165;3.3754265;0.6144415;0.071328856;9.0233;43310721414.0;2.255;61.543
Ethiopia;ETH;2013;0.21007076;4.643137;3.3958046;0.61443156;0.07344195;10.4917;47648276605.0;2.251;62.373
Ethiopia;ETH;2014;0.21066985;4.6169233;3.415956;0.61442125;0.07559467;12.7812;55612228234.0;2.364;62.905
Ethiopia;ETH;2015;0.2111335;4.6068287;3.4316795;0.6144103;0.0777818;13.5436;64589328551.0;2.45;63.649
Ethiopia;ETH;2016;0.2116415;4.616854;3.449894;0.61440104;0.08039639;16.1065;74296745208.0;2.566;64.392
Ethiopia;ETH;2017;0.2121426;4.6273665;3.464343;0.6143923;0.08291164;16.6073;81770886826.0;2.678;64.838
Ethiopia;ETH;2018;0.2126634;4.6360044;3.4678712;0.6143841;0.08461001;17.7701;84269196626.0;2.825;65.412
Ethiopia;ETH;2019;0.21338312;4.64972;3.4656384;0.6143768;0.086156204;18.3767;95912607722.0;2.945;65.838
Europe (IHME GBD);;1990;0.27685905;3.6706705;4.4007916;0.72438604;0.27100173;;;;
Europe (IHME GBD);;1991;0.27659193;3.6603432;4.395434;0.7242674;0.27101284;;;;
Europe (IHME GBD);;1992;0.2763143;3.6508627;4.389711;0.7241101;0.27098155;;;;
Europe (IHME GBD);;1993;0.27607065;3.64237;4.3835554;0.7239516;0.27085727;;;;
Europe (IHME GBD);;1994;0.27586713;3.6357381;4.377351;0.723963;0.27060118;;;;
Europe (IHME GBD);;1995;0.27570406;3.6312757;4.371487;0.72416955;0.27028146;;;;
Europe (IHME GBD);;1996;0.2755336;3.6301;4.365066;0.7243301;0.2701512;;;;
Europe (IHME GBD);;1997;0.2753299;3.6328275;4.3588343;0.72430784;0.270195;;;;
Europe (IHME GBD);;1998;0.2751404;3.6362674;4.3541346;0.72426015;0.27049145;;;;
Europe (IHME GBD);;1999;0.27500188;3.6385713;4.3516507;0.7243655;0.2713072;;;;
Europe (IHME GBD);;2000;0.27495095;3.6370144;4.3523316;0.7246847;0.27241546;;;;
Europe (IHME GBD);;2001;0.27496648;3.6287568;4.356478;0.72536767;0.2742558;;;;
Europe (IHME GBD);;2002;0.27500916;3.6149921;4.363762;0.7263846;0.27682054;;;;
Europe (IHME GBD);;2003;0.27507806;3.598339;4.373546;0.7276744;0.27977535;;;;
Europe (IHME GBD);;2004;0.27516884;3.5820675;4.3851075;0.72904205;0.2828641;;;;
Europe (IHME GBD);;2005;0.27527392;3.5691898;4.397513;0.73022175;0.28556597;;;;
Europe (IHME GBD);;2006;0.27542916;3.5610254;4.4180555;0.7311914;0.2884975;;;;
Europe (IHME GBD);;2007;0.2756484;3.5559568;4.449878;0.7321368;0.2919832;;;;
Europe (IHME GBD);;2008;0.2758889;3.5542705;4.485411;0.7331915;0.29577044;;;;
Europe (IHME GBD);;2009;0.27611682;3.553865;4.517135;0.734295;0.29929963;;;;
Europe (IHME GBD);;2010;0.27629328;3.5533965;4.5371704;0.73542315;0.3022481;;;;
Europe (IHME GBD);;2011;0.2765488;3.5526135;4.550123;0.7365389;0.30488577;;;;
Europe (IHME GBD);;2012;0.27695933;3.5508556;4.564322;0.73754376;0.30720708;;;;
Europe (IHME GBD);;2013;0.2774068;3.5482662;4.57789;0.7385037;0.30952078;;;;
Europe (IHME GBD);;2014;0.27778283;3.546718;4.5892353;0.73946935;0.31171626;;;;
Europe (IHME GBD);;2015;0.27797478;3.546587;4.596085;0.7404078;0.3140306;;;;
Europe (IHME GBD);;2016;0.27807897;3.5427897;4.5913353;0.7412512;0.31757072;;;;
Europe (IHME GBD);;2017;0.2781013;3.5371735;4.5844975;0.7418994;0.32058457;;;;
Europe (IHME GBD);;2018;0.27734905;3.5381575;4.577611;0.7423811;0.3225034;;;;
Europe (IHME GBD);;2019;0.2757307;3.5443268;4.5646415;0.7428389;0.32406414;;;;
European Union (27);;1990;0.27728134;3.725058;5.0050573;0.8143038;0.3463342;;;;
European Union (27);;1991;0.2771077;3.6986022;5.0011683;0.81397307;0.3477558;;;;
European Union (27);;1992;0.27696094;3.6749907;4.9969993;0.8136768;0.34901822;;;;
European Union (27);;1993;0.27685505;3.6551414;4.9921117;0.8134901;0.35042933;;;;
European Union (27);;1994;0.27678534;3.6401043;4.9857593;0.8134173;0.35161993;;;;
European Union (27);;1995;0.27674773;3.630819;4.977978;0.81341976;0.35255292;;;;
European Union (27);;1996;0.2767525;3.6291878;4.9679637;0.813472;0.35374868;;;;
European Union (27);;1997;0.27680448;3.634868;4.9564757;0.81355876;0.35503507;;;;
European Union (27);;1998;0.2768853;3.642911;4.945492;0.8137328;0.35657442;;;;
European Union (27);;1999;0.27697098;3.6491427;4.9367094;0.813962;0.35842595;;;;
European Union (27);;2000;0.27704063;3.6495128;4.9324512;0.8142284;0.36040264;;;;
European Union (27);;2001;0.27707878;3.6408768;4.933086;0.8149915;0.36321157;;;;
European Union (27);;2002;0.27709883;3.6247737;4.9375286;0.8163968;0.36707777;;;;
European Union (27);;2003;0.27711627;3.6054518;4.9450846;0.8181154;0.3713024;;;;
European Union (27);;2004;0.27715245;3.587303;4.954928;0.81973225;0.3754174;;;;
European Union (27);;2005;0.27721837;3.5747578;4.96655;0.8208201;0.3788312;;;;
European Union (27);;2006;0.27732491;3.5721512;4.9907336;0.8215578;0.38193128;;;;
European Union (27);;2007;0.27745906;3.5780063;5.0318336;0.82234687;0.38513735;;;;
European Union (27);;2008;0.27759385;3.5898798;5.078652;0.823203;0.38838235;;;;
European Union (27);;2009;0.27772003;3.6016078;5.119985;0.8240937;0.39120457;;;;
European Union (27);;2010;0.27782178;3.608386;5.1444182;0.82496655;0.3935519;;;;
European Union (27);;2011;0.27805576;3.608325;5.1589575;0.82583547;0.39565927;;;;
European Union (27);;2012;0.27849084;3.6031435;5.1761756;0.8266305;0.39742124;;;;
European Union (27);;2013;0.2789921;3.5950396;5.1929975;0.82732517;0.39904457;;;;
European Union (27);;2014;0.27942643;3.58908;5.206661;0.82792765;0.40058085;;;;
European Union (27);;2015;0.27965105;3.5878563;5.214255;0.82844853;0.40246058;;;;
European Union (27);;2016;0.27989194;3.5901577;5.2075443;0.828909;0.4058884;;;;
European Union (27);;2017;0.28005883;3.5917804;5.199155;0.8292933;0.40893516;;;;
European Union (27);;2018;0.27889383;3.5992537;5.186905;0.8296842;0.4107049;;;;
European Union (27);;2019;0.2762679;3.6144438;5.161444;0.83010626;0.41242015;;;;
Fiji;FJI;1990;0.28966227;2.9046881;3.9277658;0.27495325;0.0922909;0.995;1337017559.0;;65.508
Fiji;FJI;1991;0.29041672;2.9072032;3.93459;0.27493578;0.092958614;0.8522;1383883250.0;4.633;65.643
Fiji;FJI;1992;0.29103017;2.910536;3.9408925;0.27491683;0.093264066;0.8921;1532411039.0;4.657;65.827
Fiji;FJI;1993;0.29149207;2.913581;3.946284;0.27489254;0.0935526;0.9286;1636101247.0;4.71;65.928
Fiji;FJI;1994;0.29178905;2.9156506;3.9504287;0.27486676;0.093964666;0.9843;1825732093.0;4.623;66.125
Fiji;FJI;1995;0.2919073;2.9173677;3.9530272;0.2748412;0.09384881;1.0316;1970301486.0;4.674;66.286
Fiji;FJI;1996;0.29174128;2.9194782;3.954673;0.27481708;0.09432318;1.0903;2128696644.0;4.649;66.408
Fiji;FJI;1997;0.29130578;2.9227848;3.9562213;0.27479523;0.094665654;1.172;2090221137.0;4.741;66.448
Fiji;FJI;1998;0.29078364;2.9248822;3.957364;0.2747749;0.09471092;1.1774;1653146717.0;4.758;66.68
Fiji;FJI;1999;0.2903519;2.9274561;3.9581168;0.2747558;0.0950922;1.2444;1936459986.0;4.709;66.763
Fiji;FJI;2000;0.2901895;2.92817;3.9584436;0.2747353;0.09526114;1.6035;1678219508.0;4.705;66.31
Fiji;FJI;2001;0.29055995;2.9274092;3.9567618;0.27471983;0.09533041;1.6939;1652462023.0;4.698;66.34
Fiji;FJI;2002;0.29140016;2.9268856;3.9529135;0.27470747;0.0960219;1.3811;1833279985.0;4.77;65.748
Fiji;FJI;2003;0.2924089;2.9262109;3.9483907;0.2746998;0.09638096;1.617;2300492465.0;4.739;66.177
Fiji;FJI;2004;0.29327795;2.923933;3.9448588;0.27469483;0.096520506;2.0977;2708078477.0;4.7;66.424
Fiji;FJI;2005;0.2936998;2.9224553;3.9441023;0.27468702;0.09697236;1.8344;2980403845.0;3.886;66.632
Fiji;FJI;2006;0.29376993;2.9197538;3.9479244;0.27468732;0.09714644;1.9647;3076305453.0;3.957;66.855
Fiji;FJI;2007;0.29379845;2.9156234;3.9558196;0.27468842;0.09743924;1.7227;3378314600.0;4.103;66.826
Fiji;FJI;2008;0.29379907;2.9101975;3.965485;0.2746926;0.09770518;1.2942;3523185920.0;4.182;66.935
Fiji;FJI;2009;0.29378626;2.9058812;3.9747372;0.27469674;0.097724386;1.1009;2870624636.0;4.302;67.089
Fiji;FJI;2010;0.29376987;2.902426;3.9819524;0.27469185;0.09829724;1.7235;3140166713.0;4.342;67.328
Fiji;FJI;2011;0.2937325;2.9016244;3.9901268;0.27469158;0.098145485;1.2691;3779411899.0;4.406;67.523
Fiji;FJI;2012;0.29366904;2.8993142;4.001814;0.27468958;0.098984;1.2259;3972028104.0;4.375;67.552
Fiji;FJI;2013;0.29359832;2.8998578;4.014303;0.2746855;0.099794894;1.3863;4189967999.0;4.356;67.428
Fiji;FJI;2014;0.29354057;2.8994393;4.0248246;0.27467832;0.10065422;1.5765;4857104769.0;4.325;67.376
Fiji;FJI;2015;0.29351497;2.899448;4.0307055;0.27466592;0.10147748;1.6561;4682479894.0;4.292;66.844
Fiji;FJI;2016;0.29382822;2.9000325;4.0257387;0.27465728;0.102565765;1.6286;4930213644.0;4.32;67.24
Fiji;FJI;2017;0.29408884;2.8999836;4.020215;0.2746492;0.103850216;1.7857;5353469174.0;4.328;67.79
Fiji;FJI;2018;0.29366568;2.9065719;4.0261126;0.2746417;0.10461819;1.86;5581425327.0;4.34;67.81
Fiji;FJI;2019;0.2926791;2.917755;4.039825;0.274635;0.105710186;1.9678;5444407198.0;4.38;67.893
Finland;FIN;1990;0.26435456;4.936905;4.2782755;0.90619844;0.43180138;56.2117;141000000000.0;;74.81317073
Finland;FIN;1991;0.26388997;4.8717923;4.1376133;0.90611815;0.43153802;56.8818;128000000000.0;6.503;75.22756098
Finland;FIN;1992;0.26351345;4.822925;4.006899;0.9060398;0.4311125;54.0745;113000000000.0;11.595;75.45536585
Finland;FIN;1993;0.26322758;4.789182;3.8940063;0.90595686;0.43150133;55.3178;89214114708.0;16.201;75.70512195
Finland;FIN;1994;0.26303884;4.768051;3.806989;0.90588534;0.43235368;62.0586;103000000000.0;16.426;76.39560976
Finland;FIN;1995;0.26295134;4.7582684;3.7537785;0.9058067;0.43289095;58.7245;134000000000.0;17.005;76.4095122
Finland;FIN;1996;0.263022;4.7752705;3.7163343;0.9057429;0.435306;64.712;132000000000.0;15.572;76.69341463
Finland;FIN;1997;0.26324213;4.8267975;3.675773;0.9056886;0.4392004;62.6497;127000000000.0;14.968;76.87853659
Finland;FIN;1998;0.26351726;4.889436;3.6385448;0.905633;0.4436187;59.4312;134000000000.0;13.215;77.09073171
Finland;FIN;1999;0.26375186;4.9381833;3.6112237;0.9055888;0.44972774;58.7637;135000000000.0;11.693;77.29121951
Finland;FIN;2000;0.26385576;4.9543214;3.6003253;0.9055299;0.45447105;57.2604;126000000000.0;11.135;77.46585366
Finland;FIN;2001;0.2637775;4.903719;3.602006;0.90401727;0.46041888;63.2357;130000000000.0;10.291;77.96585366
Finland;FIN;2002;0.26358354;4.7985764;3.6073613;0.90050334;0.46762928;65.3519;140000000000.0;10.423;78.1195122
Finland;FIN;2003;0.26335195;4.672733;3.615029;0.8963184;0.47473732;73.7414;172000000000.0;10.469;78.36829268
Finland;FIN;2004;0.26315892;4.5626354;3.6238422;0.8928077;0.47957292;70.017;197000000000.0;10.358;78.71463415
Finland;FIN;2005;0.26308632;4.5047083;3.6325862;0.8912973;0.482295;57.7818;205000000000.0;8.384;78.81707317
Finland;FIN;2006;0.26317286;4.501191;3.6727803;0.8912348;0.48176882;69.362;217000000000.0;7.719;79.21463415
Finland;FIN;2007;0.2633657;4.5197916;3.7572758;0.89118284;0.47912952;67.4393;256000000000.0;6.854;79.26341463
Finland;FIN;2008;0.26360103;4.549082;3.8565438;0.8911268;0.4757311;59.0946;286000000000.0;6.369;79.56829268
Finland;FIN;2009;0.26381716;4.570138;3.941367;0.8910654;0.47291663;56.5001;253000000000.0;8.25;79.7195122
Finland;FIN;2010;0.26395252;4.567052;3.9826248;0.8909932;0.4714715;65.397;249000000000.0;8.394;79.87073171
Finland;FIN;2011;0.26405624;4.511381;3.9929056;0.8909164;0.47192234;57.768;276000000000.0;7.781;80.47073171
Finland;FIN;2012;0.26419657;4.406468;4.003368;0.890852;0.47296742;51.9019;258000000000.0;7.689;80.62682927
Finland;FIN;2013;0.26433876;4.2851677;4.0125227;0.89078057;0.47449762;53.0017;271000000000.0;8.193;80.97560976
Finland;FIN;2014;0.26445302;4.1834965;4.018936;0.89069825;0.47556847;49.0463;275000000000.0;8.663;81.1804878
Finland;FIN;2015;0.264503;4.13494;4.0213614;0.89060366;0.47577435;45.6594;235000000000.0;9.376;81.4804878
Finland;FIN;2016;0.26433897;4.0870504;4.0089893;0.890508;0.47623864;48.4776;241000000000.0;8.818;81.42926829
Finland;FIN;2017;0.26413894;4.043471;3.9950688;0.89043283;0.47758844;45.5711;256000000000.0;8.64;81.63170732
Finland;FIN;2018;0.26408598;4.0755067;3.9923728;0.89036083;0.47851437;47.1684;276000000000.0;7.361;81.73414634
Finland;FIN;2019;0.264076;4.139295;3.9931211;0.8902839;0.48180753;43.7069;269000000000.0;6.695;81.98292683
France;FRA;1990;0.2696844;4.4369454;6.260385;0.9024059;0.41320646;384.0315;1270000000000.0;;76.6
France;FRA;1991;0.26949352;4.345409;6.211114;0.9024199;0.41655153;408.7956;1270000000000.0;9.134;76.84878049
France;FRA;1992;0.26931372;4.266028;6.1705575;0.90243673;0.41923186;395.4616;1400000000000.0;10.203;77.1
France;FRA;1993;0.26915598;4.20327;6.139366;0.902455;0.4215786;375.9136;1320000000000.0;11.321;77.3
France;FRA;1994;0.2690318;4.1617656;6.118272;0.9024767;0.42364043;371.4883;1390000000000.0;12.593;77.64878049
France;FRA;1995;0.26895243;4.1453376;6.108033;0.9025052;0.42513222;380.2994;1600000000000.0;11.834;77.75121951
France;FRA;1996;0.2688738;4.1525154;6.140379;0.90254134;0.42516664;395.318;1610000000000.0;12.367;77.95365854
France;FRA;1997;0.26876265;4.176228;6.224923;0.9025827;0.4245662;387.0595;1450000000000.0;12.566;78.30487805
France;FRA;1998;0.26864624;4.2070193;6.3293;0.9026298;0.42396143;408.8321;1500000000000.0;12.074;78.60487805
France;FRA;1999;0.26855278;4.232316;6.4213123;0.9026829;0.42407972;402.453;1490000000000.0;11.981;78.75609756
France;FRA;2000;0.26850972;4.244729;6.4687405;0.9027398;0.42458698;399.9178;1370000000000.0;10.218;79.05609756
France;FRA;2001;0.26853687;4.2214923;6.4957767;0.9029132;0.4265239;404.1994;1380000000000.0;8.61;79.15853659
France;FRA;2002;0.2686136;4.1610165;6.539635;0.9032428;0.4309938;398.8362;1500000000000.0;8.702;79.26097561
France;FRA;2003;0.26870477;4.0834503;6.5875688;0.903619;0.43538436;403.4683;1840000000000.0;8.307;79.11463415
France;FRA;2004;0.26877517;4.014091;6.626885;0.90393096;0.4398813;404.1177;2120000000000.0;8.914;80.16341463
France;FRA;2005;0.26878932;3.9739125;6.64495;0.90407205;0.44317687;406.2729;2200000000000.0;8.882;80.16341463
France;FRA;2006;0.26868856;3.974026;6.6078563;0.90408874;0.445222;395.7895;2320000000000.0;8.833;80.81219512
France;FRA;2007;0.2684842;3.9995503;6.5144076;0.9040955;0.4478375;388.6396;2660000000000.0;8.009;81.11219512
France;FRA;2008;0.2682447;4.0373745;6.4011726;0.9040959;0.44988844;381.9631;2930000000000.0;7.386;81.21463415
France;FRA;2009;0.26803982;4.0673323;6.3046894;0.9040936;0.45207554;369.3187;2700000000000.0;9.122;81.41463415
France;FRA;2010;0.2679384;4.0744433;6.2613683;0.9040912;0.45374352;376.5955;2650000000000.0;9.279;81.66341463
France;FRA;2011;0.26794285;4.0445805;6.2596593;0.90409017;0.45611948;363.3023;2870000000000.0;9.228;82.11463415
France;FRA;2012;0.26799536;3.9849403;6.2622643;0.9040932;0.45793402;365.248;2680000000000.0;9.841;81.96829268
France;FRA;2013;0.26807407;3.9137568;6.266963;0.90410143;0.4601503;359.7839;2810000000000.0;9.913;82.2195122
France;FRA;2014;0.2681568;3.8540428;6.2715583;0.9041193;0.46196046;326.9437;2860000000000.0;10.273;82.7195122
France;FRA;2015;0.2682231;3.8268294;6.2737494;0.90414417;0.46403405;331.9617;2440000000000.0;10.354;82.32195122
France;FRA;2016;0.26853952;3.8271954;6.273039;0.90416116;0.4659254;335.0173;2470000000000.0;10.057;82.57317073
France;FRA;2017;0.26882124;3.8294544;6.2719707;0.9041692;0.46636337;338.5848;2600000000000.0;9.41;82.57560976
France;FRA;2018;0.2686775;3.8312697;6.2724633;0.90416944;0.467462;327.6848;2790000000000.0;9.018;82.67560976
France;FRA;2019;0.26827893;3.835741;6.2742558;0.90416586;0.46825343;321.6696;2730000000000.0;8.415;82.82682927
Gabon;GAB;1990;0.22998604;5.746222;3.918704;0.5620504;0.17904387;6.1647;5952293765.0;;60.311
Gabon;GAB;1991;0.23020454;5.7413535;3.9197288;0.5620759;0.17936835;4.9269;5402919785.0;17.22;60.397
Gabon;GAB;1992;0.23034422;5.738203;3.9209032;0.5621005;0.17964138;4.9649;5592390827.0;17.701;60.545
Gabon;GAB;1993;0.23041691;5.735866;3.9221091;0.5621234;0.17963906;5.0753;4378645081.0;17.78;60.718
Gabon;GAB;1994;0.23043244;5.7345133;3.923305;0.5621435;0.17973891;5.0376;4190819344.0;17.805;60.701
Gabon;GAB;1995;0.23040336;5.734528;3.924375;0.56216127;0.17966312;5.6619;4958845648.0;17.414;60.704
Gabon;GAB;1996;0.23022743;5.7414293;3.9254594;0.56217664;0.17939416;6.3238;5694040003.0;17.354;60.612
Gabon;GAB;1997;0.229862;5.7507663;3.9271412;0.562189;0.17939092;6.0399;5326817115.0;17.201;60.662
Gabon;GAB;1998;0.22943337;5.7644076;3.9290047;0.56219816;0.17883402;6.9145;4483417310.0;17.184;60.79
Gabon;GAB;1999;0.22906463;5.7751226;3.9307132;0.56220454;0.17883231;6.5822;4662992036.0;17.599;60.849
Gabon;GAB;2000;0.22888033;5.779253;3.9317594;0.56220835;0.17846127;6.5971;5080483629.0;17.827;61.069
Gabon;GAB;2001;0.22889803;5.77756;3.9326594;0.5622088;0.17809178;6.7343;5023265413.0;17.801;61.27
Gabon;GAB;2002;0.2290009;5.7682223;3.934571;0.56220794;0.17769274;6.4657;5335451100.0;17.372;61.292
Gabon;GAB;2003;0.22913377;5.754261;3.9367735;0.5622059;0.17775801;7.3355;6511903365.0;17.129;61.671
Gabon;GAB;2004;0.2292405;5.7417917;3.9387085;0.56220376;0.17719553;6.6183;7770219008.0;17.104;61.838
Gabon;GAB;2005;0.22926858;5.7277446;3.9396634;0.5622014;0.17686555;6.3847;9582783991.0;16.91;61.959
Gabon;GAB;2006;0.22916035;5.70722;3.9386435;0.5621962;0.17650412;5.7007;10327598306.0;17.792;62.375
Gabon;GAB;2007;0.22893286;5.6708817;3.936573;0.5621924;0.17625059;5.1691;12455409587.0;18.258;62.618
Gabon;GAB;2008;0.22866473;5.6305923;3.934372;0.5621896;0.17578223;5.5128;15571348344.0;19.197;63.083
Gabon;GAB;2009;0.22843216;5.595165;3.9330862;0.56218904;0.17533709;5.4426;12113699068.0;19.754;63.303
Gabon;GAB;2010;0.22831261;5.5758996;3.9335086;0.56218934;0.17528164;5.9513;14372593020.0;20.39;63.898
Gabon;GAB;2011;0.2283148;5.569474;3.9367464;0.5621866;0.17522137;5.8132;18210307744.0;19.929;64.045
Gabon;GAB;2012;0.22836962;5.5612664;3.9432778;0.5621862;0.17637631;5.8835;17170464016.0;19.713;64.587
Gabon;GAB;2013;0.22845043;5.5564914;3.9515762;0.5621879;0.17820114;6.0713;17595744798.0;19.788;64.776
Gabon;GAB;2014;0.22853148;5.5537057;3.960165;0.56219226;0.17893761;6.2608;18203966896.0;19.922;64.974
Gabon;GAB;2015;0.22858937;5.550644;3.967308;0.5621972;0.17999405;6.4345;14383107763.0;19.994;65.46
Gabon;GAB;2016;0.2288562;5.549269;3.986159;0.56219935;0.18078963;6.5871;14023890265.0;20.165;65.802
Gabon;GAB;2017;0.22916965;5.5469394;4.0034146;0.56220305;0.18105756;5.6686;14929487485.0;20.351;66.189
Gabon;GAB;2018;0.22938916;5.5475774;4.0003605;0.56220764;0.18180557;5.3591;16867326390.0;20.502;66.306
Gabon;GAB;2019;0.22967814;5.5459714;3.9851205;0.5622134;0.18273167;5.5778;16874405460.0;20.426;66.603
Gambia;GMB;1990;0.21214218;5.5249696;3.263985;0.5483244;0.09225253;0.1247;317083695.5;;51.319
Gambia;GMB;1991;0.21245848;5.569441;3.2633934;0.5483142;0.09213855;0.1577;690311080.5;9.561;52.127
Gambia;GMB;1992;0.21270458;5.6124306;3.2628193;0.5483085;0.09191421;0.1341;714254256.1;9.681;52.941
Gambia;GMB;1993;0.21287537;5.648586;3.2622998;0.5483076;0.09127779;0.1401;755040974.1;9.727;53.748
Gambia;GMB;1994;0.21296544;5.6792755;3.2618837;0.54831207;0.09121283;0.1613;746493951.9;9.862;54.721
Gambia;GMB;1995;0.21297209;5.692947;3.2616246;0.5483214;0.09096664;0.1523;785999864.8;9.983;55.464
Gambia;GMB;1996;0.21284932;5.7037177;3.2610912;0.54833376;0.090692826;0.1588;848239446.2;10.036;56.009
Gambia;GMB;1997;0.2126023;5.713472;3.2601244;0.54835;0.090130135;0.1587;803633342.5;9.866;56.06
Gambia;GMB;1998;0.21230957;5.722023;3.2591307;0.5483688;0.08968625;0.1724;840285264.6;9.784;56.554
Gambia;GMB;1999;0.21204957;5.730662;3.2585037;0.5483893;0.08941464;0.1757;814724032.1;9.643;56.816
Gambia;GMB;2000;0.21190059;5.741333;3.2586222;0.5484097;0.08917314;0.2748;782913871.8;9.639;56.942
Gambia;GMB;2001;0.21191578;5.750823;3.2594495;0.5484269;0.089426875;0.3015;687410645.1;9.571;57.043
Gambia;GMB;2002;0.21204473;5.754936;3.2605016;0.5484426;0.08973573;0.3105;578235309.3;9.965;57.08
Gambia;GMB;2003;0.21221627;5.758524;3.2615798;0.54845583;0.09013283;0.3146;487038685.0;9.93;57.586
Gambia;GMB;2004;0.21236116;5.753812;3.262515;0.5484663;0.09079073;0.3297;961900651.4;9.897;58.088
Gambia;GMB;2005;0.21240836;5.7447333;3.263202;0.54847395;0.09098925;0.3339;1027701068.0;9.878;58.394
Gambia;GMB;2006;0.21230951;5.7130995;3.2634141;0.5484786;0.09103183;0.3715;1054112488.0;10.196;59.06
Gambia;GMB;2007;0.21210542;5.6555104;3.263215;0.54848135;0.090840824;0.3903;1279703047.0;10.383;59.394
Gambia;GMB;2008;0.21186367;5.5888605;3.2630374;0.54848236;0.09084328;0.3951;1561766956.0;10.041;60.082
Gambia;GMB;2009;0.21165125;5.534416;3.263324;0.5484822;0.09074409;0.4309;1450142509.0;9.769;60.427
Gambia;GMB;2010;0.21153559;5.502979;3.264521;0.54848135;0.091058016;0.4453;1543294927.0;9.673;60.717
Gambia;GMB;2011;0.2114966;5.4942346;3.2682388;0.5484807;0.09082519;0.4612;1409693597.0;10.269;61.526
Gambia;GMB;2012;0.21146663;5.490222;3.2747025;0.5484803;0.0913294;0.4456;1415004738.0;10.346;62.096
Gambia;GMB;2013;0.21144646;5.4868054;3.2823524;0.5484801;0.091457315;0.4439;1375609453.0;9.468;62.114
Gambia;GMB;2014;0.21143676;5.4846783;3.289633;0.54847986;0.091757566;0.4868;1229461721.0;8.224;62.269
Gambia;GMB;2015;0.21143858;5.4839745;3.294989;0.54847974;0.091907956;0.5074;1378176609.0;7.271;62.494
Gambia;GMB;2016;0.21155365;5.485185;3.3036745;0.54847974;0.09232334;0.4959;1484578886.0;6.299;63.013
Gambia;GMB;2017;0.2117245;5.4831705;3.3108513;0.5484799;0.09261847;0.4943;1504909463.0;5.162;62.995
Gambia;GMB;2018;0.21195462;5.48953;3.3125021;0.54848;0.09296786;0.504;1670671328.0;4.127;63.04
Gambia;GMB;2019;0.21232498;5.5018787;3.3126862;0.54847974;0.09281238;0.5317;1813609692.0;4.532;63.755
Georgia;GEO;1990;0.2784874;3.3016546;2.5305865;0.52569467;0.13020895;34.4823;7500000000.0;;68.389
Georgia;GEO;1991;0.27741206;3.2904124;2.5289245;0.5256764;0.12480913;26.4694;6400000000.0;2.7;68.245
Georgia;GEO;1992;0.27634495;3.2807374;2.528033;0.52567565;0.11985111;20.782;3730000000.0;5.4;67.783
Georgia;GEO;1993;0.27532062;3.2733765;2.5276282;0.52568334;0.11541466;16.6324;2701301483.0;5.4;67.656
Georgia;GEO;1994;0.27437273;3.26683;2.5276644;0.52569985;0.110921964;10.7218;2514070772.0;8.4;68.554
Georgia;GEO;1995;0.27353626;3.2618365;2.5277877;0.52571267;0.10691257;8.4224;2693768413.0;7.6;68.851
Georgia;GEO;1996;0.27257946;3.256207;2.528823;0.5257194;0.10320111;6.6741;3095047604.0;11.5;68.974
Georgia;GEO;1997;0.27140895;3.2507255;2.53116;0.5257248;0.099361554;5.8446;3510520231.0;11.5;69.059
Georgia;GEO;1998;0.27026716;3.2477932;2.5339336;0.5257314;0.09571476;5.2809;3613497317.0;14.53;69.102
Georgia;GEO;1999;0.269396;3.243186;2.536291;0.52573794;0.09318832;4.8882;2800025883.0;13.8;69.319
Georgia;GEO;2000;0.26904136;3.2429016;2.537047;0.5257339;0.092534825;5.2123;3057475335.0;10.82;69.575
Georgia;GEO;2001;0.2693162;3.244202;2.5364332;0.5257128;0.092708886;3.7765;3219462262.0;11.16;69.606
Georgia;GEO;2002;0.27000943;3.2483537;2.5356421;0.5256837;0.093605556;3.2973;3395766678.0;12.59;70.024
Georgia;GEO;2003;0.2708805;3.2520487;2.5345955;0.52564543;0.09543583;3.5901;3991377904.0;11.51;70.333
Georgia;GEO;2004;0.27168593;3.2573864;2.533362;0.52560866;0.0971761;3.9327;5125365192.0;12.62;70.567
Georgia;GEO;2005;0.27218452;3.259616;2.5316985;0.5255648;0.09889821;4.832;6410912050.0;13.81;71.13
Georgia;GEO;2006;0.27238345;3.260409;2.5289605;0.52551216;0.10083004;5.3148;7745250734.0;13.57;71.394
Georgia;GEO;2007;0.27249146;3.2583456;2.5252502;0.52546096;0.1033015;6.2725;10172931089.0;13.28;71.568
Georgia;GEO;2008;0.27256888;3.2580466;2.5212383;0.5254098;0.10542678;5.4894;12795145131.0;17.87;71.332
Georgia;GEO;2009;0.272676;3.25815;2.5175638;0.5253584;0.10821545;6.3333;10766920066.0;20.71;71.95
Georgia;GEO;2010;0.27287298;3.259764;2.5147352;0.5252982;0.11054998;6.1637;12426907967.0;20.203;72.128
Georgia;GEO;2011;0.27335104;3.266508;2.5121593;0.5252275;0.112632796;7.4585;15475290469.0;19.632;72.39
Georgia;GEO;2012;0.27413285;3.2756429;2.509171;0.52515745;0.11514854;8.1409;16894392033.0;19.653;72.412
Georgia;GEO;2013;0.2750313;3.287558;2.506185;0.52508855;0.11743594;8.9598;17517660144.0;19.416;72.628
Georgia;GEO;2014;0.27586108;3.2950292;2.5035746;0.52501845;0.11954058;9.6626;17966015109.0;17.439;73.099
Georgia;GEO;2015;0.27643597;3.299392;2.5016437;0.5249459;0.12139977;10.3921;15223796149.0;16.506;73.297
Georgia;GEO;2016;0.27680913;3.2960818;2.5032454;0.5248707;0.123153925;10.7581;15444548902.0;16.604;73.569
Georgia;GEO;2017;0.27703375;3.292854;2.5048897;0.52479917;0.124370754;10.98;16473125375.0;13.939;73.57
Georgia;GEO;2018;0.27715322;3.3030865;2.5016582;0.5247313;0.12578088;10.9142;17902544881.0;12.667;73.341
Georgia;GEO;2019;0.27726552;3.3233132;2.4950473;0.5246634;0.12736228;11.7339;17638337117.0;11.565;73.47
Germany;DEU;1990;0.26181987;3.1874387;5.887693;0.750315;0.37825215;1008.1381;1770000000000.0;;75.08563415
Germany;DEU;1991;0.26178813;3.1779912;5.955482;0.750007;0.38182774;986.8668;1870000000000.0;5.316;75.3195122
Germany;DEU;1992;0.2617403;3.1708431;6.014791;0.74974173;0.38432565;933.4618;2130000000000.0;6.323;75.8195122
Germany;DEU;1993;0.261681;3.1647382;6.0631056;0.74956155;0.3873852;925.4153;2070000000000.0;7.675;75.87073171
Germany;DEU;1994;0.26161164;3.1584985;6.096981;0.7494532;0.38918835;910.4007;2210000000000.0;8.727;76.27073171
Germany;DEU;1995;0.26154324;3.154968;6.1131544;0.7494107;0.39057308;906.0987;2590000000000.0;8.158;76.42195122
Germany;DEU;1996;0.26144016;3.1501465;6.114999;0.74941826;0.3921777;935.2645;2500000000000.0;8.822;76.67317073
Germany;DEU;1997;0.2612771;3.1498163;6.109635;0.7494491;0.39218703;903.7574;2210000000000.0;9.861;77.07317073
Germany;DEU;1998;0.2610822;3.149625;6.0995073;0.7494874;0.39156723;902.5517;2240000000000.0;9.787;77.47560976
Germany;DEU;1999;0.26088598;3.1518269;6.0871043;0.74952275;0.39153993;868.8007;2190000000000.0;8.854;77.72682927
Germany;DEU;2000;0.2607296;3.1580033;6.0752563;0.7495678;0.3918454;866.545;1950000000000.0;7.917;77.92682927
Germany;DEU;2001;0.2604061;3.1938353;6.06614;0.7497514;0.3935821;882.9541;1950000000000.0;7.773;78.32926829
Germany;DEU;2002;0.25980777;3.2658777;6.0599575;0.7501332;0.3963269;867.4819;2080000000000.0;8.482;78.22926829
Germany;DEU;2003;0.2591246;3.3483357;6.0558968;0.7505901;0.3993696;870.2943;2500000000000.0;9.779;78.3804878
Germany;DEU;2004;0.25854585;3.41829;6.052996;0.75097585;0.40170497;855.2006;2810000000000.0;10.727;78.6804878
Germany;DEU;2005;0.25826865;3.4491034;6.05086;0.7511564;0.40381622;835.26;2850000000000.0;11.167;78.93170732
Germany;DEU;2006;0.25824082;3.4561625;6.06325;0.7511804;0.40503523;848.691;2990000000000.0;10.25;79.13170732
Germany;DEU;2007;0.25826615;3.4692407;6.0962496;0.75120103;0.40610555;818.2172;3430000000000.0;8.658;79.53414634
Germany;DEU;2008;0.25832802;3.488274;6.13726;0.7512228;0.4074173;823.5429;3750000000000.0;7.525;79.73658537
Germany;DEU;2009;0.2584109;3.5011506;6.1738863;0.7512634;0.40787047;763.9593;3410000000000.0;7.742;79.83658537
Germany;DEU;2010;0.25850472;3.5041263;6.194222;0.7513417;0.40967724;809.1071;3400000000000.0;6.967;79.98780488
Germany;DEU;2011;0.2586014;3.5028772;6.2050614;0.7512708;0.41205332;783.1138;3750000000000.0;5.825;80.43658537
Germany;DEU;2012;0.2586948;3.5033655;6.217795;0.7508645;0.41420493;795.7335;3530000000000.0;5.379;80.53902439
Germany;DEU;2013;0.2588036;3.4999578;6.2289786;0.750218;0.41666567;813.1739;3730000000000.0;5.231;80.4902439
Germany;DEU;2014;0.25894794;3.5008144;6.2353673;0.7494602;0.41812757;773.2646;3890000000000.0;4.981;81.0902439
Germany;DEU;2015;0.2591541;3.501964;6.2348394;0.74880296;0.420048;779.7272;3360000000000.0;4.624;80.64146341
Germany;DEU;2016;0.26047474;3.4886234;6.2234306;0.74828607;0.4225094;783.995;3470000000000.0;4.122;80.9902439
Germany;DEU;2017;0.2618145;3.461354;6.2104564;0.7477406;0.42384422;769.1068;3690000000000.0;3.746;80.99268293
Germany;DEU;2018;0.2623118;3.4255924;6.2064977;0.74727356;0.42474633;744.5547;3970000000000.0;3.384;80.89268293
Germany;DEU;2019;0.26269624;3.3767943;6.208145;0.7469019;0.42561316;693.5111;3890000000000.0;3.136;81.29268293
Ghana;GHA;1990;0.21062417;4.356545;2.96137;0.5439084;0.09229672;3.1311;5889106573.0;;55.62
Ghana;GHA;1991;0.21117638;4.3545513;2.9598374;0.54390615;0.0927062;2.903;6603185268.0;3.489;56.012
Ghana;GHA;1992;0.21166997;4.353243;2.9583561;0.5439035;0.093363054;3.4272;6416103926.0;4.7;56.231
Ghana;GHA;1993;0.21207832;4.353492;2.956993;0.54390085;0.09368988;3.5358;5968922939.0;5.238;56.416
Ghana;GHA;1994;0.21237451;4.3544226;2.9558408;0.5438982;0.09401068;3.7637;5446383727.0;5.895;56.112
Ghana;GHA;1995;0.21253367;4.352223;2.9549313;0.543896;0.09454078;4.0443;6464382808.0;6.479;56.565
Ghana;GHA;1996;0.21258576;4.3546424;2.9540224;0.54389405;0.094446726;4.3889;6932991739.0;7.084;56.82
Ghana;GHA;1997;0.21259211;4.3559055;2.9530275;0.54389226;0.09473027;4.6169;6891443192.0;7.637;57.199
Ghana;GHA;1998;0.21257651;4.358079;2.9521637;0.54389083;0.09505425;6.2698;7482069162.0;8.2;57.6
Ghana;GHA;1999;0.21256296;4.3603253;2.9516373;0.54388964;0.09490483;6.8425;7718109982.0;10.1;58.03
Ghana;GHA;2000;0.21257634;4.363825;2.9516318;0.5438893;0.095330164;6.0859;4982850662.0;10.456;58.195
Ghana;GHA;2001;0.21266769;4.3674393;2.9520316;0.5438902;0.09592678;6.5732;5314872854.0;9.604;58.107
Ghana;GHA;2002;0.2128347;4.3736086;2.9526322;0.5438919;0.09653505;7.7515;6166197848.0;8.698;58.608
Ghana;GHA;2003;0.21302237;4.3788495;2.953482;0.54389447;0.09742101;7.2791;7632723556.0;7.722;59.111
Ghana;GHA;2004;0.21317607;4.3850427;2.9546323;0.5438976;0.09809148;6.8006;8881417907.0;6.757;59.191
Ghana;GHA;2005;0.21324207;4.388548;2.9561124;0.543901;0.09863333;7.1877;10744568381.0;5.817;59.76
Ghana;GHA;2006;0.21319239;4.3864045;2.9585419;0.5439046;0.09959983;8.7214;20885037597.0;4.897;59.988
Ghana;GHA;2007;0.21307097;4.377118;2.9621303;0.5439084;0.10080663;9.2113;24827339138.0;5.092;60.224
Ghana;GHA;2008;0.21293281;4.366984;2.9662929;0.5439124;0.10126844;8.7465;28679383241.0;5.142;60.49
Ghana;GHA;2009;0.21283256;4.355304;2.9704459;0.54391664;0.102056526;10.0472;26048720006.0;5.349;60.946
Ghana;GHA;2010;0.21282461;4.3483276;2.9739766;0.54392046;0.10332497;11.2486;32197655567.0;5.384;61.157
Ghana;GHA;2011;0.2129731;4.346295;2.9788384;0.5439235;0.104649305;12.1404;39336668081.0;4.227;61.652
Ghana;GHA;2012;0.21326418;4.3478723;2.98622;0.54392624;0.106470056;14.6508;41271701061.0;3.141;62.081
Ghana;GHA;2013;0.21363544;4.3483744;2.994337;0.5439285;0.10846594;15.5766;62824629066.0;2.173;62.42
Ghana;GHA;2014;0.2140247;4.3502145;3.001409;0.54393053;0.11049566;15.0114;54783319817.0;4.412;63.045
Ghana;GHA;2015;0.21436906;4.3536882;3.0056489;0.5439322;0.11243819;15.8021;49406010054.0;6.806;63.175
Ghana;GHA;2016;0.21512064;4.352258;3.006121;0.5439334;0.11420724;16.2048;56164929305.0;5.237;63.89
Ghana;GHA;2017;0.21590398;4.3550158;3.0051334;0.5439343;0.11601488;16.8624;60405924079.0;3.369;64.013
Ghana;GHA;2018;0.21638712;4.358494;3.0035596;0.5439347;0.116874635;19.0057;67298914624.0;3.251;64.122
Ghana;GHA;2019;0.21691793;4.3620286;3.0005414;0.54393464;0.117816195;20.0881;68337969248.0;3.156;64.74
Greece;GRC;1990;0.2731105;4.9929886;5.549188;0.9069536;0.39892176;77.9022;97891092003.0;;76.93902439
Greece;GRC;1991;0.27287626;4.9558005;5.5558925;0.9067558;0.39878094;77.9283;105000000000.0;7.572;77.13658537
Greece;GRC;1992;0.2727013;4.9320226;5.5612245;0.9065338;0.3987534;80.0555;116000000000.0;8.927;77.38292683
Greece;GRC;1993;0.2725772;4.918128;5.565851;0.9063588;0.39908054;79.5832;109000000000.0;10.177;77.3902439
Greece;GRC;1994;0.2725054;4.9144435;5.5692286;0.9062225;0.39970288;81.2056;117000000000.0;9.808;77.63902439
Greece;GRC;1995;0.27248988;4.9127254;5.570759;0.90609443;0.4006712;84.2534;137000000000.0;10.117;77.58536585
Greece;GRC;1996;0.2725734;5.0216413;5.571141;0.9059616;0.40182292;84.2419;146000000000.0;10.402;77.68536585
Greece;GRC;1997;0.27275673;5.2801523;5.5714655;0.9058461;0.40357262;85.1865;143000000000.0;10.472;78.13658537
Greece;GRC;1998;0.2729769;5.5862374;5.57152;0.90571415;0.406398;88.6414;144000000000.0;12.227;77.83902439
Greece;GRC;1999;0.27316153;5.8431926;5.571856;0.9056246;0.40993825;88.8918;143000000000.0;12.138;77.98780488
Greece;GRC;2000;0.2732509;5.950096;5.571912;0.90552664;0.4131478;96.0259;130000000000.0;11.345;77.88780488
Greece;GRC;2001;0.2732035;5.91311;5.566571;0.9053924;0.41775844;98.0858;136000000000.0;10.764;78.38780488
Greece;GRC;2002;0.2730594;5.8177276;5.555637;0.90530413;0.42361173;98.0725;155000000000.0;10.346;78.64146341
Greece;GRC;2003;0.27288303;5.70618;5.544638;0.9052445;0.4308234;101.8285;202000000000.0;9.839;78.84146341
Greece;GRC;2004;0.27273566;5.6072226;5.5387707;0.90520144;0.43663052;101.564;241000000000.0;10.628;79.03902439
Greece;GRC;2005;0.27267995;5.5631027;5.5435123;0.9051681;0.43969107;103.6077;248000000000.0;10.074;79.23902439
Greece;GRC;2006;0.27274635;5.5578027;5.5584993;0.90515333;0.4407311;102.3586;274000000000.0;8.906;79.43902439
Greece;GRC;2007;0.2728949;5.558685;5.5784855;0.90517396;0.44098032;105.9829;319000000000.0;8.351;79.43902439
Greece;GRC;2008;0.27307;5.5600004;5.601163;0.9052111;0.43963906;101.8191;356000000000.0;7.664;79.93902439
Greece;GRC;2009;0.27321088;5.5610733;5.62452;0.9052735;0.43888727;96.1591;331000000000.0;9.546;80.18780488
Greece;GRC;2010;0.2732569;5.5540867;5.6466546;0.905373;0.4378887;89.051;297000000000.0;12.719;80.38780488
Greece;GRC;2011;0.27316624;5.4631195;5.6707363;0.9055279;0.4364925;86.0982;283000000000.0;17.973;80.73170732
Greece;GRC;2012;0.27297807;5.264968;5.700089;0.9057607;0.4347287;81.5011;242000000000.0;24.731;80.63414634
Greece;GRC;2013;0.2727428;5.029115;5.7316275;0.9060225;0.43247563;73.8659;239000000000.0;27.686;81.28536585
Greece;GRC;2014;0.2725174;4.829;5.7621937;0.90626085;0.43019718;71.0042;235000000000.0;26.708;81.38536585
Greece;GRC;2015;0.27234915;4.7407064;5.789596;0.90648717;0.42965356;69.4285;196000000000.0;24.981;81.03658537
Greece;GRC;2016;0.27199858;4.7633934;5.8023725;0.9066465;0.43050185;68.1342;193000000000.0;23.514;81.38780488
Greece;GRC;2017;0.27171606;4.8174276;5.800956;0.90673256;0.4313691;68.3568;200000000000.0;21.414;81.28780488
Greece;GRC;2018;0.27184287;4.907854;5.7951775;0.9068066;0.4310318;66.5082;212000000000.0;19.179;81.78780488
Greece;GRC;2019;0.27222666;5.0422506;5.7790413;0.90686923;0.42984423;61.4455;205000000000.0;17.045;81.63902439
Greenland;GRL;1990;0.37102017;6.37872;4.732386;0.6168037;0.43811524;0.0011;1018977280.0;;65.06829268
Greenland;GRL;1991;0.37300402;6.4341755;4.7399316;0.6170409;0.43632925;0.0012;1016500069.0;;65.03170732
Greenland;GRL;1992;0.37472567;6.4768896;4.7470727;0.6173933;0.4342167;0.0012;1037916163.0;;65.19609756
Greenland;GRL;1993;0.3761556;6.5086126;4.7502666;0.617555;0.43208835;0.0012;927214151.8;;65.58536585
Greenland;GRL;1994;0.3771187;6.5250273;4.751794;0.6177671;0.429902;0.0012;1005887539.0;;65.90097561
Greenland;GRL;1995;0.37749884;6.5329275;4.7547307;0.6179126;0.42849985;0.0012;1208953287.0;;65.64414634
Greenland;GRL;1996;0.3773452;6.5241904;4.7575507;0.61815006;0.4287707;0.0013;1197515569.0;;65.76731707
Greenland;GRL;1997;0.3769013;6.509787;4.762519;0.6181364;0.42938754;0.0013;1072154434.0;;65.79804878
Greenland;GRL;1998;0.37636876;6.486161;4.7659817;0.6180875;0.42970875;0.0013;1149858070.0;;66.15707317
Greenland;GRL;1999;0.37593466;6.45628;4.7668605;0.61809605;0.4298394;0.0013;1131555107.0;;66.49756098
Greenland;GRL;2000;0.37576997;6.4297996;4.766062;0.6181541;0.4295757;0.0013;1068025016.0;;66.09902439
Greenland;GRL;2001;0.37630433;6.4119344;4.7674565;0.6213239;0.43078324;0.0014;1086170704.0;;66.19658537
Greenland;GRL;2002;0.37768465;6.389702;4.7685833;0.62860495;0.43291956;0.0014;1169136716.0;;66.61170732
Greenland;GRL;2003;0.3794169;6.3641376;4.768814;0.6372744;0.4359468;0.0014;1558759823.0;;67.18170732
Greenland;GRL;2004;0.3809914;6.342541;4.7709217;0.6445995;0.4392555;0.6128;1822499769.0;;67.72634146
Greenland;GRL;2005;0.3819658;6.3228755;4.7747684;0.6478601;0.4432988;0.6192;1849802648.0;;68.23512195
Greenland;GRL;2006;0.38239303;6.3048396;4.7801275;0.64824826;0.44856995;0.6349;2013106930.0;;68.61658537
Greenland;GRL;2007;0.38274676;6.2789564;4.7817774;0.64850146;0.45420536;0.6254;2249811296.0;;69.04829268
Greenland;GRL;2008;0.38300627;6.252208;4.781048;0.64850664;0.45949417;0.6444;2499092314.0;;69.37
Greenland;GRL;2009;0.38315332;6.2168527;4.779101;0.64863884;0.46434826;0.5588;2529963903.0;;69.7795122
Greenland;GRL;2010;0.3832003;6.1909876;4.780535;0.64854807;0.46872953;0.6507;2503167187.0;;70.08073171
Greenland;GRL;2011;0.38311332;6.1600375;4.7902102;0.6488914;0.47391996;0.6919;2684461375.0;;70.26487805
Greenland;GRL;2012;0.38297394;6.115144;4.802792;0.6491392;0.47776613;0.5459;2609678486.0;;70.54634146
Greenland;GRL;2013;0.38269868;6.0696588;4.8172474;0.64944965;0.4821645;0.5375;2684946990.0;;70.83853659
Greenland;GRL;2014;0.3822727;6.0335107;4.830713;0.649633;0.48610085;0.4859;2842065708.0;;71.06097561
Greenland;GRL;2015;0.38163927;6.0161996;4.8398976;0.64974993;0.48973152;0.5229;2499113023.0;;71.47902439
Greenland;GRL;2016;0.3782327;6.0289526;4.850085;0.64985985;0.4926146;0.5193;2707139544.0;;71.83853659
Greenland;GRL;2017;0.37495402;6.0420756;4.8598614;0.64997125;0.49568555;0.5087;2851613679.0;;71.93219512
Greenland;GRL;2018;0.3747439;5.97785;4.8610606;0.6501915;0.49818945;0.5104;3055782146.0;;71.96756098
Greenland;GRL;2019;0.3757375;5.835712;4.8561225;0.65031314;0.5001417;0.5104;2997309972.0;;71.94439024
Grenada;GRD;1990;0.26941758;3.2359593;4.251868;0.9207532;0.17508723;0.0479;278098763.0;;70.683
Grenada;GRD;1991;0.26985982;3.2188475;4.239025;0.920604;0.17623831;0.0486;300757888.9;;70.974
Grenada;GRD;1992;0.2703055;3.2049325;4.2280107;0.92048794;0.1776318;0.0503;310160444.4;;71.291
Grenada;GRD;1993;0.27072865;3.196773;4.2189665;0.9203921;0.17954525;0.057;309812185.2;;71.576
Grenada;GRD;1994;0.27110234;3.1909282;4.212189;0.92030936;0.18064941;0.0647;325111814.8;;71.786
Grenada;GRD;1995;0.27139947;3.189875;4.2082295;0.9202415;0.18218572;0.0584;342172518.5;;72.109
Grenada;GRD;1996;0.27172086;3.195743;4.206719;0.92018664;0.18357256;0.0625;366911444.4;;72.331
Grenada;GRD;1997;0.27213797;3.2064247;4.2065787;0.9201479;0.18510912;0.0843;392190592.6;;72.568
Grenada;GRD;1998;0.27258322;3.2202954;4.207026;0.9201203;0.1869925;0.0735;445903592.6;;72.805
Grenada;GRD;1999;0.27298817;3.2324076;4.2077055;0.92010516;0.18885125;0.0712;482009370.4;;72.903
Grenada;GRD;2000;0.27328455;3.242439;4.207918;0.92009836;0.19091322;0.0525;520044370.4;;72.783
Grenada;GRD;2001;0.27356994;3.2477374;4.2061214;0.92008376;0.19303046;0.0545;520444185.2;;73.118
Grenada;GRD;2002;0.2739443;3.255657;4.202509;0.9200552;0.19611074;0.0582;540336925.9;;73.167
Grenada;GRD;2003;0.27434734;3.2619338;4.198275;0.92001367;0.19901176;0.0644;591018407.4;;73.188
Grenada;GRD;2004;0.27471796;3.2668288;4.1947193;0.9199629;0.20182182;0.0621;599118592.6;;71.788
Grenada;GRD;2005;0.27499625;3.2670875;4.193067;0.91990083;0.20397381;0.0662;695555555.6;;73.521
Grenada;GRD;2006;0.27531436;3.2560234;4.1965566;0.91982275;0.20620283;0.0739;698700666.7;;73.7
Grenada;GRD;2007;0.27576932;3.2348087;4.2057014;0.9197328;0.20867026;0.0837;758683592.6;;74.317
Grenada;GRD;2008;0.27625263;3.210935;4.217312;0.91962963;0.21064676;0.0914;825976037.0;;74.656
Grenada;GRD;2009;0.27665603;3.1897829;4.22827;0.9195128;0.2122821;0.0986;771275555.6;;75.036
Grenada;GRD;2010;0.2768704;3.179474;4.23554;0.9193848;0.21336626;0.1111;771014814.8;;74.999
Grenada;GRD;2011;0.276922;3.1806154;4.2433195;0.91924703;0.21393684;0.0872;778655555.6;;75.295
Grenada;GRD;2012;0.27692875;3.1851122;4.2553287;0.9191014;0.21414296;0.0934;799881481.5;;75.042
Grenada;GRD;2013;0.2769198;3.19101;4.2682185;0.91895103;0.21415214;0.1262;842618518.5;;75.116
Grenada;GRD;2014;0.2769241;3.196049;4.278911;0.91880345;0.21426056;0.1086;911496296.3;;74.985
Grenada;GRD;2015;0.2769708;3.2003934;4.2838464;0.9186596;0.2147164;0.1106;997007407.4;;75.013
Grenada;GRD;2016;0.27736938;3.2008672;4.282873;0.9185193;0.21712744;0.1193;1061640741.0;;74.762
Grenada;GRD;2017;0.2778804;3.201751;4.280764;0.9183826;0.2204002;0.117;1125685185.0;;74.765
Grenada;GRD;2018;0.27841783;3.2130177;4.2805805;0.9182504;0.22196285;0.1294;1166514815.0;;74.808
Grenada;GRD;2019;0.27920952;3.23476;4.2821164;0.9181254;0.22329906;0.1437;1213485185.0;;74.863
Guam;GUM;1990;0.32942277;3.165897;3.8787644;0.28458953;0.17493124;0.0002;;;72.473
Guam;GUM;1991;0.32983398;3.1654363;3.883705;0.2845934;0.17351064;0.0002;;3.509;72.497
Guam;GUM;1992;0.3300379;3.1629455;3.890088;0.28461975;0.17216378;0.0002;;3.837;72.718
Guam;GUM;1993;0.33005887;3.161465;3.8976538;0.28466436;0.17150407;0.0002;;5.527;72.952
Guam;GUM;1994;0.32992762;3.1597486;3.9059725;0.28471738;0.17089194;0.0002;;7.6;73.058
Guam;GUM;1995;0.32967913;3.1587803;3.914;0.2847755;0.17060255;0.0002;;7.9;73.29
Guam;GUM;1996;0.32897034;3.155046;3.922531;0.28485093;0.17082523;0.0002;;8.283;73.092
Guam;GUM;1997;0.32769868;3.1506243;3.9328623;0.28493193;0.17011395;0.0002;;9.67;73.349
Guam;GUM;1998;0.32627082;3.1442797;3.943333;0.28501278;0.17019859;0.0002;;7.74;73.632
Guam;GUM;1999;0.3250932;3.1386132;3.95189;0.28508556;0.16985711;0.0002;;13.95;74.066
Guam;GUM;2000;0.32455412;3.1354263;3.957016;0.2851402;0.17010245;0.0002;;15.32;74.417
Guam;GUM;2001;0.32493126;3.1349998;3.9568677;0.28518552;0.17049412;0.0002;;13.213;75.41
Guam;GUM;2002;0.32596332;3.1355548;3.9527326;0.2852208;0.17158602;0.0002;3394000000.0;11.39;75.793
Guam;GUM;2003;0.3272414;3.1389785;3.9468265;0.28524628;0.17246184;0.0002;3569000000.0;9.691;76.504
Guam;GUM;2004;0.32836232;3.142691;3.9415197;0.28525424;0.17336905;0.0002;3869000000.0;7.7;76.923
Guam;GUM;2005;0.32892233;3.1462026;3.9392476;0.28523764;0.17394647;0.0002;4213000000.0;7.0;77.182
Guam;GUM;2006;0.3289903;3.1522663;3.9422705;0.28522247;0.17433389;0.0002;4238000000.0;7.4;77.136
Guam;GUM;2007;0.32894582;3.1633065;3.9499815;0.28520602;0.17492992;0.0002;4397000000.0;8.3;77.098
Guam;GUM;2008;0.3288421;3.173696;3.959929;0.28518692;0.17503047;0.0002;4658000000.0;8.889;77.185
Guam;GUM;2009;0.32873872;3.182399;3.9695191;0.28515962;0.17549598;0.0002;4828000000.0;9.3;77.094
Guam;GUM;2010;0.32869577;3.1866434;3.9761252;0.2851217;0.17563334;0.0002;4949000000.0;8.2;76.879
Guam;GUM;2011;0.3286237;3.191218;3.982099;0.28509772;0.17633452;0.0002;4984000000.0;13.3;76.872
Guam;GUM;2012;0.32845;3.1936533;3.9902878;0.2850783;0.17697914;0.0002;5265000000.0;12.2;76.707
Guam;GUM;2013;0.3282405;3.1958547;3.9987557;0.28506115;0.17763929;0.0002;5399000000.0;11.5;76.72
Guam;GUM;2014;0.3280632;3.198526;4.0054173;0.28504288;0.17881723;0.0002;5610000000.0;7.6;76.749
Guam;GUM;2015;0.32798436;3.198387;4.0081186;0.2850218;0.17995356;0.0002;5799000000.0;6.9;76.616
Guam;GUM;2016;0.32794625;3.2000597;4.000842;0.28500825;0.1813042;0.0002;5901000000.0;5.4;76.877
Guam;GUM;2017;0.32789272;3.1983073;3.9940338;0.2849967;0.18231809;0.0002;6013000000.0;5.417;77.155
Guam;GUM;2018;0.3276672;3.1985672;3.9997094;0.2849861;0.18261021;0.0003;6051000000.0;5.447;77.439
Guam;GUM;2019;0.32720676;3.1972318;4.013985;0.28497666;0.1828871;0.0003;6355000000.0;5.402;77.717
Guatemala;GTM;1990;0.26110035;3.7855756;4.0671277;0.79979086;0.16719288;3.9144;7650196845.0;;62.473
Guatemala;GTM;1991;0.2607648;3.80976;4.070198;0.7999339;0.16714615;4.1375;9406135143.0;2.675;62.725
Guatemala;GTM;1992;0.26050594;3.8381498;4.0733595;0.8000808;0.16752139;4.8503;10440781588.0;2.631;62.913
Guatemala;GTM;1993;0.26032037;3.8666654;4.0765667;0.8002354;0.16732293;5.3854;11400017301.0;2.593;63.349
Guatemala;GTM;1994;0.26020503;3.8952844;4.0798063;0.8004051;0.16764636;5.8209;12983233311.0;2.576;63.726
Guatemala;GTM;1995;0.2601567;3.9257407;4.0829983;0.8005847;0.16783455;6.793;14655404433.0;2.573;64.195
Guatemala;GTM;1996;0.26024312;3.9719603;4.086142;0.8007614;0.16809662;6.6716;15674835615.0;2.623;64.863
Guatemala;GTM;1997;0.26047656;4.045967;4.0892453;0.8009279;0.16947465;6.9771;17790026222.0;2.608;65.536
Guatemala;GTM;1998;0.2607699;4.125211;4.092411;0.80108273;0.16910473;8.7033;19395491993.0;2.608;66.114
Guatemala;GTM;1999;0.2610382;4.1882973;4.0956273;0.8012205;0.17027138;8.6667;18318412251.0;2.566;66.869
Guatemala;GTM;2000;0.26119724;4.2176867;4.0988264;0.801336;0.17057174;9.6856;19288929030.0;2.605;67.446
Guatemala;GTM;2001;0.26127192;4.2208037;4.102979;0.801431;0.1712291;10.1749;18405220247.0;2.746;67.946
Guatemala;GTM;2002;0.26134917;4.2193365;4.108322;0.8015009;0.17170271;10.6932;20444205991.0;2.748;68.386
Guatemala;GTM;2003;0.26143342;4.2169113;4.114185;0.8015465;0.1726725;10.6467;21576351799.0;2.807;68.797
Guatemala;GTM;2004;0.26152915;4.210898;4.1200566;0.8015733;0.17332105;10.8517;23577298095.0;2.971;69.165
Guatemala;GTM;2005;0.26164305;4.202526;4.125324;0.80158454;0.17437884;11.7721;26783389294.0;3.06;69.168
Guatemala;GTM;2006;0.2618834;4.1783195;4.1328945;0.8015807;0.17480618;11.9157;29744246827.0;2.95;69.812
Guatemala;GTM;2007;0.26228115;4.134603;4.1445494;0.8015554;0.17565341;12.7011;33567850824.0;2.825;70.1
Guatemala;GTM;2008;0.26272342;4.077393;4.158264;0.8015111;0.17667276;11.5691;38503720224.0;2.874;70.356
Guatemala;GTM;2009;0.2630968;4.019649;4.1720104;0.8014544;0.17715928;12.1973;37126148265.0;3.209;70.641
Guatemala;GTM;2010;0.26329106;3.9688396;4.183536;0.8013821;0.17800406;11.7769;40676578423.0;3.497;70.878
Guatemala;GTM;2011;0.26330152;3.9116497;4.1958985;0.8012947;0.1786809;12.1464;46876006272.0;3.171;71.177
Guatemala;GTM;2012;0.26323485;3.8377476;4.2117705;0.8011949;0.17925279;12.5819;49593929487.0;2.765;71.463
Guatemala;GTM;2013;0.26314366;3.766351;4.228506;0.80108505;0.17998175;13.5354;52996446269.0;3.017;71.728
Guatemala;GTM;2014;0.26307926;3.711947;4.2434835;0.8009678;0.18062517;14.5329;57852153059.0;2.717;71.964
Guatemala;GTM;2015;0.26309267;3.6883667;4.2540755;0.8008448;0.1814775;16.9747;62186064719.0;2.506;72.103
Guatemala;GTM;2016;0.26356608;3.6958432;4.2629175;0.80072063;0.18345854;18.0394;66053403469.0;2.583;72.355
Guatemala;GTM;2017;0.26400137;3.704804;4.268683;0.80059695;0.18568383;17.1551;71653754066.0;2.462;72.551
Guatemala;GTM;2018;0.2636694;3.693483;4.2681417;0.8004755;0.18617883;18.7548;73328365862.0;2.283;72.726
Guatemala;GTM;2019;0.26276714;3.6679313;4.263226;0.80035627;0.18659185;19.7134;77172317259.0;2.193;73.129
Guinea;GIN;1990;0.20854433;4.2396;3.3169603;0.53727365;0.08941981;0.9624;3888320666.0;;47.004
Guinea;GIN;1991;0.2089815;4.243402;3.3118415;0.5372772;0.08934032;0.946;4396178694.0;4.519;47.546
Guinea;GIN;1992;0.20931453;4.247358;3.3084025;0.53728104;0.089119606;0.8476;4789220417.0;4.549;48.363
Guinea;GIN;1993;0.20955564;4.250552;3.3059852;0.5372859;0.08874248;0.8708;4781166117.0;4.527;48.962
Guinea;GIN;1994;0.20970587;4.253425;3.304591;0.5372925;0.08870744;0.8871;4932800407.0;4.481;49.171
Guinea;GIN;1995;0.20974703;4.259884;3.3053474;0.5372979;0.08855631;0.8953;5385704166.0;4.437;49.866
Guinea;GIN;1996;0.20961729;4.266651;3.3082645;0.5373048;0.088083036;0.9319;5641243100.0;4.461;50.544
Guinea;GIN;1997;0.20932746;4.274958;3.3123837;0.5373132;0.08777443;0.9413;5516916163.0;4.423;51.356
Guinea;GIN;1998;0.20896792;4.2851562;3.3179502;0.5373206;0.08730971;0.9754;5232118046.0;4.461;52.049
Guinea;GIN;1999;0.20864576;4.2975097;3.3239453;0.5373258;0.08711659;0.9997;5046806783.0;4.488;52.356
Guinea;GIN;2000;0.20848696;4.3080955;3.3280385;0.5373298;0.08709591;1.504;4367458867.0;4.591;52.479
Guinea;GIN;2001;0.20855367;4.314251;3.3299234;0.53733236;0.087092295;1.5919;4125527603.0;4.595;52.662
Guinea;GIN;2002;0.20875959;4.319782;3.3312428;0.53733444;0.08693739;1.7028;4301608753.0;4.549;53.278
Guinea;GIN;2003;0.20900166;4.3245454;3.3325038;0.5373359;0.08685615;1.7947;5025167975.0;4.651;53.678
Guinea;GIN;2004;0.2091876;4.328797;3.3334987;0.5373371;0.08709208;1.8453;5300767961.0;4.757;54.117
Guinea;GIN;2005;0.20922744;4.3326006;3.3338575;0.5373383;0.0869171;1.7631;4282468637.0;4.899;54.632
Guinea;GIN;2006;0.20897172;4.3365955;3.3327215;0.5373367;0.08688251;1.8793;4220019243.0;4.958;55.108
Guinea;GIN;2007;0.20845853;4.340774;3.3302338;0.53733397;0.08701675;1.9577;6281917650.0;4.834;55.553
Guinea;GIN;2008;0.20786637;4.3459454;3.3272593;0.5373309;0.08705429;2.0836;6964179188.0;4.844;56.044
Guinea;GIN;2009;0.20737155;4.350526;3.324795;0.5373278;0.08668393;2.1705;6716904517.0;4.991;56.348
Guinea;GIN;2010;0.20714976;4.350679;3.3237743;0.53732467;0.086792246;2.5342;6853467832.0;5.129;56.72
Guinea;GIN;2011;0.20722653;4.3541927;3.3249447;0.537319;0.087045394;2.6418;6785137216.0;5.123;57.019
Guinea;GIN;2012;0.20745662;4.3572865;3.3280475;0.5373126;0.08769651;2.5194;7638045226.0;4.891;57.406
Guinea;GIN;2013;0.20774876;4.3615746;3.3320081;0.5373056;0.08850016;2.2592;8376613881.0;4.977;57.791
Guinea;GIN;2014;0.20801142;4.363553;3.3357828;0.53729826;0.08898354;2.3879;8778473643.0;5.108;57.886
Guinea;GIN;2015;0.20815113;4.366143;3.338345;0.5372907;0.08960463;2.8612;8794202394.0;5.251;58.134
Guinea;GIN;2016;0.20805068;4.364881;3.3451107;0.5372822;0.09104666;3.1353;8595955600.0;5.019;58.763
Guinea;GIN;2017;0.20797974;4.3634853;3.3508053;0.537274;0.092303365;3.1181;10324668271.0;4.815;59.109
Guinea;GIN;2018;0.20832606;4.365908;3.3476272;0.5372661;0.09291104;3.1786;11857030367.0;4.771;59.349
Guinea;GIN;2019;0.20905477;4.3731165;3.3388844;0.53725857;0.09339962;3.305;13442861496.0;5.018;59.72
Guinea-Bissau;GNB;1990;0.20318335;4.3626304;3.057475;0.52663183;0.08573376;0.172;634187269.2;;47.084
Guinea-Bissau;GNB;1991;0.20376225;4.3621597;3.0571938;0.52663386;0.08614857;0.2186;668470890.0;3.066;47.465
Guinea-Bissau;GNB;1992;0.20424248;4.363495;3.057229;0.52663565;0.08651132;0.1958;588309271.2;3.13;47.92
Guinea-Bissau;GNB;1993;0.2046108;4.3668027;3.057564;0.5266373;0.08703465;0.2097;615779519.1;3.179;48.228
Guinea-Bissau;GNB;1994;0.20485383;4.369042;3.0581796;0.5266389;0.0867556;0.2097;612502084.6;3.203;48.156
Guinea-Bissau;GNB;1995;0.20495814;4.373137;3.0590496;0.5266402;0.08656684;0.2132;660195401.9;3.168;48.952
Guinea-Bissau;GNB;1996;0.2049017;4.3813143;3.0607285;0.52664125;0.08655826;0.2121;702965147.5;3.063;49.065
Guinea-Bissau;GNB;1997;0.2047183;4.3932886;3.0633063;0.5266421;0.08634586;0.2221;698107222.5;3.03;47.997
Guinea-Bissau;GNB;1998;0.2044728;4.409441;3.0661924;0.5266437;0.08609481;0.2266;591034143.3;3.416;47.716
Guinea-Bissau;GNB;1999;0.20423244;4.421251;3.06867;0.5266456;0.08544223;0.2309;579365780.2;3.558;48.006
Guinea-Bissau;GNB;2000;0.20406598;4.430192;3.069927;0.52664644;0.08514518;0.2077;391345597.5;3.576;50.121
Guinea-Bissau;GNB;2001;0.20389034;4.4359064;3.0693524;0.5266472;0.08499489;0.214;412610871.5;3.195;50.445
Guinea-Bissau;GNB;2002;0.20362574;4.44191;3.0673065;0.5266478;0.084938124;0.224;466773711.2;3.222;50.986
Guinea-Bissau;GNB;2003;0.20334136;4.448843;3.0647118;0.526648;0.08478191;0.2639;553614800.1;3.284;51.405
Guinea-Bissau;GNB;2004;0.2031057;4.454673;3.0625284;0.5266481;0.08483224;0.2722;582169841.3;3.28;52.15
Guinea-Bissau;GNB;2005;0.20298728;4.457423;3.0616796;0.526648;0.08463541;0.2771;639776040.6;3.221;52.249
Guinea-Bissau;GNB;2006;0.20297053;4.4617805;3.0618443;0.5266486;0.084308125;0.2927;634781901.3;3.204;53.371
Guinea-Bissau;GNB;2007;0.20298119;4.46675;3.0620797;0.52664846;0.08413557;0.3102;753162998.1;3.202;54.155
Guinea-Bissau;GNB;2008;0.20300102;4.470534;3.0625129;0.52664757;0.08406706;0.2949;952667544.0;3.218;54.646
Guinea-Bissau;GNB;2009;0.20301162;4.47588;3.0633013;0.5266462;0.08407699;0.3065;890167833.4;3.21;55.541
Guinea-Bissau;GNB;2010;0.20299499;4.475475;3.0645669;0.5266445;0.0841582;0.3169;940112539.0;3.197;56.23
Guinea-Bissau;GNB;2011;0.20290016;4.476796;3.0679839;0.52664334;0.08393211;0.3169;1157074319.0;3.144;56.967
Guinea-Bissau;GNB;2012;0.20272319;4.478615;3.074039;0.526642;0.0844632;0.3213;1049412177.0;3.207;57.69
Guinea-Bissau;GNB;2013;0.20251848;4.4805527;3.081141;0.52664065;0.084913865;0.328;1109682824.0;3.226;58.232
Guinea-Bissau;GNB;2014;0.20234117;4.4822316;3.0877094;0.5266393;0.08525527;0.3436;1135250721.0;3.316;58.61
Guinea-Bissau;GNB;2015;0.20224656;4.483795;3.092136;0.52663803;0.08581912;0.3617;1152384167.0;3.224;59.128
Guinea-Bissau;GNB;2016;0.20232014;4.483963;3.0985103;0.52663636;0.086852804;0.3659;1245074264.0;3.192;59.674
Guinea-Bissau;GNB;2017;0.20250143;4.48815;3.1035547;0.5266346;0.08737306;0.2898;1469978606.0;3.137;60.066
Guinea-Bissau;GNB;2018;0.2029482;4.4911523;3.1011078;0.526633;0.08784916;0.2945;1554133594.0;3.196;60.502
Guinea-Bissau;GNB;2019;0.20376217;4.4942803;3.0934513;0.52663183;0.08834084;0.3045;1486476582.0;3.219;60.882
Guyana;GUY;1990;0.25386313;4.5980887;4.344072;0.8699689;0.1465206;1.174;396582263.3;;62.415
Guyana;GUY;1991;0.2540943;4.6087875;4.3387933;0.87002164;0.14670977;1.146;348533094.8;12.046;62.622
Guyana;GUY;1992;0.25435823;4.621925;4.3339486;0.870054;0.14714065;1.0825;373573141.5;11.9;62.787
Guyana;GUY;1993;0.25463188;4.6385503;4.3298516;0.8700625;0.14786689;1.0888;454101382.5;11.668;63.152
Guyana;GUY;1994;0.25489226;4.6540923;4.326576;0.87004006;0.14875335;1.4152;540874934.2;11.598;63.372
Guyana;GUY;1995;0.25511503;4.670113;4.324338;0.86998844;0.14972636;1.5327;621626785.9;11.622;63.136
Guyana;GUY;1996;0.25542754;4.699205;4.322927;0.8699092;0.15072724;1.5821;705406001.4;11.602;63.205
Guyana;GUY;1997;0.25590265;4.745117;4.321675;0.86980623;0.15267606;1.724;749138009.6;11.62;63.356
Guyana;GUY;1998;0.2564301;4.8000693;4.320509;0.8696886;0.15505314;1.7494;717530683.2;11.718;63.9
Guyana;GUY;1999;0.2568994;4.850861;4.3193965;0.86956424;0.15685603;1.7376;694754988.3;11.785;64.17
Guyana;GUY;2000;0.2572001;4.8916664;4.3180876;0.8694393;0.15826316;1.6621;712667896.7;11.901;64.483
Guyana;GUY;2001;0.2573963;4.9299593;4.3171277;0.8693278;0.15924051;1.6456;712167450.2;11.802;64.788
Guyana;GUY;2002;0.25761053;4.973296;4.3171077;0.8692465;0.15986942;1.6237;726131434.7;11.81;64.728
Guyana;GUY;2003;0.25781882;5.0156555;4.3177433;0.8692004;0.16050163;1.6197;743063950.3;11.532;64.6
Guyana;GUY;2004;0.2579971;5.0501676;4.318804;0.8691866;0.16113308;1.6735;787814379.2;11.279;64.93
Guyana;GUY;2005;0.25812128;5.0639615;4.32002;0.86920404;0.16186844;1.4834;824880550.3;11.066;65.132
Guyana;GUY;2006;0.2582417;5.06731;4.322208;0.8692515;0.1629183;1.3346;2379817991.0;10.7;65.667
Guyana;GUY;2007;0.25840634;5.066729;4.3259516;0.8693219;0.16413584;1.607;2730971595.0;10.891;66.254
Guyana;GUY;2008;0.25858736;5.0630174;4.3305383;0.8694047;0.16548361;1.6055;3025187433.0;11.111;66.288
Guyana;GUY;2009;0.2587561;5.056914;4.335434;0.8694969;0.16689023;1.629;3165663153.0;11.42;66.563
Guyana;GUY;2010;0.25888315;5.0544515;4.34003;0.86959976;0.16824934;1.7612;3432912517.0;11.758;66.743
Guyana;GUY;2011;0.25900564;5.051435;4.347164;0.8697127;0.16987607;1.8334;3691384318.0;11.977;66.982
Guyana;GUY;2012;0.25917014;5.0429273;4.358278;0.8698268;0.17237528;2.0026;4063088536.0;12.231;67.23
Guyana;GUY;2013;0.25936198;5.0291276;4.370516;0.8699301;0.17457835;1.9774;4167800929.0;12.528;67.473
Guyana;GUY;2014;0.259565;5.019099;4.3809996;0.8700231;0.17667253;2.0651;4127660152.0;12.887;67.882
Guyana;GUY;2015;0.25976253;5.0122976;4.386731;0.8701077;0.17927523;2.0746;4279840194.0;13.273;68.201
Guyana;GUY;2016;0.2606395;5.011234;4.372263;0.87002397;0.18182851;2.4572;4482697337.0;13.563;68.384
Guyana;GUY;2017;0.2616605;5.004922;4.355171;0.8697839;0.18465064;2.4688;4748174334.0;13.813;68.667
Guyana;GUY;2018;0.2622881;4.9786057;4.3608413;0.8696931;0.18596709;2.5808;4787636998.0;14.019;68.896
Guyana;GUY;2019;0.26300907;4.927692;4.3815017;0.8697546;0.18756385;2.7933;5173760192.0;13.525;69.124
Haiti;HTI;1990;0.24450433;3.7226782;4.4520764;0.8443564;0.12638621;1.1414;3096289800.0;;52.975
Haiti;HTI;1991;0.24408342;3.711195;4.447815;0.84436876;0.12497356;1.114;3473562628.0;7.327;53.391
Haiti;HTI;1992;0.2436933;3.6993835;4.443807;0.84438485;0.1234829;1.0365;2257129792.0;7.405;53.842
Haiti;HTI;1993;0.24335133;3.6898055;4.4405165;0.8444028;0.122045524;0.8774;1878253767.0;7.582;54.35
Haiti;HTI;1994;0.2430789;3.6828444;4.4382176;0.8444223;0.12117371;0.414;2167569046.0;7.97;54.653
Haiti;HTI;1995;0.2428968;3.6807413;4.437209;0.84443796;0.1206601;1.1264;2813313279.0;7.56;55.547
Haiti;HTI;1996;0.242758;3.6795025;4.436458;0.8444565;0.12052411;1.2803;2907517604.0;7.319;56.154
Haiti;HTI;1997;0.24261418;3.67919;4.434926;0.8444764;0.12056304;1.4954;3338949152.0;6.968;56.516
Haiti;HTI;1998;0.24247828;3.6801271;4.43325;0.84449416;0.12038161;1.5322;3723903724.0;7.159;57.135
Haiti;HTI;1999;0.2423637;3.680804;4.4321127;0.844507;0.12041378;1.6026;4153725884.0;7.2;57.961
Haiti;HTI;2000;0.24228315;3.6794553;4.432217;0.8445143;0.12060136;1.6946;6813566099.0;8.441;58.365
Haiti;HTI;2001;0.24221899;3.6791394;4.433551;0.84451544;0.12055228;1.7276;6331970324.0;9.744;58.489
Haiti;HTI;2002;0.2421489;3.6754484;4.4355564;0.84450907;0.12060224;1.951;6205847214.0;11.044;58.855
Haiti;HTI;2003;0.2420785;3.672045;4.43804;0.8444939;0.120236546;1.9369;5071947798.0;12.184;59.507
Haiti;HTI;2004;0.24201186;3.6685903;4.440987;0.84447306;0.119932316;1.7903;6087360684.0;13.458;58.475
Haiti;HTI;2005;0.24195589;3.6626472;4.4441323;0.84444386;0.119868636;1.8286;7030149730.0;14.589;60.415
Haiti;HTI;2006;0.24186406;3.6510434;4.4492483;0.8444047;0.119984366;1.8509;7638739123.0;15.914;60.763
Haiti;HTI;2007;0.2417104;3.635179;4.457644;0.84436125;0.11945601;2.1833;9228637768.0;16.8;61.103
Haiti;HTI;2008;0.24153604;3.6168995;4.4680634;0.8443149;0.11928078;2.1625;10432962635.0;16.194;61.332
Haiti;HTI;2009;0.24138168;3.6033096;4.4792633;0.8442655;0.11909305;2.1225;11597002835.0;15.342;61.741
Haiti;HTI;2010;0.24124467;3.5990663;4.493932;0.8443408;0.11932785;2.5977;11859312725.0;15.255;46.019
Haiti;HTI;2011;0.2411294;3.6015263;4.513916;0.8444085;0.11912635;2.9434;13008746039.0;14.482;61.623
Haiti;HTI;2012;0.24102955;3.6033423;4.538137;0.8443426;0.119475886;2.6045;13708925477.0;14.1;62.291
Haiti;HTI;2013;0.24092743;3.607139;4.5649495;0.8442772;0.11942604;2.8143;14902488604.0;13.639;62.605
Haiti;HTI;2014;0.24084862;3.6114829;4.5886364;0.8442127;0.1197147;3.1965;15146883498.0;13.766;62.987
Haiti;HTI;2015;0.24082011;3.614001;4.60343;0.84414774;0.119706765;3.4497;14849629309.0;13.745;63.237
Haiti;HTI;2016;0.24105889;3.6198344;4.60835;0.84408164;0.12031896;3.5336;14069277526.0;13.888;63.392
Haiti;HTI;2017;0.24132603;3.6255832;4.6114783;0.8440158;0.12105196;3.5028;15093357161.0;13.929;63.854
Haiti;HTI;2018;0.24135691;3.6294103;4.6204476;0.84395117;0.121481515;3.4735;16403864618.0;13.937;64.019
Haiti;HTI;2019;0.2413061;3.6351175;4.635318;0.8438882;0.122097835;3.5073;15016090930.0;14.133;64.255
High-income countries;;1990;0.32568294;3.4713526;4.729571;0.7320952;0.36385235;;;;
High-income countries;;1991;0.32657075;3.4801419;4.724091;0.73162156;0.36911672;;;;
High-income countries;;1992;0.327345;3.4917297;4.7198305;0.7312833;0.37388405;;;;
High-income countries;;1993;0.32798207;3.505563;4.7165747;0.731041;0.37802675;;;;
High-income countries;;1994;0.32849044;3.5212934;4.7144914;0.7308721;0.38116062;;;;
High-income countries;;1995;0.32880247;3.5382771;4.713554;0.7307541;0.38302228;;;;
High-income countries;;1996;0.32896474;3.5589015;4.7459154;0.7306707;0.38422203;;;;
High-income countries;;1997;0.32909375;3.5835426;4.8241196;0.73056686;0.385379;;;;
High-income countries;;1998;0.32921398;3.6082015;4.9177723;0.73050016;0.3864955;;;;
High-income countries;;1999;0.32936868;3.6294994;4.9966345;0.73052037;0.38789004;;;;
High-income countries;;2000;0.32956424;3.6422627;5.029177;0.7306232;0.38938245;;;;
High-income countries;;2001;0.33004308;3.6453912;5.0156226;0.7315425;0.39178243;;;;
High-income countries;;2002;0.33087316;3.6413786;4.983831;0.7334375;0.39507318;;;;
High-income countries;;2003;0.331835;3.6339881;4.9441285;0.7356737;0.39866683;;;;
High-income countries;;2004;0.3327;3.6272917;4.906421;0.7376291;0.4020432;;;;
High-income countries;;2005;0.3332121;3.6245735;4.880684;0.7385983;0.40471736;;;;
High-income countries;;2006;0.3334882;3.626557;4.875587;0.7385838;0.40676862;;;;
High-income countries;;2007;0.33373258;3.6304147;4.885886;0.73817044;0.40870345;;;;
High-income countries;;2008;0.33391565;3.6354907;4.901238;0.73765916;0.4104951;;;;
High-income countries;;2009;0.3340403;3.6406524;4.9126287;0.7372638;0.4120632;;;;
High-income countries;;2010;0.3340681;3.6447074;4.9096837;0.7371935;0.4135526;;;;
High-income countries;;2011;0.3338349;3.6436322;4.8857584;0.73732656;0.4136251;;;;
High-income countries;;2012;0.3332725;3.636529;4.8491583;0.73743266;0.41198844;;;;
High-income countries;;2013;0.33253008;3.6269057;4.810606;0.7375556;0.40980616;;;;
High-income countries;;2014;0.33173946;3.6191218;4.7802787;0.7376595;0.40826386;;;;
High-income countries;;2015;0.3309917;3.6158853;4.767557;0.7377445;0.40845641;;;;
High-income countries;;2016;0.32950997;3.6152415;4.7591414;0.7378475;0.41162083;;;;
High-income countries;;2017;0.32832518;3.6164496;4.7542152;0.738008;0.41469887;;;;
High-income countries;;2018;0.32781148;3.6251435;4.796592;0.7382172;0.41598982;;;;
High-income countries;;2019;0.32704684;3.6410694;4.8858933;0.73846537;0.41672078;;;;
Honduras;HND;1990;0.2596827;3.0362604;3.874954;0.8111928;0.14727834;2.3554;4923009552.0;;65.243
Honduras;HND;1991;0.25948322;3.035961;3.8825924;0.8111543;0.14734839;2.3737;4648668479.0;4.58;65.752
Honduras;HND;1992;0.25932255;3.0385575;3.8890853;0.81111896;0.14714776;2.6678;4943700431.0;3.06;65.991
Honduras;HND;1993;0.25920036;3.0425975;3.8942235;0.8110878;0.14717221;2.7964;4926728933.0;3.097;66.251
Honduras;HND;1994;0.25911593;3.0472462;3.897938;0.8110675;0.14729837;3.1956;4642280682.0;3.136;66.574
Honduras;HND;1995;0.25907183;3.0541863;3.899689;0.81105244;0.14697334;3.7734;5347445005.0;3.24;67.139
Honduras;HND;1996;0.2590945;3.0605397;3.8992553;0.81104225;0.14719756;4.0014;5215028986.0;4.37;67.439
Honduras;HND;1997;0.25918344;3.0721507;3.8975163;0.811045;0.14756824;4.1101;5737099650.0;3.32;67.777
Honduras;HND;1998;0.2592928;3.0851789;3.8959224;0.8110814;0.14779118;4.7643;6366340266.0;4.02;62.721
Honduras;HND;1999;0.25938585;3.0967271;3.894954;0.8111287;0.14883025;4.8288;6414520530.0;3.85;68.422
Honduras;HND;2000;0.25942627;3.1083102;3.8951075;0.8111644;0.14885662;4.9954;7186638029.0;3.881;68.662
Honduras;HND;2001;0.25938874;3.118623;3.8973935;0.81121135;0.14913544;5.8855;7651162302.0;4.0;69.006
Honduras;HND;2002;0.25930753;3.130204;3.9014328;0.8112733;0.1495738;6.2157;7858255413.0;4.02;69.366
Honduras;HND;2003;0.25922397;3.141152;3.9065971;0.8113457;0.14976467;6.8802;8230391347.0;5.3;69.507
Honduras;HND;2004;0.2591793;3.1511903;3.9122572;0.8114238;0.15026908;7.8264;8869299234.0;5.99;69.796
Honduras;HND;2005;0.25921434;3.1569703;3.9178126;0.8115046;0.15073518;7.0914;9757012697.0;4.909;70.104
Honduras;HND;2006;0.25949234;3.158525;3.926111;0.81158507;0.1515501;8.1424;10917477066.0;3.575;70.261
Honduras;HND;2007;0.26003128;3.159772;3.938921;0.81166446;0.1530107;8.6612;12361257681.0;3.211;70.376
Honduras;HND;2008;0.26065496;3.1612332;3.953987;0.8117392;0.15441974;8.6651;13881731876.0;3.156;70.441
Honduras;HND;2009;0.26118708;3.1611214;3.9690576;0.8118058;0.15615453;8.1654;14587496229.0;3.292;70.911
Honduras;HND;2010;0.2614514;3.1619403;3.9819007;0.8118637;0.15747672;7.9773;15839344592.0;4.119;71.088
Honduras;HND;2011;0.2614567;3.1638138;3.996735;0.8119125;0.15817018;9.4831;17710275685.0;4.475;71.439
Honduras;HND;2012;0.26136318;3.1648076;4.0171614;0.81197;0.15924822;9.9221;18528554398.0;3.755;71.734
Honduras;HND;2013;0.26122847;3.1658163;4.0392375;0.8120328;0.15984248;9.7066;18499729215.0;5.646;71.963
Honduras;HND;2014;0.26111248;3.165894;4.058581;0.8120794;0.16068864;9.9258;19756533972.0;7.078;72.259
Honduras;HND;2015;0.26107064;3.1681056;4.0714254;0.81211436;0.16134736;10.5272;20979791685.0;6.147;72.487
Honduras;HND;2016;0.2613825;3.1711934;4.078126;0.8121209;0.16356038;10.3656;21717604952.0;6.727;72.588
Honduras;HND;2017;0.26172268;3.172926;4.081632;0.8120988;0.16528867;9.3382;23136247991.0;5.528;72.692
Honduras;HND;2018;0.26176286;3.1675985;4.0855455;0.8120671;0.165937;8.9964;24067750760.0;5.622;72.814
Honduras;HND;2019;0.2616812;3.1551142;4.090965;0.81202614;0.167219;10.1608;24882225742.0;5.551;72.881
Hungary;HUN;1990;0.28699917;3.4148252;3.4366956;0.53811026;0.15814333;71.6829;34365891769.0;;69.31560976
Hungary;HUN;1991;0.28699082;3.4004557;3.4397466;0.53812283;0.1565667;67.9092;34753569693.0;8.5;69.37707317
Hungary;HUN;1992;0.28700277;3.382188;3.4427345;0.5381418;0.15524274;60.8261;38730585922.0;9.942;69.11707317
Hungary;HUN;1993;0.28702793;3.3631907;3.445407;0.53816104;0.15442635;61.9547;40124916941.0;12.098;69.10121951
Hungary;HUN;1994;0.28705722;3.341157;3.44755;0.53817976;0.15403722;61.8234;43166678735.0;10.847;69.4697561
Hungary;HUN;1995;0.28708377;3.3174787;3.4488163;0.53819036;0.1536224;61.4932;46425677734.0;10.168;69.79170732
Hungary;HUN;1996;0.28713813;3.286182;3.449476;0.5381911;0.15393753;62.8113;46658755152.0;10.022;70.32878049
Hungary;HUN;1997;0.28724322;3.2424147;3.4497912;0.53818464;0.15419193;61.652;47296952929.0;8.991;70.70243902
Hungary;HUN;1998;0.2873814;3.19176;3.4499285;0.5381734;0.15456855;61.4414;48706787306.0;8.925;70.55780488
Hungary;HUN;1999;0.28753352;3.1474817;3.4500966;0.5381632;0.1549071;61.8617;49073380174.0;6.929;70.67707317
Hungary;HUN;2000;0.2876838;3.1081946;3.4500954;0.5381457;0.15561762;58.7239;47218405892.0;6.563;71.24634146
Hungary;HUN;2001;0.28796175;3.0772953;3.4504218;0.53812164;0.15724273;60.1829;53749989092.0;5.671;72.24878049
Hungary;HUN;2002;0.28842345;3.0485425;3.451319;0.5380968;0.15927601;59.2765;67608919144.0;5.608;72.34878049
Hungary;HUN;2003;0.28894436;3.0211635;3.4524179;0.538069;0.1612995;61.8605;85285062818.0;5.79;72.3
Hungary;HUN;2004;0.28939825;2.994255;3.4534044;0.5380416;0.16414115;59.9896;104000000000.0;5.832;72.64878049
Hungary;HUN;2005;0.2896597;2.9698982;3.453991;0.53801495;0.16581748;60.294;113000000000.0;7.189;72.64878049
Hungary;HUN;2006;0.2897556;2.9460216;3.4555173;0.53799;0.16702826;59.9915;116000000000.0;7.494;73.09756098
Hungary;HUN;2007;0.28981128;2.9216616;3.458538;0.5379645;0.16784392;58.5799;140000000000.0;7.406;73.15121951
Hungary;HUN;2008;0.28984985;2.8995118;3.4616735;0.5379335;0.16832568;57.3322;158000000000.0;7.817;73.70243902
Hungary;HUN;2009;0.28989208;2.8795009;3.4637506;0.5379009;0.16955006;51.2309;131000000000.0;10.03;73.90487805
Hungary;HUN;2010;0.28995964;2.8616712;3.4635243;0.53786635;0.17003523;51.8402;132000000000.0;11.172;74.20731707
Hungary;HUN;2011;0.29014653;2.8498757;3.4590325;0.5378302;0.17111102;50.9661;142000000000.0;11.029;74.85853659
Hungary;HUN;2012;0.29047135;2.8391707;3.4505904;0.53779334;0.17200856;47.2884;129000000000.0;11.003;75.06341463
Hungary;HUN;2013;0.2908436;2.8323722;3.44017;0.5377516;0.17355245;44.5476;136000000000.0;10.177;75.56585366
Hungary;HUN;2014;0.29117092;2.8276625;3.429955;0.5377081;0.17467797;44.6648;141000000000.0;7.725;75.76341463
Hungary;HUN;2015;0.2913612;2.8250878;3.4221237;0.53766483;0.1756871;47.3196;125000000000.0;6.813;75.56829268
Hungary;HUN;2016;0.29122773;2.832285;3.4109962;0.5376248;0.1772673;48.1433;129000000000.0;5.115;76.06341463
Hungary;HUN;2017;0.29106456;2.8385477;3.4020705;0.53758806;0.17886764;53.8695;143000000000.0;4.156;75.81707317
Hungary;HUN;2018;0.29118642;2.834383;3.402081;0.53755033;0.1810569;53.6536;161000000000.0;3.709;76.06585366
Hungary;HUN;2019;0.2914906;2.8233702;3.4067228;0.5375118;0.1835278;52.0727;164000000000.0;3.419;76.3195122
Iceland;ISL;1990;0.2784925;3.2074318;5.0731735;0.88971555;0.38827625;2.3417;6468736356.0;;78.03634146
Iceland;ISL;1991;0.27791303;3.1904538;5.079587;0.88974375;0.38667655;2.2935;6909730288.0;2.548;77.99195122
Iceland;ISL;1992;0.27743578;3.1726542;5.084737;0.889782;0.38589406;2.308;7080981738.0;4.305;78.7602439
Iceland;ISL;1993;0.27704337;3.1570141;5.0886774;0.88989705;0.38598025;2.4104;6218581532.0;5.257;78.93463415
Iceland;ISL;1994;0.27680573;3.1454713;5.0923905;0.88995725;0.38594094;2.5241;6389460343.0;5.326;79.24707317
Iceland;ISL;1995;0.276684;3.1323164;5.094972;0.89004016;0.38585737;2.4437;7123633418.0;5.196;77.98439024
Iceland;ISL;1996;0.27675495;3.1214485;5.0975842;0.89012384;0.38760555;2.7116;7426082271.0;3.6;78.77780488
Iceland;ISL;1997;0.27699837;3.1111555;5.098723;0.8901357;0.3899919;2.6275;7569672925.0;3.72;78.88536585
Iceland;ISL;1998;0.27727968;3.1005204;5.0985937;0.89017737;0.39233822;2.711;8503693099.0;3.069;79.60243902
Iceland;ISL;1999;0.2775426;3.0890253;5.099072;0.8901951;0.3956789;2.7436;8982047589.0;2.178;79.35121951
Iceland;ISL;2000;0.2776561;3.0778353;5.0997405;0.8902108;0.39862582;2.8558;9025660362.0;1.936;79.65365854
Iceland;ISL;2001;0.27756616;3.0626435;5.1008782;0.891983;0.40225676;2.9607;8234846805.0;1.874;80.6902439
Iceland;ISL;2002;0.2773725;3.0429769;5.101612;0.8960473;0.4058459;3.1326;9318395055.0;2.988;80.50243902
Iceland;ISL;2003;0.27712774;3.0206192;5.1014504;0.9008615;0.41044316;3.1036;11429333038.0;3.997;80.96341463
Iceland;ISL;2004;0.27693126;2.9984057;5.0998836;0.904726;0.4142604;3.1791;13825302536.0;4.031;80.99756098
Iceland;ISL;2005;0.27688852;2.9775202;5.095052;0.90590656;0.4176044;3.1308;16852963067.0;2.547;81.50243902
Iceland;ISL;2006;0.27699843;2.9514966;5.085369;0.9051288;0.4186797;3.2445;17465318552.0;2.83;81.15853659
Iceland;ISL;2007;0.2772225;2.9235432;5.0735373;0.9043221;0.42066163;3.4854;21652505597.0;2.251;81.45365854
Iceland;ISL;2008;0.2774542;2.8991032;5.065872;0.9040399;0.42360833;3.7862;18074622987.0;2.946;81.6097561
Iceland;ISL;2009;0.27758688;2.8827534;5.0654664;0.9044717;0.42724344;3.8286;13154414219.0;7.22;81.75121951
Iceland;ISL;2010;0.27761346;2.8793223;5.0715923;0.90526015;0.43062752;3.7373;13751161918.0;7.564;81.89756098
Iceland;ISL;2011;0.27756524;2.8840814;5.0819383;0.9063161;0.43261614;3.6033;15221622926.0;7.028;82.35853659
Iceland;ISL;2012;0.2775324;2.8928893;5.09521;0.9076038;0.43440157;3.6509;14751508134.0;6.0;82.91707317
Iceland;ISL;2013;0.27753845;2.90271;5.108436;0.9088338;0.43522727;3.7362;16125060515.0;5.376;82.06097561
Iceland;ISL;2014;0.27756023;2.9113383;5.118127;0.90968347;0.43664953;3.5613;17867662178.0;4.897;82.86097561
Iceland;ISL;2015;0.27762607;2.9143543;5.1212854;0.9098578;0.4386102;3.6549;17517210519.0;3.979;82.46829268
Iceland;ISL;2016;0.2781046;2.9122322;5.114162;0.9094681;0.44375566;3.2142;20793168031.0;2.978;82.20487805
Iceland;ISL;2017;0.27859282;2.9088686;5.105698;0.90899944;0.44927993;3.3148;24728285177.0;2.742;82.66097561
Iceland;ISL;2018;0.27860782;2.9168875;5.103398;0.9086723;0.45187095;3.2955;26260850582.0;2.704;82.86097561
Iceland;ISL;2019;0.27835035;2.9365938;5.1037683;0.9084446;0.4541073;3.1653;24681343649.0;3.507;83.16341463
India;IND;1990;0.27997124;3.9846685;2.9800434;0.3550241;0.08604508;600.6779;321000000000.0;;58.652
India;IND;1991;0.28021443;4.129849;2.9662204;0.35500425;0.086488895;646.3681;270000000000.0;6.85;59.055
India;IND;1992;0.28040105;4.2560964;2.949309;0.3549649;0.08701128;669.6473;288000000000.0;6.853;59.452
India;IND;1993;0.28053012;4.357048;2.930254;0.35491192;0.087561525;699.74;279000000000.0;6.859;59.815
India;IND;1994;0.28059605;4.425235;2.9100952;0.35484585;0.08809979;743.8368;327000000000.0;6.828;60.216
India;IND;1995;0.28059876;4.4524317;2.88978;0.3547712;0.08864832;796.4392;360000000000.0;6.99;60.596
India;IND;1996;0.2805116;4.4444895;2.850294;0.35469133;0.089253;833.4901;393000000000.0;7.147;60.984
India;IND;1997;0.28034335;4.4181633;2.7854035;0.35460672;0.08989366;877.6833;416000000000.0;7.335;61.388
India;IND;1998;0.28015018;4.3862505;2.7151408;0.35452253;0.090659134;900.6032;421000000000.0;7.517;61.792
India;IND;1999;0.27998593;4.3597083;2.6593294;0.3544414;0.091474906;961.609;459000000000.0;7.682;62.207
India;IND;2000;0.2799018;4.3509064;2.6377418;0.35436594;0.09233631;995.6306;468000000000.0;7.856;62.669
India;IND;2001;0.27992988;4.3697495;2.642626;0.35430077;0.09329066;1011.7831;485000000000.0;8.039;63.091
India;IND;2002;0.28003624;4.4075346;2.65217;0.3542452;0.09443422;1049.8574;515000000000.0;8.248;63.616
India;IND;2003;0.28017515;4.451046;2.6648748;0.35419902;0.09564549;1081.7621;608000000000.0;8.397;64.094
India;IND;2004;0.28030172;4.4855723;2.679246;0.3541621;0.09693838;1166.7929;709000000000.0;8.551;64.524
India;IND;2005;0.28037044;4.4970193;2.693754;0.3541316;0.09835835;1216.5123;820000000000.0;8.697;64.996
India;IND;2006;0.28034532;4.4167733;2.7286165;0.3541089;0.09983761;1298.3716;940000000000.0;8.614;65.412
India;IND;2007;0.28025788;4.2322493;2.7925653;0.35409075;0.1016769;1413.8413;1220000000000.0;8.534;65.788
India;IND;2008;0.280173;4.010929;2.8667593;0.3540768;0.10367363;1503.5883;1200000000000.0;8.486;66.149
India;IND;2009;0.28015643;3.8224282;2.932369;0.35406747;0.10568983;1643.5343;1340000000000.0;8.406;66.513
India;IND;2010;0.28027427;3.7358565;2.970549;0.3540626;0.10774402;1744.1906;1680000000000.0;8.318;66.909
India;IND;2011;0.28098825;3.7261434;2.9882498;0.3540627;0.1098417;1851.2507;1820000000000.0;8.222;67.359
India;IND;2012;0.28242108;3.7215197;3.0046105;0.3540648;0.112043165;2023.5723;1830000000000.0;8.156;67.887
India;IND;2013;0.2841396;3.7201328;3.0190768;0.35406953;0.11431719;2084.1511;1860000000000.0;8.088;68.46
India;IND;2014;0.28571;3.7199667;3.0310671;0.35407805;0.11678553;2243.4612;2040000000000.0;7.992;69.074
India;IND;2015;0.2866936;3.7183788;3.039895;0.35408863;0.119307235;2260.4828;2100000000000.0;7.894;69.636
India;IND;2016;0.2874342;3.7165325;3.0479543;0.3541006;0.122499324;2303.7363;2290000000000.0;7.8;70.117
India;IND;2017;0.28786653;3.7143855;3.0522227;0.35411307;0.12542169;2434.1238;2650000000000.0;7.723;70.467
India;IND;2018;0.28709608;3.6963024;3.026323;0.35412675;0.12748422;2573.6063;2700000000000.0;7.652;70.71
India;IND;2019;0.28522602;3.6598387;2.9674358;0.3541412;0.12927622;2541.366;2840000000000.0;6.51;70.91
Indonesia;IDN;1990;0.28083345;2.434134;3.3980637;0.33102036;0.08162282;160.8511;106000000000.0;;63.181
Indonesia;IDN;1991;0.28192815;2.4225883;3.4045632;0.33101144;0.08282751;173.7365;117000000000.0;2.617;63.537
Indonesia;IDN;1992;0.28291193;2.4124017;3.4106238;0.33099204;0.08390772;181.5703;128000000000.0;2.734;64.126
Indonesia;IDN;1993;0.2837384;2.4038842;3.415783;0.33097062;0.08485915;198.883;158000000000.0;2.782;64.598
Indonesia;IDN;1994;0.28436247;2.3977795;3.4196546;0.33094788;0.08563748;211.2763;177000000000.0;4.366;64.856
Indonesia;IDN;1995;0.28473803;2.394692;3.4218912;0.33092415;0.086203486;237.3882;202000000000.0;4.611;65.237
Indonesia;IDN;1996;0.28491038;2.393491;3.4234204;0.3309162;0.086512014;250.1717;227000000000.0;4.861;65.355
Indonesia;IDN;1997;0.2849818;2.3929956;3.4253957;0.3308974;0.0868919;273.656;216000000000.0;4.684;65.733
Indonesia;IDN;1998;0.2849885;2.392508;3.4272761;0.33087757;0.08705316;276.491;95445547873.0;5.459;65.962
Indonesia;IDN;1999;0.28496885;2.392435;3.4285724;0.33085695;0.08725616;293.1397;140000000000.0;6.358;66.221
Indonesia;IDN;2000;0.28496137;2.3917253;3.4288108;0.3308353;0.08756527;294.6399;165000000000.0;6.078;66.433
Indonesia;IDN;2001;0.28494653;2.3911014;3.4274883;0.33082888;0.08775123;316.0604;160000000000.0;6.082;66.758
Indonesia;IDN;2002;0.2849012;2.3899431;3.4252954;0.33081168;0.08792247;322.8685;196000000000.0;6.604;67.134
Indonesia;IDN;2003;0.28484762;2.3883216;3.4229665;0.33079472;0.08805394;352.4141;235000000000.0;6.658;67.413
Indonesia;IDN;2004;0.28480688;2.3868997;3.4213903;0.33077884;0.0882909;358.6972;257000000000.0;7.303;65.75
Indonesia;IDN;2005;0.28480405;2.3850226;3.4212527;0.33076173;0.08871076;359.8325;286000000000.0;7.945;67.649
Indonesia;IDN;2006;0.2848181;2.3803368;3.4245763;0.33075628;0.08924821;382.1883;365000000000.0;7.551;67.914
Indonesia;IDN;2007;0.28483856;2.3719106;3.4321747;0.33074245;0.09026085;398.4896;432000000000.0;8.06;68.189
Indonesia;IDN;2008;0.28489637;2.362847;3.442043;0.3307293;0.091443494;393.8964;510000000000.0;7.209;68.226
Indonesia;IDN;2009;0.28502554;2.355192;3.4522572;0.3307166;0.09275786;409.8985;540000000000.0;6.106;68.494
Indonesia;IDN;2010;0.28526044;2.352026;3.4609103;0.33070296;0.09408752;434.5687;755000000000.0;5.614;68.679
Indonesia;IDN;2011;0.28611526;2.3542504;3.4699204;0.3306973;0.095612966;496.3287;893000000000.0;5.153;68.823
Indonesia;IDN;2012;0.28774717;2.3605955;3.4817266;0.33068696;0.097588986;503.4282;918000000000.0;4.468;68.973
Indonesia;IDN;2013;0.28963953;2.3683004;3.4944997;0.33067638;0.09973334;469.3824;913000000000.0;4.336;69.264
Indonesia;IDN;2014;0.29127702;2.3745456;3.506495;0.3306655;0.101814754;505.126;891000000000.0;4.049;69.533
Indonesia;IDN;2015;0.2921439;2.3780065;3.5159678;0.33065367;0.10385733;512.105;861000000000.0;4.514;69.699
Indonesia;IDN;2016;0.29167253;2.3743074;3.5267842;0.33064494;0.106174655;506.2579;932000000000.0;4.301;69.798
Indonesia;IDN;2017;0.2910963;2.3713732;3.5356228;0.3306338;0.108205184;542.0537;1020000000000.0;3.783;69.936
Indonesia;IDN;2018;0.291861;2.3859227;3.5412912;0.330622;0.109677225;596.9417;1040000000000.0;4.387;70.338
Indonesia;IDN;2019;0.29368687;2.4184713;3.5480037;0.33060965;0.11084955;636.7911;1120000000000.0;3.59;70.518
Iran;IRN;1990;0.25224745;4.6615844;7.036182;0.8082394;0.20259418;204.7908;125000000000.0;;64.367
Iran;IRN;1991;0.25209218;4.6258454;7.041212;0.8111025;0.20335822;225.5397;;11.1;66.459
Iran;IRN;1992;0.25197163;4.5930843;7.048177;0.8138397;0.2041909;241.1552;;10.659;66.776
Iran;IRN;1993;0.25190967;4.5623746;7.0510287;0.8159311;0.20476583;239.8941;63743623231.0;10.574;67.139
Iran;IRN;1994;0.25189498;4.537415;7.0512886;0.8172727;0.20529337;274.117;71841461172.0;10.449;67.468
Iran;IRN;1995;0.25191543;4.5230346;7.0507174;0.81776124;0.20569062;279.9676;96419225745.0;9.895;67.785
Iran;IRN;1996;0.25203192;4.5110607;7.0501437;0.8177225;0.20585042;290.7425;120000000000.0;9.1;68.07
Iran;IRN;1997;0.25225946;4.495579;7.0502577;0.81762445;0.20604141;303.735;114000000000.0;9.69;68.359
Iran;IRN;1998;0.2525278;4.480328;7.050633;0.8174952;0.20609117;303.1237;110000000000.0;10.367;68.73
Iran;IRN;1999;0.2527648;4.468295;7.051286;0.81737924;0.20646244;334.2317;114000000000.0;11.176;69.297
Iran;IRN;2000;0.25289914;4.4655313;7.0520563;0.81730896;0.20719014;352.5813;110000000000.0;11.699;69.691
Iran;IRN;2001;0.25295213;4.4724073;7.054526;0.8172814;0.2091667;366.2197;127000000000.0;12.356;69.955
Iran;IRN;2002;0.25299883;4.486207;7.0596433;0.81724775;0.21282697;382.4396;129000000000.0;12.8;70.445
Iran;IRN;2003;0.25304374;4.504393;7.06681;0.8172103;0.2171599;403.6708;154000000000.0;11.528;69.823
Iran;IRN;2004;0.25308612;4.52519;7.0764856;0.81722414;0.22149822;432.9438;190000000000.0;10.3;71.37
Iran;IRN;2005;0.25313157;4.547626;7.087899;0.81727666;0.22508326;467.5925;226000000000.0;11.813;71.838
Iran;IRN;2006;0.25324002;4.587841;7.1290812;0.81734556;0.22832094;504.7076;266000000000.0;11.519;72.276
Iran;IRN;2007;0.25342798;4.6540036;7.2109456;0.81742615;0.23214555;537.1769;350000000000.0;10.772;72.772
Iran;IRN;2008;0.25363913;4.729112;7.3062468;0.8175082;0.23590624;549.7509;412000000000.0;10.63;72.624
Iran;IRN;2009;0.25381634;4.7955728;7.3880205;0.8176018;0.23906325;571.3448;416000000000.0;12.113;72.698
Iran;IRN;2010;0.2539056;4.8367195;7.428802;0.81769365;0.24137162;574.6116;487000000000.0;13.679;73.069
Iran;IRN;2011;0.25394785;4.867665;7.440406;0.81774986;0.24285461;584.0948;626000000000.0;12.491;73.679
Iran;IRN;2012;0.25401157;4.908095;7.452001;0.8177411;0.2440835;591.1841;644000000000.0;12.275;74.186
Iran;IRN;2013;0.25407985;4.9486756;7.4627037;0.81768537;0.24503964;611.3338;493000000000.0;10.595;74.449
Iran;IRN;2014;0.25413534;4.980491;7.47176;0.8176092;0.24600758;635.1866;460000000000.0;10.68;74.782
Iran;IRN;2015;0.2541622;4.994914;7.478174;0.8175256;0.24717282;628.8444;408000000000.0;11.166;75.124
Iran;IRN;2016;0.2540151;4.994278;7.3556523;0.8174364;0.24976061;641.4569;458000000000.0;12.618;75.6
Iran;IRN;2017;0.2538699;4.9864845;7.225255;0.81734693;0.25217977;664.8995;487000000000.0;12.232;75.971
Iran;IRN;2018;0.25394887;4.9439826;7.229704;0.8172588;0.25325984;676.5598;330000000000.0;12.195;76.195
Iran;IRN;2019;0.2541629;4.860692;7.26808;0.81717443;0.2540833;664.1015;284000000000.0;10.74;76.103
Iraq;IRQ;1990;0.24883695;3.922525;5.0469055;0.67688024;0.20179316;69.2225;180000000000.0;;58.435
Iraq;IRQ;1991;0.24733508;3.930513;5.0453706;0.6765574;0.19191791;54.4137;407796349.7;8.714;62.519
Iraq;IRQ;1992;0.24598683;3.9315965;5.041768;0.67613876;0.18282111;75.7188;553671957.7;8.434;66.708
Iraq;IRQ;1993;0.24482937;3.9315343;5.043598;0.6760218;0.17533804;100.1017;1031944881.0;8.442;66.897
Iraq;IRQ;1994;0.24396612;3.9309993;5.046593;0.67601216;0.17010084;109.8758;3991349283.0;8.298;66.744
Iraq;IRQ;1995;0.24348621;3.9305696;5.0484715;0.6760201;0.16762806;109.0224;12894029888.0;8.488;66.464
Iraq;IRQ;1996;0.24326387;3.8864775;5.0505342;0.6760128;0.16699632;100.5868;10433698621.0;8.559;66.391
Iraq;IRQ;1997;0.24310711;3.78375;5.054115;0.67599237;0.16669825;120.9631;20764857056.0;8.319;65.837
Iraq;IRQ;1998;0.24300347;3.6603332;5.0580688;0.67597085;0.16659203;94.0389;20617405044.0;8.126;65.486
Iraq;IRQ;1999;0.24294312;3.5566254;5.061371;0.6759544;0.16656458;74.0346;36881601584.0;8.042;66.182
Iraq;IRQ;2000;0.24291432;3.5098262;5.0628095;0.6759427;0.16656521;88.5353;48364250944.0;8.095;66.817
Iraq;IRQ;2001;0.24288404;3.5077622;5.0491276;0.6759394;0.1667136;100.3791;36176430129.0;8.288;67.034
Iraq;IRQ;2002;0.24283427;3.5095603;5.017429;0.6759703;0.1683225;94.8167;32928454672.0;8.636;67.084
Iraq;IRQ;2003;0.24278611;3.510684;4.980566;0.6759918;0.1702998;82.7247;21921569479.0;8.965;65.643
Iraq;IRQ;2004;0.2427476;3.510561;4.95441;0.6760962;0.17197533;90.1095;36633669269.0;8.736;65.031
Iraq;IRQ;2005;0.24271838;3.5123768;4.956358;0.67643744;0.17408367;87.0381;50065104668.0;8.596;64.844
Iraq;IRQ;2006;0.2427379;3.5113897;4.9751773;0.676707;0.1760812;84.6579;65147051918.0;8.434;63.587
Iraq;IRQ;2007;0.24281709;3.5078063;4.9918475;0.67671335;0.17760634;78.2155;88837057320.0;8.646;63.553
Iraq;IRQ;2008;0.2429226;3.5019815;5.009845;0.67667854;0.17927834;90.176;132000000000.0;8.467;64.942
Iraq;IRQ;2009;0.24303557;3.497772;5.029349;0.6766668;0.1813843;96.3241;112000000000.0;8.41;66.446
Iraq;IRQ;2010;0.24315514;3.49585;5.04645;0.67657167;0.18325503;111.0132;139000000000.0;8.262;67.062
Iraq;IRQ;2011;0.24335867;3.5425491;5.088612;0.6763902;0.1858655;115.4637;186000000000.0;8.186;67.659
Iraq;IRQ;2012;0.24367203;3.6516693;5.169151;0.67625546;0.1896378;132.7077;218000000000.0;7.965;68.023
Iraq;IRQ;2013;0.24402052;3.784169;5.2623224;0.67624116;0.19338642;142.7825;235000000000.0;9.208;68.253
Iraq;IRQ;2014;0.24434236;3.8977566;5.3397574;0.6763058;0.19726977;137.6576;228000000000.0;10.59;68.914
Iraq;IRQ;2015;0.24457854;3.9488745;5.372489;0.67638224;0.2003076;137.0456;167000000000.0;10.838;69.44
Iraq;IRQ;2016;0.24506143;3.9499602;5.349725;0.6764379;0.20368207;147.8866;167000000000.0;10.82;68.988
Iraq;IRQ;2017;0.24557085;3.9472134;5.32611;0.6764812;0.20604564;161.3807;187000000000.0;13.02;70.413
Iraq;IRQ;2018;0.24586436;3.943834;5.3278074;0.6765096;0.20743;173.9655;227000000000.0;13.509;71.514
Iraq;IRQ;2019;0.24618399;3.9326482;5.33799;0.6765268;0.20871635;187.0463;234000000000.0;14.142;71.576
Ireland;IRL;1990;0.35652426;4.037525;6.4676785;0.6975702;0.30657324;32.2346;49305632408.0;;74.84607317
Ireland;IRL;1991;0.35640797;4.055751;6.485925;0.69765335;0.30971453;32.7702;49787501584.0;15.771;75.025
Ireland;IRL;1992;0.35637882;4.0721297;6.498212;0.69771314;0.31290415;32.6733;55918538121.0;15.021;75.41509756
Ireland;IRL;1993;0.35642257;4.084572;6.5057025;0.6977607;0.31704187;32.9268;52417477614.0;15.571;75.29219512
Ireland;IRL;1994;0.3565113;4.0952883;6.5090213;0.6977981;0.32175812;34.159;57097656066.0;14.544;75.78712195
Ireland;IRL;1995;0.35662583;4.1039267;6.5089083;0.6978084;0.32606027;34.6501;69139823232.0;11.97;75.46980488
Ireland;IRL;1996;0.35690692;4.120199;6.4775596;0.69781846;0.3315809;35.9456;75790786290.0;11.692;75.83170732
Ireland;IRL;1997;0.35742486;4.145087;6.404452;0.69782686;0.3382691;37.239;82856648758.0;10.192;75.98536585
Ireland;IRL;1998;0.35805258;4.1736355;6.317187;0.69782186;0.3460175;39.6949;90199410116.0;7.699;76.1804878
Ireland;IRL;1999;0.35864297;4.1984706;6.2430706;0.6978021;0.35349452;41.1073;98893958263.0;5.804;76.08292683
Ireland;IRL;2000;0.35907203;4.2126913;6.209499;0.6977339;0.36038065;43.7238;100000000000.0;4.318;76.53658537
Ireland;IRL;2001;0.35945877;4.217381;6.204312;0.6979163;0.3677624;45.9062;109000000000.0;3.684;77.13414634
Ireland;IRL;2002;0.3599649;4.222522;6.1985836;0.69844264;0.37604484;44.8406;129000000000.0;4.216;77.63414634
Ireland;IRL;2003;0.3604998;4.2215796;6.1939664;0.69904596;0.38347605;44.3454;165000000000.0;4.478;78.13902439
Ireland;IRL;2004;0.36094597;4.219046;6.1934566;0.6995204;0.3901669;44.8622;194000000000.0;4.491;78.53902439
Ireland;IRL;2005;0.36120278;4.219184;6.200092;0.6996479;0.3944639;46.8489;212000000000.0;4.343;78.94390244
Ireland;IRL;2006;0.3612601;4.2149105;6.2961326;0.69960475;0.3976606;47.4574;232000000000.0;4.415;79.24146341
Ireland;IRL;2007;0.36121875;4.2089334;6.511739;0.6997145;0.40047345;46.7596;270000000000.0;4.98;79.64146341
Ireland;IRL;2008;0.36112157;4.2031083;6.769266;0.6999214;0.40328872;46.0709;275000000000.0;6.774;80.09512195
Ireland;IRL;2009;0.3610104;4.1953344;6.9912043;0.7001905;0.40541512;40.9621;236000000000.0;12.609;80.1902439
Ireland;IRL;2010;0.3609315;4.1855745;7.100014;0.70047444;0.40874636;40.7146;222000000000.0;14.534;80.74390244
Ireland;IRL;2011;0.36095235;4.1613626;7.1265407;0.70073235;0.41121355;36.9397;239000000000.0;15.354;80.74634146
Ireland;IRL;2012;0.3610856;4.1157265;7.151443;0.70093507;0.41329163;37.4219;225000000000.0;15.451;80.84634146
Ireland;IRL;2013;0.36129025;4.066459;7.1726217;0.7010678;0.41544262;36.1502;238000000000.0;13.735;80.94878049
Ireland;IRL;2014;0.36151093;4.0282927;7.187764;0.7011533;0.41831318;35.9674;260000000000.0;11.858;81.34878049
Ireland;IRL;2015;0.36168867;4.0138073;7.194756;0.701208;0.42157215;37.4781;292000000000.0;9.908;81.45365854
Ireland;IRL;2016;0.36233905;4.129579;7.1830854;0.7012379;0.43225074;39.3894;299000000000.0;8.374;81.65365854
Ireland;IRL;2017;0.36289948;4.243526;7.164041;0.7012676;0.44323313;38.1792;337000000000.0;6.713;82.15609756
Ireland;IRL;2018;0.35976973;4.241978;7.079152;0.70127773;0.45007327;37.8977;387000000000.0;5.741;82.20487805
Ireland;IRL;2019;0.35267243;4.2169313;6.9078193;0.701279;0.45577714;36.2568;399000000000.0;4.95;82.70243902
Israel;ISR;1990;0.30592877;4.364162;3.692708;1.049747;0.29931358;35.2242;61661395509.0;;76.60731707
Israel;ISR;1991;0.30366737;4.456885;3.7028713;1.0497785;0.30139875;35.8742;70591957102.0;13.387;76.75853659
Israel;ISR;1992;0.301885;4.542407;3.7075918;1.0497684;0.30428097;38.4104;79002421133.0;14.08;76.50487805
Israel;ISR;1993;0.3005942;4.611001;3.7077034;1.0497019;0.3062375;42.1189;79398331245.0;12.741;77.15365854
Israel;ISR;1994;0.29980475;4.661336;3.7046056;1.0496148;0.30835196;45.0856;90220195074.0;9.934;77.40243902
Israel;ISR;1995;0.2995362;4.68623;3.699572;1.0495447;0.3103019;48.2055;105000000000.0;8.782;77.45121951
Israel;ISR;1996;0.30010855;4.694246;3.6371937;1.0494661;0.3122663;51.2757;115000000000.0;8.455;78.10487805
Israel;ISR;1997;0.3014814;4.7023344;3.4964035;1.0493778;0.31500342;52.9477;119000000000.0;9.751;78.0
Israel;ISR;1998;0.30314475;4.7048006;3.3292313;1.0492566;0.31724578;53.5146;120000000000.0;10.749;78.14878049
Israel;ISR;1999;0.30458045;4.704021;3.1881456;1.0491347;0.3196473;54.9575;121000000000.0;11.183;78.65853659
Israel;ISR;2000;0.30527246;4.698743;3.1254063;1.0490342;0.3222211;59.3011;136000000000.0;11.102;78.95365854
Israel;ISR;2001;0.3052894;4.6843805;3.1205082;1.0489892;0.3266731;59.2661;135000000000.0;11.812;79.40731707
Israel;ISR;2002;0.30509895;4.656178;3.1178913;1.049035;0.33432648;62.5269;125000000000.0;12.888;79.45121951
Israel;ISR;2003;0.30482134;4.6272926;3.1173413;1.0490915;0.3422286;64.2848;131000000000.0;13.505;79.64878049
Israel;ISR;2004;0.30456716;4.598197;3.1186485;1.0491265;0.3494031;64.1055;140000000000.0;13.029;80.14634146
Israel;ISR;2005;0.3044516;4.576838;3.121599;1.04909;0.35313737;61.9746;147000000000.0;11.342;80.15121951
Israel;ISR;2006;0.30447602;4.5623064;3.1964755;1.0489985;0.3546561;65.1446;159000000000.0;10.707;80.55365854
Israel;ISR;2007;0.3045306;4.5458236;3.3696697;1.0489061;0.35622182;67.4076;184000000000.0;9.379;80.50487805
Israel;ISR;2008;0.3046;4.528353;3.5754087;1.048799;0.3572651;67.8895;221000000000.0;7.704;80.95121951
Israel;ISR;2009;0.30465057;4.508192;3.7478662;1.0487008;0.3585309;67.1192;212000000000.0;9.534;81.40487805
Israel;ISR;2010;0.30466342;4.484497;3.821316;1.0485955;0.35982054;72.0337;238000000000.0;8.48;81.60243902
Israel;ISR;2011;0.30463564;4.434895;3.8193789;1.0488853;0.36184913;71.2182;267000000000.0;7.139;81.65609756
Israel;ISR;2012;0.3045646;4.3490667;3.8111892;1.0497222;0.36451;77.6618;262000000000.0;6.762;81.70487805
Israel;ISR;2013;0.30444208;4.256446;3.7995079;1.0507321;0.36824352;68.3562;298000000000.0;6.137;82.05609756
Israel;ISR;2014;0.30424586;4.174816;3.7871122;1.0515729;0.37171817;66.0166;314000000000.0;5.789;82.15365854
Israel;ISR;2015;0.30397296;4.133762;3.7767668;1.0518651;0.3747271;68.0736;303000000000.0;5.176;82.05121951
Israel;ISR;2016;0.30282575;4.118203;3.757394;1.0517591;0.37869105;67.6626;322000000000.0;4.723;82.40731707
Israel;ISR;2017;0.30144402;4.1085997;3.7400212;1.0516589;0.38204062;67.9277;358000000000.0;4.14;82.55121951
Israel;ISR;2018;0.30040956;4.113368;3.737234;1.0515593;0.3846552;63.5495;377000000000.0;3.917;82.80243902
Israel;ISR;2019;0.29913944;4.127255;3.7392616;1.0514655;0.38732913;64.7752;402000000000.0;3.731;82.80487805
Italy;ITA;1990;0.29970446;3.734005;5.948303;0.8701151;0.5222147;424.6765;1180000000000.0;;76.97073171
Italy;ITA;1991;0.29930484;3.7949986;5.7698236;0.8700388;0.5217445;423.1431;1250000000000.0;10.097;77.0195122
Italy;ITA;1992;0.29897532;3.8471696;5.6035943;0.86998266;0.521122;420.4467;1320000000000.0;9.321;77.4195122
Italy;ITA;1993;0.29872283;3.8880982;5.45589;0.86993814;0.5211753;414.6062;1060000000000.0;10.212;77.72195122
Italy;ITA;1994;0.2985582;3.9145732;5.3330307;0.86989284;0.52147764;409.4196;1100000000000.0;11.086;77.92195122
Italy;ITA;1995;0.29848817;3.9229696;5.24134;0.86984545;0.5217907;434.2669;1170000000000.0;11.661;78.17073171
Italy;ITA;1996;0.29854292;3.9174619;5.162716;0.8697923;0.5228138;429.3317;1310000000000.0;11.864;78.52195122
Italy;ITA;1997;0.29870594;3.9057884;5.08217;0.86975133;0.5244995;432.6145;1240000000000.0;11.985;78.82439024
Italy;ITA;1998;0.29891202;3.8894124;5.01061;0.8697162;0.5267551;442.1002;1270000000000.0;12.117;78.97560976
Italy;ITA;1999;0.29909745;3.8719504;4.958834;0.86967117;0.52874696;449.1289;1250000000000.0;11.681;79.42439024
Italy;ITA;2000;0.29919717;3.8549585;4.937606;0.8696116;0.5308313;453.6343;1150000000000.0;10.834;79.77804878
Italy;ITA;2001;0.29925936;3.8325434;4.935817;0.8717733;0.53299326;453.5109;1170000000000.0;9.599;80.12682927
Italy;ITA;2002;0.29935196;3.800738;4.935318;0.87702405;0.5354485;461.189;1280000000000.0;9.211;80.22926829
Italy;ITA;2003;0.2994335;3.7635844;4.936161;0.8832825;0.5380854;480.6414;1580000000000.0;8.869;79.98292683
Italy;ITA;2004;0.29946178;3.72674;4.9386244;0.8884874;0.5404833;491.6964;1810000000000.0;7.866;80.7804878
Italy;ITA;2005;0.29939094;3.6953394;4.9430103;0.8905951;0.5418976;492.5259;1860000000000.0;7.731;80.78292683
Italy;ITA;2006;0.2989529;3.6535094;4.995475;0.89050627;0.541986;487.0279;1950000000000.0;6.777;81.28292683
Italy;ITA;2007;0.29806665;3.5929165;5.1149726;0.8904948;0.5399921;479.6132;2210000000000.0;6.076;81.43414634
Italy;ITA;2008;0.29696697;3.5297675;5.260413;0.8905577;0.53725165;464.7125;2410000000000.0;6.723;81.48536585
Italy;ITA;2009;0.29588598;3.4801528;5.390523;0.89066154;0.53494817;413.4588;2200000000000.0;7.749;81.63658537
Italy;ITA;2010;0.29505375;3.4594266;5.4642773;0.8907719;0.5341072;423.0356;2140000000000.0;8.363;82.03658537
Italy;ITA;2011;0.29430306;3.463267;5.495784;0.8912098;0.53435415;414.2935;2290000000000.0;8.359;82.18780488
Italy;ITA;2012;0.29341424;3.4741323;5.5252304;0.89209795;0.53432214;394.019;2090000000000.0;10.655;82.23902439
Italy;ITA;2013;0.29253542;3.488475;5.550146;0.8931089;0.53447694;361.3839;2140000000000.0;12.149;82.6902439
Italy;ITA;2014;0.2918144;3.500165;5.5680614;0.8939111;0.5347384;342.9496;2160000000000.0;12.683;83.0902439
Italy;ITA;2015;0.29140076;3.5063431;5.5766687;0.89417624;0.5356096;353.6594;1840000000000.0;11.896;82.54390244
Italy;ITA;2016;0.29148558;3.504679;5.5657377;0.8940325;0.5410652;348.9828;1880000000000.0;11.688;83.24390244
Italy;ITA;2017;0.2916705;3.5045447;5.552005;0.89384913;0.54644495;345.3645;1960000000000.0;11.211;82.94634146
Italy;ITA;2018;0.29154074;3.523299;5.553463;0.8936658;0.54637676;340.336;2090000000000.0;10.61;83.34634146
Italy;ITA;2019;0.29120925;3.561658;5.5624604;0.89349115;0.54448926;331.7847;2010000000000.0;9.952;83.49756098
Jamaica;JAM;1990;0.2753024;3.030775;3.9264543;0.94483757;0.18325143;7.5122;4592208087.0;;72.304
Jamaica;JAM;1991;0.2752478;2.9951324;3.9211993;0.9448595;0.18470973;7.4695;4106207649.0;6.281;72.186
Jamaica;JAM;1992;0.27521068;2.9644191;3.916765;0.9448797;0.18587035;8.2679;3535460090.0;6.438;72.189
Jamaica;JAM;1993;0.27519011;2.9390726;3.913324;0.9449035;0.1868266;8.4168;5440075676.0;6.284;71.921
Jamaica;JAM;1994;0.27517876;2.9210982;3.9109418;0.9448972;0.18768147;8.4999;5452558947.0;6.388;71.739
Jamaica;JAM;1995;0.27517805;2.9148343;3.909816;0.94488055;0.18829422;8.7896;6577520643.0;6.378;71.549
Jamaica;JAM;1996;0.27520114;2.9154985;3.9102194;0.94487274;0.18890731;9.1687;7393891921.0;6.675;71.488
Jamaica;JAM;1997;0.27525142;2.92011;3.91184;0.94486034;0.18900457;9.3834;8400041724.0;6.758;71.207
Jamaica;JAM;1998;0.2753231;2.927138;3.9139974;0.94484514;0.18902314;9.882;8787195622.0;6.915;70.99
Jamaica;JAM;1999;0.27540866;2.932797;3.9158044;0.9448127;0.18921313;10.1447;8887057997.0;6.875;70.968
Jamaica;JAM;2000;0.2755024;2.9356043;3.9165478;0.94477075;0.18928374;10.2124;9005064475.0;6.807;70.944
Jamaica;JAM;2001;0.275711;2.9371312;3.91631;0.94472826;0.18912078;10.2766;9194727831.0;6.686;70.758
Jamaica;JAM;2002;0.27607206;2.9417958;3.9158509;0.9446816;0.18917055;10.2249;9719009495.0;6.654;70.888
Jamaica;JAM;2003;0.2764761;2.9476;3.9156969;0.94462985;0.18974353;10.5305;9430234811.0;6.563;70.806
Jamaica;JAM;2004;0.2768158;2.9509726;3.9161413;0.9445687;0.18961962;10.5771;10174664854.0;6.562;70.86
Jamaica;JAM;2005;0.2769784;2.9477975;3.9178987;0.94450444;0.1897476;10.6135;11243865778.0;6.596;71.044
Jamaica;JAM;2006;0.2769402;2.9378543;3.9263778;0.94444615;0.18976234;12.282;11930179090.0;6.619;71.199
Jamaica;JAM;2007;0.27679184;2.917801;3.9433444;0.9443955;0.19052461;12.204;12799600047.0;6.614;71.418
Jamaica;JAM;2008;0.2765872;2.8965378;3.9643862;0.9443531;0.19129524;9.8386;13709401520.0;6.666;71.612
Jamaica;JAM;2009;0.2763891;2.879206;3.9846282;0.9443139;0.1915206;8.0147;12120458115.0;7.314;72.124
Jamaica;JAM;2010;0.27625555;2.871833;3.9990377;0.944264;0.1913909;7.6606;13220549908.0;7.63;72.622
Jamaica;JAM;2011;0.27612913;2.8801172;4.012322;0.9442054;0.19113456;7.5688;14444661522.0;8.034;73.094
Jamaica;JAM;2012;0.27594987;2.9006927;4.0295877;0.9441408;0.1914835;6.9794;14807086556.0;8.695;73.433
Jamaica;JAM;2013;0.275762;2.9242663;4.0468373;0.94406724;0.1911193;7.4491;14264205153.0;9.698;73.412
Jamaica;JAM;2014;0.2756116;2.944377;4.060494;0.94399023;0.19141391;7.1857;13899217680.0;9.046;72.982
Jamaica;JAM;2015;0.27553925;2.9564729;4.066767;0.9439137;0.19116345;7.0723;14188936918.0;8.824;72.394
Jamaica;JAM;2016;0.2758516;2.9578497;4.058737;0.9438409;0.19235134;7.5906;14077096677.0;8.634;72.02
Jamaica;JAM;2017;0.27621743;2.9594014;4.049464;0.9437715;0.19326413;7.2777;14808985133.0;7.399;71.911
Jamaica;JAM;2018;0.27624235;2.9948797;4.049934;0.94370544;0.19330949;8.6608;15730792876.0;5.47;71.793
Jamaica;JAM;2019;0.27614054;3.0646706;4.0547247;0.9436392;0.19291341;8.4373;15830766531.0;4.987;71.767
Japan;JPN;1990;0.30089095;2.061494;2.6676168;0.6484501;0.34748995;1165.378;3190000000000.0;;78.83707317
Japan;JPN;1991;0.3009541;2.0172496;2.6666603;0.6484309;0.35260078;1175.3467;3650000000000.0;2.059;79.03682927
Japan;JPN;1992;0.3009937;1.986464;2.6657138;0.648403;0.35751495;1180.4932;3980000000000.0;2.158;79.0802439
Japan;JPN;1993;0.30101162;1.9673092;2.6647658;0.6483738;0.3618716;1172.8298;4540000000000.0;2.539;79.30365854
Japan;JPN;1994;0.301009;1.9570603;2.6637406;0.64834297;0.36536688;1226.7069;5000000000000.0;2.89;79.69682927
Japan;JPN;1995;0.30099285;1.9534695;2.6625578;0.6483123;0.3682966;1236.6311;5550000000000.0;3.15;79.53609756
Japan;JPN;1996;0.30091402;1.9720366;2.6601274;0.6482834;0.3706602;1248.8486;4920000000000.0;3.383;80.2197561
Japan;JPN;1997;0.3007599;2.0184302;2.656062;0.648253;0.37288496;1235.4213;4490000000000.0;3.374;80.42414634
Japan;JPN;1998;0.30058008;2.077394;2.6515353;0.64822924;0.37500122;1188.3011;4100000000000.0;4.078;80.50146341
Japan;JPN;1999;0.30042526;2.133234;2.6476872;0.64820915;0.37671465;1229.2417;4640000000000.0;4.677;80.46097561
Japan;JPN;2000;0.30034733;2.1698203;2.6455986;0.6481938;0.3779294;1247.7047;4970000000000.0;4.748;81.07609756
Japan;JPN;2001;0.30033514;2.1922574;2.6451256;0.6500766;0.3790652;1233.8287;4370000000000.0;5.02;81.41634146
Japan;JPN;2002;0.3003465;2.214436;2.6449575;0.65457594;0.38009134;1268.2561;4180000000000.0;5.386;81.69073171
Japan;JPN;2003;0.3003813;2.2336884;2.6446106;0.6599348;0.3811295;1275.5973;4520000000000.0;5.251;81.76
Japan;JPN;2004;0.30043903;2.2473407;2.6435513;0.6643919;0.38182813;1270.3489;4890000000000.0;4.734;82.0302439
Japan;JPN;2005;0.30051926;2.2530596;2.6412113;0.6661894;0.3828627;1282.1409;4830000000000.0;4.446;81.95512195
Japan;JPN;2006;0.30099046;2.2433007;2.6232862;0.66382843;0.38349852;1259.5188;4600000000000.0;4.192;82.32195122
Japan;JPN;2007;0.3020035;2.2188954;2.5835469;0.65837187;0.38433996;1295.5701;4580000000000.0;3.888;82.50707317
Japan;JPN;2008;0.303236;2.1888876;2.5337436;0.6518986;0.38518617;1224.1373;5110000000000.0;4.002;82.58756098
Japan;JPN;2009;0.30436093;2.1618545;2.4856107;0.6464947;0.38602868;1160.5822;5290000000000.0;5.068;82.93146341
Japan;JPN;2010;0.30505535;2.1467483;2.450816;0.64424115;0.3866621;1220.1217;5760000000000.0;5.103;82.84268293
Japan;JPN;2011;0.30547157;2.1382244;2.4247406;0.644254;0.38723958;1272.5496;6230000000000.0;4.55;82.59121951
Japan;JPN;2012;0.30592433;2.126476;2.3970327;0.64426374;0.38745466;1310.7079;6270000000000.0;4.358;83.09609756
Japan;JPN;2013;0.3063437;2.1146352;2.37093;0.6442718;0.38750833;1325.6359;5210000000000.0;4.038;83.33195122
Japan;JPN;2014;0.3066522;2.1054614;2.3496258;0.6442806;0.3874382;1275.3314;4900000000000.0;3.589;83.58780488
Japan;JPN;2015;0.3067773;2.1013238;2.3362586;0.64428896;0.38718462;1234.7191;4440000000000.0;3.385;83.79390244
Japan;JPN;2016;0.30485958;2.100737;2.327684;0.6442932;0.38624644;1221.3967;5000000000000.0;3.132;83.98487805
Japan;JPN;2017;0.30294132;2.100587;2.3227928;0.6442936;0.38602966;1205.9214;4930000000000.0;2.822;84.0997561
Japan;JPN;2018;0.30205637;2.1013699;2.3224354;0.6442909;0.38700762;1166.6375;5040000000000.0;2.467;84.21097561
Japan;JPN;2019;0.30083296;2.1032803;2.3241255;0.6442883;0.38879964;1127.7446;5120000000000.0;2.351;84.35634146
Jordan;JOR;1990;0.25530136;4.5538964;4.790485;0.7832782;0.17440484;10.0782;4160087508.0;;69.854
Jordan;JOR;1991;0.2550635;4.5533853;4.7933283;0.78328025;0.17207846;10.0883;4344467193.0;21.311;70.093
Jordan;JOR;1992;0.25482488;4.549896;4.796475;0.78333414;0.17048566;11.9683;5310833194.0;19.93;70.316
Jordan;JOR;1993;0.2545997;4.54642;4.799759;0.7834404;0.16893762;12.4342;5606400222.0;19.7;70.518
Jordan;JOR;1994;0.25440305;4.543251;4.8029184;0.783595;0.1680887;12.9944;6236295978.0;16.915;70.699
Jordan;JOR;1995;0.2542506;4.541747;4.8056493;0.7837943;0.16749536;13.8056;6727597032.0;14.6;70.87
Jordan;JOR;1996;0.2540762;4.5356364;4.807955;0.7840188;0.16723469;14.1263;6927503526.0;13.7;71.064
Jordan;JOR;1997;0.25384015;4.5256658;4.810075;0.7842621;0.16684917;14.6203;7245839210.0;13.737;71.272
Jordan;JOR;1998;0.25359038;4.5115576;4.8120947;0.7845089;0.1674412;14.8357;7912270804.0;13.832;71.474
Jordan;JOR;1999;0.2533752;4.498853;4.8140965;0.7847507;0.16720451;14.8631;8149929478.0;13.759;71.694
Jordan;JOR;2000;0.2532383;4.485645;4.816436;0.7849979;0.16776416;16.4653;8460789845.0;13.7;71.918
Jordan;JOR;2001;0.25317505;4.4758053;4.818702;0.7852126;0.16873959;16.5076;8975814653.0;14.7;72.147
Jordan;JOR;2002;0.25314274;4.4592996;4.8205557;0.78537595;0.16978729;17.2065;9582510578.0;15.3;72.359
Jordan;JOR;2003;0.2531352;4.4410095;4.822238;0.7854806;0.17151625;17.6487;10195627645.0;14.5;72.573
Jordan;JOR;2004;0.2531883;4.4155765;4.8193555;0.7852169;0.17301692;19.0204;11411706629.0;14.619;72.772
Jordan;JOR;2005;0.25328884;4.385157;4.8129263;0.78466195;0.17425442;20.3165;12588998590.0;14.8;72.932
Jordan;JOR;2006;0.25337642;4.34436;4.813886;0.78436065;0.17622727;20.5449;15056981664.0;14.0;73.145
Jordan;JOR;2007;0.25345546;4.287322;4.8237543;0.7843054;0.17849396;21.3435;17110437236.0;13.1;73.373
Jordan;JOR;2008;0.2535513;4.223769;4.8363237;0.7842131;0.18120041;20.4932;22658715989.0;12.7;73.591
Jordan;JOR;2009;0.25365937;4.168118;4.848539;0.78404987;0.18389945;21.0629;24537876056.0;12.9;73.801
Jordan;JOR;2010;0.25375903;4.138052;4.8592014;0.7839044;0.18591112;20.5873;27133804225.0;12.5;74.0
Jordan;JOR;2011;0.25392407;4.1253853;4.870866;0.7836603;0.18775168;21.0136;29524149155.0;12.9;74.189
Jordan;JOR;2012;0.2541955;4.1127057;4.884522;0.78320134;0.18929096;24.5334;31634561690.0;12.2;74.366
Jordan;JOR;2013;0.25448188;4.1028533;4.89989;0.7828157;0.19035688;24.0968;34454440141.0;12.6;74.562
Jordan;JOR;2014;0.25471684;4.097118;4.91381;0.78257686;0.19141528;25.8379;36847643521.0;11.9;74.789
Jordan;JOR;2015;0.2548596;4.089964;4.9204183;0.78236514;0.19279233;25.6308;38587017887.0;13.075;75.011
Jordan;JOR;2016;0.25473157;4.069419;4.914968;0.782183;0.19304036;25.2321;39892551127.0;15.275;75.215
Jordan;JOR;2017;0.25459287;4.0544815;4.9073405;0.78203326;0.19334869;26.5496;41608435915.0;18.12;75.502
Jordan;JOR;2018;0.2547381;4.0816226;4.9140077;0.7819301;0.19315206;25.2604;43370860704.0;18.257;75.774
Jordan;JOR;2019;0.2550567;4.15211;4.933855;0.7818655;0.19342121;23.5546;44502816901.0;16.801;76.044
Kazakhstan;KAZ;1990;0.27456152;3.4960554;2.120997;0.5075707;0.1328497;248.5312;26932016270.0;;68.33658537
Kazakhstan;KAZ;1991;0.2744269;3.4854696;2.120301;0.5075512;0.13138692;259.8411;24923076923.0;0.9;67.6
Kazakhstan;KAZ;1992;0.2742344;3.4764466;2.1200743;0.5075494;0.13005346;265.1589;24917355372.0;1.0;67.4
Kazakhstan;KAZ;1993;0.27400488;3.4700375;2.1202223;0.5075547;0.12848592;226.0391;23409260880.0;1.11;65.4
Kazakhstan;KAZ;1994;0.27375114;3.469117;2.1208525;0.5075795;0.12697583;203.8219;21250792886.0;7.54;64.9
Kazakhstan;KAZ;1995;0.27349564;3.470008;2.1216688;0.5076085;0.12558651;180.2286;20374302652.0;10.98;63.5
Kazakhstan;KAZ;1996;0.27305257;3.4789097;2.1231449;0.5076363;0.12381553;157.9625;21035357937.0;12.96;63.6
Kazakhstan;KAZ;1997;0.27235758;3.4967968;2.125418;0.5076636;0.121800505;137.2776;22165932063.0;13.01;64.0
Kazakhstan;KAZ;1998;0.27161357;3.5192423;2.127798;0.507683;0.120015234;141.5539;22135245507.0;13.13;64.5
Kazakhstan;KAZ;1999;0.27101725;3.5390575;2.1298008;0.5077061;0.11885104;129.3271;16870817182.0;13.46;65.63
Kazakhstan;KAZ;2000;0.2707729;3.5482407;2.1305926;0.5077191;0.11835052;130.4814;18291990662.0;12.75;65.45
Kazakhstan;KAZ;2001;0.2710443;3.5468998;2.1297104;0.50772357;0.11904958;127.7442;22152689180.0;10.43;65.76
Kazakhstan;KAZ;2002;0.27173308;3.5423431;2.1275942;0.50772446;0.1210713;142.266;24636598527.0;9.33;65.95
Kazakhstan;KAZ;2003;0.27264708;3.5351334;2.124949;0.50772214;0.123409964;158.4744;30833692900.0;8.78;65.74
Kazakhstan;KAZ;2004;0.27359086;3.5268164;2.122615;0.50773126;0.12648007;170.1823;43151647003.0;8.4;66.06
Kazakhstan;KAZ;2005;0.27437657;3.5180843;2.1210685;0.5077381;0.12943274;181.8441;57123671734.0;8.13;65.86
Kazakhstan;KAZ;2006;0.27513018;3.5054195;2.119873;0.5077377;0.1323342;203.5088;81003864630.0;7.79;66.15
Kazakhstan;KAZ;2007;0.27603385;3.4858682;2.1183715;0.5077302;0.13518329;213.9444;105000000000.0;7.26;66.34
Kazakhstan;KAZ;2008;0.27698144;3.4649088;2.1167684;0.5077138;0.13856472;253.123;133000000000.0;6.63;67.11
Kazakhstan;KAZ;2009;0.2778637;3.4462671;2.1154418;0.5076986;0.14144936;225.3866;115000000000.0;6.55;68.39
Kazakhstan;KAZ;2010;0.27857465;3.4336832;2.114571;0.5076824;0.14436117;241.989;148000000000.0;5.77;68.45
Kazakhstan;KAZ;2011;0.27923888;3.4315803;2.1142452;0.5076654;0.14736678;258.3271;193000000000.0;5.39;68.69
Kazakhstan;KAZ;2012;0.27999407;3.4372268;2.1141398;0.5076402;0.15028055;256.2936;208000000000.0;5.29;69.52
Kazakhstan;KAZ;2013;0.28074765;3.4468188;2.1141655;0.5076149;0.15324259;275.2521;237000000000.0;5.2;70.62
Kazakhstan;KAZ;2014;0.28140858;3.4562953;2.114135;0.5075899;0.15556279;228.4569;221000000000.0;5.06;71.44
Kazakhstan;KAZ;2015;0.281887;3.460202;2.1137054;0.50756085;0.15774341;201.3691;184000000000.0;4.93;71.97
Kazakhstan;KAZ;2016;0.2822653;3.4613476;2.1107426;0.50752777;0.15926217;211.5262;137000000000.0;4.96;72.41
Kazakhstan;KAZ;2017;0.28250208;3.4616778;2.1078627;0.5074906;0.16055767;224.3208;167000000000.0;4.9;72.95
Kazakhstan;KAZ;2018;0.2825339;3.454367;2.1097374;0.50745267;0.16161866;225.9918;179000000000.0;4.85;73.15
Kazakhstan;KAZ;2019;0.282443;3.4412057;2.1156304;0.50741726;0.16284963;214.6891;182000000000.0;4.8;73.18
Kenya;KEN;1990;0.21425979;4.99843;3.3692088;0.6019079;0.09889503;6.469;8572359038.0;;58.614
Kenya;KEN;1991;0.21410732;4.9886913;3.3679929;0.60194093;0.09858373;6.218;8151488783.0;2.788;58.005
Kenya;KEN;1992;0.21398287;4.983737;3.3671312;0.6019744;0.098284416;6.2952;8209120763.0;2.893;57.259
Kenya;KEN;1993;0.2138886;4.983042;3.3666196;0.60200757;0.09796425;6.1898;5751786643.0;2.97;56.617
Kenya;KEN;1994;0.2138267;4.984862;3.3664858;0.60204065;0.097682126;6.2835;7148148564.0;2.947;56.273
Kenya;KEN;1995;0.21379963;4.988429;3.366753;0.60207397;0.097386114;6.7174;9046320255.0;2.847;55.617
Kenya;KEN;1996;0.21382314;5.010535;3.3675966;0.6021059;0.09707538;7.3986;12045865396.0;2.777;55.161
Kenya;KEN;1997;0.21389696;5.0559134;3.368907;0.6021356;0.09662347;7.1137;13115764358.0;2.819;54.816
Kenya;KEN;1998;0.21399793;5.1090527;3.3703632;0.6021616;0.09604827;7.7807;14093998844.0;2.841;54.526
Kenya;KEN;1999;0.21410277;5.152148;3.3716843;0.6021833;0.09559356;7.986;12896010459.0;2.877;54.495
Kenya;KEN;2000;0.21418777;5.170002;3.3725743;0.60220045;0.09536325;8.9051;12705350098.0;2.876;54.411
Kenya;KEN;2001;0.21435432;5.1643586;3.3728275;0.6022137;0.0951096;8.2508;12986007426.0;2.868;54.508
Kenya;KEN;2002;0.21465482;5.148337;3.372514;0.6022216;0.09486044;8.0077;13147736899.0;2.903;54.99
Kenya;KEN;2003;0.21498984;5.1258726;3.3719285;0.60222435;0.094706416;7.2293;14904517650.0;2.86;55.601
Kenya;KEN;2004;0.21526104;5.099585;3.3714166;0.6022218;0.09466228;8.0543;16095337094.0;2.836;56.361
Kenya;KEN;2005;0.21537039;5.072726;3.3713121;0.60221463;0.09466197;9.0238;18737895513.0;2.739;57.344
Kenya;KEN;2006;0.21524473;5.039397;3.3723023;0.60220206;0.094745286;10.0525;25825512284.0;2.678;58.222
Kenya;KEN;2007;0.21495073;4.994389;3.3743942;0.60218304;0.09502743;10.0522;31958195182.0;2.65;58.865
Kenya;KEN;2008;0.21460025;4.9454618;3.3770027;0.6021585;0.09538682;10.6119;35895153328.0;2.752;59.614
Kenya;KEN;2009;0.21430752;4.8992567;3.379592;0.6021295;0.09579867;12.5109;42347217913.0;2.813;60.365
Kenya;KEN;2010;0.21418768;4.863647;3.3816245;0.60209733;0.09617639;13.5505;45405615064.0;2.793;60.649
Kenya;KEN;2011;0.21429607;4.832282;3.3849387;0.60206264;0.09686433;13.9865;46869473151.0;2.706;61.046
Kenya;KEN;2012;0.21455209;4.797361;3.390758;0.6020255;0.09787711;12.99;56396704672.0;2.686;61.115
Kenya;KEN;2013;0.21486768;4.7637153;3.397589;0.6019865;0.09915215;14.3379;61671440408.0;2.764;61.389
Kenya;KEN;2014;0.21515583;4.7362394;3.4039814;0.60194623;0.10049914;16.3998;68285796514.0;2.768;61.816
Kenya;KEN;2015;0.21532895;4.7195163;3.408533;0.6019044;0.10184317;17.7396;70120446897.0;2.763;61.892
Kenya;KEN;2016;0.21522069;4.712241;3.4173293;0.60186136;0.10367717;19.2303;74815144164.0;2.757;62.163
Kenya;KEN;2017;0.21513757;4.7104974;3.424974;0.60181737;0.10533412;19.9388;82036510877.0;3.54;62.481
Kenya;KEN;2018;0.215624;4.714397;3.4239264;0.6017732;0.10624562;19.1136;92202979985.0;4.284;62.676
Kenya;KEN;2019;0.21664362;4.723163;3.41804;0.60172975;0.106974006;19.4152;100000000000.0;5.014;62.943
Kiribati;KIR;1990;0.26106986;3.1319215;3.9770613;0.25720376;0.0720527;0.0165;36688453.36;;60.917
Kiribati;KIR;1991;0.26110542;3.126189;3.9821064;0.2572144;0.071211845;0.0168;41285104.02;;61.422
Kiribati;KIR;1992;0.26105085;3.1210284;3.9866412;0.2572232;0.07057828;0.0168;61689952.18;;61.893
Kiribati;KIR;1993;0.26091835;3.1156557;3.9906607;0.25723007;0.069952555;0.0164;59161135.89;;62.321
Kiribati;KIR;1994;0.26072162;3.1088433;3.9941313;0.25723553;0.069220275;0.0173;67263705.16;;62.697
Kiribati;KIR;1995;0.26047418;3.1005359;3.997064;0.2572392;0.06907772;0.0166;68938269.12;;63.014
Kiribati;KIR;1996;0.25991657;3.0901432;4.0001287;0.25723746;0.06853814;0.017;81385876.26;;63.291
Kiribati;KIR;1997;0.2589744;3.0738223;4.003621;0.2572329;0.068577245;0.018;80155561.16;;63.575
Kiribati;KIR;1998;0.25794086;3.0559564;4.0068626;0.25722662;0.06826753;0.0186;74756820.46;;63.854
Kiribati;KIR;1999;0.2571053;3.0388937;4.009239;0.25721857;0.06813519;0.0181;77421852.32;;64.136
Kiribati;KIR;2000;0.25675574;3.0280862;4.010173;0.2572117;0.068071224;0.0363;74790109.38;;64.409
Kiribati;KIR;2001;0.25715083;3.0197463;4.0075293;0.25720957;0.06838191;0.0317;65168750.86;;64.655
Kiribati;KIR;2002;0.25810578;3.0136952;4.001474;0.25720978;0.06840642;0.0463;74977058.65;;64.84
Kiribati;KIR;2003;0.25925434;3.006682;3.9943376;0.2572105;0.068499;0.0476;95984600.96;;64.954
Kiribati;KIR;2004;0.26023063;3.001456;3.98848;0.2572084;0.0685048;0.0493;104430808.0;;64.989
Kiribati;KIR;2005;0.2606678;2.9962666;3.9862885;0.2572037;0.068489075;0.0655;113786233.1;;64.967
Kiribati;KIR;2006;0.26051617;2.9909568;3.9897263;0.25720713;0.068528526;0.07;112201076.4;;64.906
Kiribati;KIR;2007;0.26007774;2.9827108;3.9979255;0.25721142;0.0680443;0.0616;138066995.1;;64.844
Kiribati;KIR;2008;0.25951624;2.9768367;4.0085573;0.25721446;0.06778764;0.0688;146790160.5;;64.834
Kiribati;KIR;2009;0.25899512;2.9708588;4.0193415;0.2572124;0.067562215;0.0602;140384919.9;;64.892
Kiribati;KIR;2010;0.2586765;2.9678113;4.02804;0.25720206;0.06772166;0.0621;165113529.3;;65.016
Kiribati;KIR;2011;0.25835505;2.9647393;4.037532;0.25719526;0.06743211;0.0582;195984787.5;;65.19
Kiribati;KIR;2012;0.25782058;2.9652166;4.0507345;0.25718614;0.06746226;0.0569;207081997.2;;65.378
Kiribati;KIR;2013;0.2572294;2.9636326;4.064849;0.25717598;0.0674838;0.0607;201768028.6;;65.588
Kiribati;KIR;2014;0.25673687;2.9647393;4.077128;0.25716472;0.06760787;0.0614;200114840.7;;65.815
Kiribati;KIR;2015;0.25649843;2.9641416;4.0848365;0.25715134;0.06777486;0.0639;191572320.4;;66.059
Kiribati;KIR;2016;0.2569816;2.963256;4.0793943;0.2571474;0.06827792;0.0695;206658568.8;;66.332
Kiribati;KIR;2017;0.25745997;2.9649444;4.072823;0.25714555;0.06896706;0.0805;223029864.5;;66.597
Kiribati;KIR;2018;0.25702423;2.9667037;4.0805135;0.25714654;0.0695525;0.0813;233859230.2;;66.855
Kiribati;KIR;2019;0.2558946;2.9703078;4.098131;0.2571488;0.06961527;0.0859;216891541.0;;67.15
Kuwait;KWT;1990;0.27660647;3.9119835;4.246119;0.80037344;0.2970439;32.3139;18427777778.0;;73.281
Kuwait;KWT;1991;0.2765944;3.9101481;4.243773;0.8003966;0.29945126;38.4781;11009993703.0;0.888;74.216
Kuwait;KWT;1992;0.27665398;3.908388;4.240534;0.80031484;0.3015065;26.8487;19858555215.0;0.879;75.691
Kuwait;KWT;1993;0.27670005;3.9099865;4.241197;0.80050296;0.3043176;34.0747;23941391391.0;0.8;75.794
Kuwait;KWT;1994;0.27683264;3.9103453;4.237911;0.800263;0.30631676;40.5175;24848483838.0;0.7;75.763
Kuwait;KWT;1995;0.27698448;3.9109952;4.23221;0.7996982;0.30801037;40.0963;27186980647.0;0.694;75.537
Kuwait;KWT;1996;0.27731568;3.9110456;4.221999;0.7986773;0.3097327;39.4298;31492373309.0;0.7;75.618
Kuwait;KWT;1997;0.27779484;3.9186423;4.214999;0.797888;0.31238434;41.5325;30350190704.0;0.7;75.879
Kuwait;KWT;1998;0.27826622;3.9308891;4.2128954;0.7975614;0.31625164;46.1061;25943705784.0;0.7;76.157
Kuwait;KWT;1999;0.27869704;3.9408543;4.210197;0.7970714;0.31828454;49.6878;30122365849.0;0.7;76.416
Kuwait;KWT;2000;0.27889776;3.9495635;4.2097144;0.79679507;0.3197958;54.2634;37718743480.0;0.8;76.722
Kuwait;KWT;2001;0.27888042;3.9563725;4.21217;0.79675454;0.32135278;57.2961;34889559870.0;0.8;76.891
Kuwait;KWT;2002;0.27877837;3.9628263;4.217566;0.79684126;0.3225866;59.8943;38135788414.0;1.1;76.982
Kuwait;KWT;2003;0.27861595;3.9677453;4.2247205;0.79704905;0.32369635;62.9482;47874582232.0;1.3;76.985
Kuwait;KWT;2004;0.2784644;3.9712167;4.2328267;0.7972425;0.3258036;66.9826;59439090601.0;1.7;76.792
Kuwait;KWT;2005;0.2783094;3.975442;4.2427597;0.7976854;0.32750776;75.1523;80798630137.0;1.457;76.903
Kuwait;KWT;2006;0.2781284;3.9744797;4.255525;0.7984038;0.33033684;77.7859;102000000000.0;1.3;76.887
Kuwait;KWT;2007;0.27789813;3.9643316;4.272459;0.7993322;0.33490977;76.0348;115000000000.0;1.5;77.017
Kuwait;KWT;2008;0.27760872;3.9521818;4.2940364;0.80050963;0.33946335;81.4394;147000000000.0;1.75;77.145
Kuwait;KWT;2009;0.27736393;3.9413168;4.3162136;0.8015673;0.34343055;83.2781;106000000000.0;1.64;77.442
Kuwait;KWT;2010;0.2771289;3.9402213;4.3400083;0.80263054;0.34677678;86.2498;115000000000.0;1.82;77.982
Kuwait;KWT;2011;0.27688277;3.9482918;4.3723187;0.80371445;0.3477918;89.5885;154000000000.0;2.056;78.464
Kuwait;KWT;2012;0.27663207;3.959464;4.4144664;0.8047312;0.3493495;90.4512;174000000000.0;2.234;78.812
Kuwait;KWT;2013;0.27636144;3.9733782;4.4602203;0.8057513;0.3501487;92.8596;174000000000.0;2.476;79.164
Kuwait;KWT;2014;0.27614608;3.9838965;4.499783;0.8065925;0.35045528;90.9649;163000000000.0;2.9;79.445
Kuwait;KWT;2015;0.27593622;3.993085;4.5273895;0.8074011;0.35114056;94.3782;115000000000.0;2.2;79.562
Kuwait;KWT;2016;0.27554733;3.9967496;4.5364184;0.80818236;0.3501386;96.918;109000000000.0;2.16;79.701
Kuwait;KWT;2017;0.2750877;4.00035;4.541724;0.80890703;0.34882754;95.9095;121000000000.0;2.223;79.781
Kuwait;KWT;2018;0.27453774;4.02401;4.564112;0.80962014;0.34730032;97.7207;138000000000.0;2.198;79.722
Kuwait;KWT;2019;0.27380788;4.0603004;4.599968;0.81019646;0.34584403;98.2041;139000000000.0;2.239;79.685
Kyrgyzstan;KGZ;1990;0.26598805;3.6515787;2.0560238;0.5159963;0.09963539;23.6563;2675000000.0;;68.29756098
Kyrgyzstan;KGZ;1991;0.265773;3.6445446;2.0544863;0.51595294;0.09820387;21.2611;2569444444.0;1.0;68.55121951
Kyrgyzstan;KGZ;1992;0.26550618;3.6357741;2.0536098;0.5159312;0.096578985;13.9992;2316562500.0;1.1;68.10243902
Kyrgyzstan;KGZ;1993;0.26521435;3.630005;2.0532095;0.5159133;0.09496008;10.2874;2028295455.0;1.223;67.19268293
Kyrgyzstan;KGZ;1994;0.26491845;3.6234002;2.0531106;0.51590073;0.093330964;6.7305;1681006993.0;1.34;66.03902439
Kyrgyzstan;KGZ;1995;0.2646435;3.618022;2.0529788;0.5158787;0.0917487;4.7581;1661018519.0;1.435;65.7902439
Kyrgyzstan;KGZ;1996;0.2642314;3.611669;2.0534105;0.5158486;0.0895371;5.9158;1827570586.0;1.512;66.54390244
Kyrgyzstan;KGZ;1997;0.26360434;3.6030471;2.0549552;0.5158339;0.08711174;5.837;1767864036.0;1.577;66.89268293
Kyrgyzstan;KGZ;1998;0.26291922;3.5954926;2.056865;0.5158156;0.08448375;6.157;1645963750.0;1.666;67.05121951
Kyrgyzstan;KGZ;1999;0.2623275;3.5870857;2.0583305;0.51579416;0.08227898;4.9141;1249061487.0;1.768;68.65609756
Kyrgyzstan;KGZ;2000;0.26198095;3.5799265;2.0586774;0.51576984;0.08172697;4.7979;1369688498.0;1.873;68.55853659
Kyrgyzstan;KGZ;2001;0.26178354;3.5722513;2.0583668;0.5157497;0.08150791;4.0308;1525116370.0;1.966;68.70731707
Kyrgyzstan;KGZ;2002;0.26155674;3.5594757;2.0582805;0.5157523;0.08161907;5.0385;1605643105.0;2.07;68.15609756
Kyrgyzstan;KGZ;2003;0.26133794;3.5464828;2.058186;0.51576185;0.0816862;5.6599;1919008090.0;2.165;68.25609756
Kyrgyzstan;KGZ;2004;0.26116392;3.5321438;2.0579307;0.5157702;0.081885755;5.6106;2211534585.0;2.26;68.15365854
Kyrgyzstan;KGZ;2005;0.2610692;3.5175982;2.0574107;0.5157723;0.08183867;5.3734;2460246766.0;2.358;67.95609756
Kyrgyzstan;KGZ;2006;0.26103672;3.4994943;2.056548;0.5157767;0.082108;5.3951;2834168889.0;2.462;67.69512195
Kyrgyzstan;KGZ;2007;0.26102436;3.4762325;2.055459;0.51579577;0.08288215;6.5412;3802570553.0;2.558;67.89512195
Kyrgyzstan;KGZ;2008;0.26103354;3.4530137;2.0542648;0.5158158;0.08373735;7.6036;5139958909.0;2.639;68.45121951
Kyrgyzstan;KGZ;2009;0.26106626;3.4326015;2.0532603;0.5158267;0.08464212;6.8986;4690061381.0;2.738;69.10243902
Kyrgyzstan;KGZ;2010;0.2611205;3.4210966;2.0527778;0.51582813;0.085693285;6.4851;4794361863.0;2.856;69.3
Kyrgyzstan;KGZ;2011;0.26125875;3.4173188;2.0534813;0.5158261;0.086764246;7.8085;6197765984.0;2.962;69.60243902
Kyrgyzstan;KGZ;2012;0.26150277;3.4142256;2.055371;0.51582843;0.08787638;10.2332;6605142884.0;3.07;70.00243902
Kyrgyzstan;KGZ;2013;0.2617916;3.4118388;2.057651;0.5158312;0.08884707;9.5841;7335033801.0;3.146;70.20243902
Kyrgyzstan;KGZ;2014;0.2620658;3.408539;2.0595846;0.5158285;0.08987303;9.8589;7468102413.0;3.253;70.40243902
Kyrgyzstan;KGZ;2015;0.26226377;3.4073129;2.0603633;0.5158184;0.090874285;10.2587;6678177512.0;3.346;70.65121951
Kyrgyzstan;KGZ;2016;0.26255694;3.398904;2.0580704;0.5158032;0.09142109;9.7179;6813095379.0;3.466;70.95121951
Kyrgyzstan;KGZ;2017;0.2627693;3.3905978;2.0557578;0.51579076;0.092067234;9.5944;7702938379.0;3.568;71.2
Kyrgyzstan;KGZ;2018;0.26257515;3.3860934;2.0567787;0.5157792;0.092586555;11.4059;8271106235.0;3.673;71.4
Kyrgyzstan;KGZ;2019;0.2620818;3.3816984;2.0599196;0.51576376;0.09326466;10.1614;9371275264.0;4.252;71.6
Laos;LAO;1990;0.26190603;2.9461122;4.2296667;0.32493782;0.066468194;0.2526;865559879.4;;53.713
Laos;LAO;1991;0.26231116;2.9500284;4.2400255;0.32493392;0.066760704;0.3012;1028087972.0;2.485;54.46
Laos;LAO;1992;0.26274595;2.951715;4.2486377;0.32492644;0.0669257;0.3123;1127806945.0;2.702;54.952
Laos;LAO;1993;0.2631846;2.9495845;4.2553096;0.32491723;0.06728604;0.3175;1327748690.0;2.727;55.435
Laos;LAO;1994;0.26360494;2.9489322;4.2596493;0.32490754;0.06763466;0.3499;1543606345.0;2.631;55.749
Laos;LAO;1995;0.26398665;2.9466176;4.261123;0.32489848;0.06854851;0.366;1763536305.0;2.6;56.385
Laos;LAO;1996;0.2644463;2.9302456;4.2598357;0.32488495;0.068955876;0.4286;1873671550.0;2.453;56.891
Laos;LAO;1997;0.26502863;2.897817;4.2571845;0.3248708;0.06934387;0.5063;1747011857.0;2.36;57.292
Laos;LAO;1998;0.26564145;2.8556662;4.253958;0.3248559;0.07004235;0.5572;1280177839.0;2.303;57.665
Laos;LAO;1999;0.26619098;2.8198118;4.2510314;0.32484078;0.07077098;0.5521;1454430642.0;2.165;57.873
Laos;LAO;2000;0.2665831;2.7992988;4.24931;0.32482547;0.07148706;0.9345;1731198022.0;2.057;58.378
Laos;LAO;2001;0.26692328;2.7922862;4.2492414;0.32481608;0.07193161;1.0291;1768619058.0;1.891;59.07
Laos;LAO;2002;0.26733688;2.7915688;4.2507524;0.32480997;0.072949894;1.1544;1758176653.0;1.785;59.534
Laos;LAO;2003;0.26777428;2.7895727;4.2535033;0.3248043;0.07360506;1.2;2023324407.0;1.646;60.031
Laos;LAO;2004;0.2681859;2.78849;4.2571197;0.32479343;0.074522845;1.258;2366398120.0;1.503;60.293
Laos;LAO;2005;0.26852348;2.7833672;4.261116;0.32476893;0.07558347;1.3026;2735558735.0;1.35;60.98
Laos;LAO;2006;0.2688514;2.7685206;4.2731514;0.32476747;0.07653977;1.7086;3455030061.0;1.198;61.493
Laos;LAO;2007;0.269248;2.7448363;4.2977996;0.32476985;0.077728026;1.806;4223152739.0;1.066;62.084
Laos;LAO;2008;0.26970094;2.7210605;4.328683;0.32477188;0.07884652;2.1095;5446433157.0;0.941;62.603
Laos;LAO;2009;0.27019885;2.7013054;4.35933;0.32476544;0.08009443;2.6407;5836137330.0;0.833;63.273
Laos;LAO;2010;0.27072954;2.6927238;4.3833666;0.32473943;0.08159587;2.9614;7131771015.0;0.708;63.973
Laos;LAO;2011;0.27172887;2.6996043;4.405376;0.324743;0.083010525;3.1262;8750104617.0;1.055;64.736
Laos;LAO;2012;0.27335882;2.7131844;4.4322624;0.3247488;0.085019894;3.3357;10192846339.0;1.398;65.355
Laos;LAO;2013;0.27519843;2.7317152;4.4599776;0.3247541;0.08690461;3.9442;11983252627.0;1.755;65.718
Laos;LAO;2014;0.27682528;2.7477784;4.4845195;0.32475394;0.08938076;4.3874;13279245886.0;2.117;66.361
Laos;LAO;2015;0.27781636;2.7558112;4.5019193;0.32474154;0.091369405;8.9274;14426380126.0;2.491;66.67
Laos;LAO;2016;0.27774835;2.7503045;4.513994;0.32474506;0.09345152;15.8709;15912501723.0;2.88;67.167
Laos;LAO;2017;0.27751997;2.7455468;4.5229564;0.32474825;0.09534666;19.2441;17071155481.0;3.269;67.434
Laos;LAO;2018;0.2784066;2.744515;4.5403633;0.3247498;0.0972688;19.8621;18141641090.0;2.896;67.634
Laos;LAO;2019;0.28031668;2.7468913;4.5706754;0.32474777;0.09885296;19.3493;18740561513.0;2.528;68.138
Latvia;LVA;1990;0.28009033;4.365633;3.7604616;0.52108335;0.14253679;19.7039;;;69.27317073
Latvia;LVA;1991;0.27890423;4.348922;3.7611492;0.52106315;0.13879617;17.9499;;2.7;69.03243902
Latvia;LVA;1992;0.27788532;4.332336;3.7618396;0.52105516;0.13571587;14.26;;6.6;68.39609756
Latvia;LVA;1993;0.27708068;4.3151555;3.7626197;0.5210576;0.13310908;11.9648;;16.7;66.72268293
Latvia;LVA;1994;0.27653146;4.2975497;3.763829;0.52108806;0.13078415;10.4301;;18.7;65.66439024
Latvia;LVA;1995;0.27628726;4.284734;3.7648618;0.5211202;0.12952754;9.1797;5789128637.0;19.0;66.39121951
Latvia;LVA;1996;0.27634907;4.262384;3.7647672;0.52112114;0.12835053;9.1937;5975248851.0;20.7;68.77658537
Latvia;LVA;1997;0.27661198;4.23186;3.7637591;0.5210994;0.12703234;8.7559;6527926446.0;14.9;69.34926829
Latvia;LVA;1998;0.27697513;4.199876;3.7623591;0.52106816;0.1265273;8.3588;7166275468.0;14.454;69.01219512
Latvia;LVA;1999;0.27733567;4.167457;3.7609646;0.5210429;0.12535293;7.8097;7533788134.0;13.79;69.74292683
Latvia;LVA;2000;0.2775954;4.1439238;3.7597382;0.5210164;0.12525555;7.1796;7958852839.0;14.211;70.31463415
Latvia;LVA;2001;0.277864;4.118553;3.7580557;0.5209872;0.12598076;7.6378;8362398702.0;13.821;70.76097561
Latvia;LVA;2002;0.27827093;4.0803337;3.7557306;0.52095944;0.12852554;7.6295;9557031605.0;13.829;70.96097561
Latvia;LVA;2003;0.27875435;4.0363355;3.7531068;0.52091986;0.13171314;7.8699;11771975157.0;12.061;71.26585366
Latvia;LVA;2004;0.2792453;3.9937322;3.751018;0.5208801;0.13486812;7.9238;14435700533.0;11.708;72.02682927
Latvia;LVA;2005;0.279676;3.958981;3.7504952;0.5208483;0.13753831;8.0195;17003459863.0;10.033;71.35609756
Latvia;LVA;2006;0.28017974;3.9224555;3.75344;0.5208261;0.14021789;8.523;21570076499.0;7.03;70.86585366
Latvia;LVA;2007;0.28085634;3.8739426;3.7599537;0.52080643;0.14279383;8.8933;31054350978.0;6.052;71.0195122
Latvia;LVA;2008;0.2815899;3.8246107;3.7674346;0.52077734;0.14568886;8.4559;35854274229.0;7.739;72.4195122
Latvia;LVA;2009;0.28226176;3.7829046;3.773678;0.520741;0.14849839;7.7149;26410909091.0;17.515;73.0804878
Latvia;LVA;2010;0.28275493;3.7593977;3.7766035;0.52068955;0.1505163;8.864;23956163077.0;19.482;73.48292683
Latvia;LVA;2011;0.28316277;3.748776;3.7771666;0.5206279;0.15246893;8.204;27474380566.0;16.206;73.57560976
Latvia;LVA;2012;0.28362972;3.7395191;3.7776363;0.520561;0.15397505;7.9978;28169902669.0;15.047;73.77804878
Latvia;LVA;2013;0.28410932;3.7318187;3.7775548;0.5204907;0.15596409;7.763;30204783462.0;11.867;73.98292683
Latvia;LVA;2014;0.28455362;3.725428;3.7768476;0.52042586;0.15765508;7.5388;31386896487.0;10.846;74.12439024
Latvia;LVA;2015;0.28491953;3.7204535;3.7754884;0.52036035;0.15891068;7.6272;27263090547.0;9.873;74.4804878
Latvia;LVA;2016;0.2854343;3.7217278;3.7666385;0.52029896;0.1608688;7.4529;28083597512.0;9.643;74.5804878
Latvia;LVA;2017;0.28587127;3.7242355;3.7563806;0.520236;0.16283536;7.4036;30483806018.0;8.715;74.62926829
Latvia;LVA;2018;0.28600585;3.7331266;3.7515545;0.5201707;0.16410944;8.0762;34429023435.0;7.412;74.78292683
Latvia;LVA;2019;0.28601405;3.7478287;3.748034;0.5201065;0.1660531;7.871;34225547537.0;6.312;75.38780488
Lebanon;LBN;1990;0.25360015;4.4396577;6.009576;0.9414789;0.1967569;5.9745;2838485354.0;;64.475
Lebanon;LBN;1991;0.25343403;4.4983063;6.010486;0.9414077;0.1945876;7.4107;4690415093.0;8.61;71.176
Lebanon;LBN;1992;0.25332764;4.559347;6.0095525;0.94131976;0.19300227;7.9604;5843579161.0;8.268;71.192
Lebanon;LBN;1993;0.2532668;4.616782;6.0078363;0.94124985;0.19227959;11.4037;7941744492.0;8.275;71.382
Lebanon;LBN;1994;0.25324476;4.6695166;6.005549;0.9411832;0.19152851;12.5275;9599127050.0;8.364;71.681
Lebanon;LBN;1995;0.25325456;4.7161107;6.002902;0.9411239;0.19106643;14.5233;11718795529.0;8.456;72.043
Lebanon;LBN;1996;0.25338367;4.7673845;5.978421;0.94109166;0.19156133;15.0813;13690217334.0;8.444;72.293
Lebanon;LBN;1997;0.25365844;4.8309093;5.923758;0.9410827;0.19343784;16.5598;15751867489.0;8.62;72.778
Lebanon;LBN;1998;0.2539739;4.896014;5.859711;0.9411164;0.19499458;16.4436;17247179006.0;8.565;72.944
Lebanon;LBN;1999;0.2542289;4.952848;5.807172;0.9412074;0.19700299;16.9446;17391056369.0;8.735;73.49
Lebanon;LBN;2000;0.25432387;4.990687;5.786918;0.9413652;0.19864692;15.3065;17260364842.0;8.594;73.931
Lebanon;LBN;2001;0.25420347;5.011935;5.7901125;0.9415805;0.1997702;16.5164;17649751244.0;8.456;74.365
Lebanon;LBN;2002;0.25393936;5.0326633;5.7936287;0.94179225;0.2015235;16.4638;19152238806.0;8.225;75.064
Lebanon;LBN;2003;0.25361523;5.0494695;5.797742;0.9419907;0.20248868;16.4687;20082918740.0;8.048;75.593
Lebanon;LBN;2004;0.25331584;5.0609746;5.8030787;0.9421829;0.20421739;16.6883;21159827992.0;7.85;75.976
Lebanon;LBN;2005;0.25312966;5.065296;5.8095627;0.9423321;0.20556213;16.5738;21497336499.0;8.247;76.273
Lebanon;LBN;2006;0.2529932;5.0622606;5.895603;0.94247514;0.20818445;16.1287;22022709851.0;8.669;76.08
Lebanon;LBN;2007;0.25281614;5.051141;6.0904546;0.9426413;0.2108558;14.926;24827355015.0;8.98;77.08
Lebanon;LBN;2008;0.2526405;5.037906;6.3210864;0.9428249;0.21407253;18.2734;29118916105.0;7.665;77.584
Lebanon;LBN;2009;0.25251126;5.027631;6.5142307;0.94300014;0.21702485;21.5577;35399582929.0;6.355;77.889
Lebanon;LBN;2010;0.25248453;5.0164504;6.5947857;0.9430131;0.21821132;20.6572;38443907042.0;6.77;78.156
Lebanon;LBN;2011;0.25272995;5.0126934;6.5832686;0.9423972;0.2195352;20.9802;39927125962.0;7.333;78.404
Lebanon;LBN;2012;0.25324592;5.00555;6.559372;0.9412876;0.22088593;23.4349;44016799516.0;7.91;78.628
Lebanon;LBN;2013;0.25381497;5.003948;6.539444;0.9406057;0.22141045;23.1026;46880103081.0;8.423;78.765
Lebanon;LBN;2014;0.25426245;5.0053477;6.530081;0.94064134;0.22272812;24.9675;48095213747.0;8.796;78.973
Lebanon;LBN;2015;0.25447807;5.002804;6.525099;0.9408383;0.22409801;26.9063;49929337837.0;9.27;79.229
Lebanon;LBN;2016;0.25424308;4.984811;6.5156517;0.9409578;0.22528416;27.8667;51147308774.0;9.76;79.505
Lebanon;LBN;2017;0.25393105;4.946852;6.4989395;0.9410554;0.22575013;29.2965;53027680686.0;10.236;79.654
Lebanon;LBN;2018;0.25375932;4.83941;6.352847;0.9411305;0.22540215;27.4953;54901519156.0;10.741;79.729
Lebanon;LBN;2019;0.25352445;4.652712;6.0510345;0.94117516;0.224312;27.024;51605959131.0;11.301;79.236
Lesotho;LSO;1990;0.19572598;5.4349813;3.4925966;0.5321185;0.08461782;0.1107;596410263.7;;59.398
Lesotho;LSO;1991;0.1961358;5.3280864;3.4949706;0.5321149;0.08510876;0.1399;704325366.7;15.449;59.193
Lesotho;LSO;1992;0.19654603;5.233772;3.4973447;0.53211206;0.085818574;0.1191;831029861.7;15.405;58.555
Lesotho;LSO;1993;0.19693203;5.157396;3.499532;0.5321097;0.0865856;0.1147;835582062.5;15.531;57.991
Lesotho;LSO;1994;0.1972692;5.111545;3.5013816;0.53210783;0.087096;0.1254;878250945.3;15.587;58.018
Lesotho;LSO;1995;0.1975331;5.0965667;3.5027528;0.53210664;0.08761637;0.1275;1001894000.0;15.771;56.723
Lesotho;LSO;1996;0.1978198;5.11187;3.50427;0.5321053;0.08828142;0.1329;946112492.8;15.681;55.232
Lesotho;LSO;1997;0.19819596;5.1398306;3.5065315;0.53210443;0.08900801;0.1327;998004258.7;15.796;53.594
Lesotho;LSO;1998;0.19859537;5.177912;3.5091002;0.5321041;0.089579865;0.1301;928460893.1;15.887;51.783
Lesotho;LSO;1999;0.19895114;5.2126946;3.5114746;0.5321043;0.09021349;0.1326;912773681.1;16.145;50.081
Lesotho;LSO;2000;0.19919507;5.244241;3.5131724;0.53210527;0.09059788;0.3624;887291687.9;16.143;48.427
Lesotho;LSO;2001;0.19944634;5.2694964;3.5141666;0.5321066;0.09112526;0.3693;825706961.2;16.05;46.849
Lesotho;LSO;2002;0.19981469;5.2941732;3.5148625;0.532109;0.09179024;0.3867;775777238.6;16.045;45.595
Lesotho;LSO;2003;0.20021833;5.319456;3.515229;0.53211224;0.09240084;0.3912;1157825435.0;16.019;44.53
Lesotho;LSO;2004;0.2005751;5.339766;3.51538;0.53211623;0.09322602;0.4107;1511236656.0;16.121;43.711
Lesotho;LSO;2005;0.20080137;5.3558564;3.5155036;0.532121;0.09366702;0.4105;1682343527.0;15.994;43.233
Lesotho;LSO;2006;0.20096035;5.3720675;3.5152934;0.5321262;0.0944531;0.4196;1800092564.0;16.02;42.914
Lesotho;LSO;2007;0.20115401;5.3871818;3.5147238;0.5321323;0.095404245;0.5409;1682131785.0;15.905;43.123
Lesotho;LSO;2008;0.20135611;5.4024186;3.514235;0.53213847;0.09658967;0.4415;1766902709.0;15.812;43.566
Lesotho;LSO;2009;0.20154117;5.417913;3.5144637;0.5321441;0.09725254;0.5079;1740894965.0;16.089;44.034
Lesotho;LSO;2010;0.20168573;5.425682;3.5160825;0.5321491;0.09791479;0.5274;2234754242.0;16.044;45.596
Lesotho;LSO;2011;0.2018457;5.435116;3.5228152;0.5321537;0.09937316;0.5418;2579409620.0;16.098;46.692
Lesotho;LSO;2012;0.20207031;5.4475436;3.535768;0.53215843;0.10058288;0.5786;2477702216.0;15.733;47.835
Lesotho;LSO;2013;0.20232543;5.458487;3.551559;0.53216285;0.10193885;0.5784;2367112932.0;15.907;49.002
Lesotho;LSO;2014;0.20257671;5.4649773;3.5668766;0.5321669;0.10318556;0.6032;2441063054.0;16.056;50.033
Lesotho;LSO;2015;0.20279115;5.4719477;3.5783262;0.53217065;0.10439197;0.5952;2359686725.0;16.223;51.101
Lesotho;LSO;2016;0.20324926;5.4716644;3.5913162;0.53217417;0.10585134;0.635;2114426454.0;16.139;52.264
Lesotho;LSO;2017;0.20374614;5.472557;3.5993671;0.532177;0.107039794;0.6795;2306741674.0;16.391;53.064
Lesotho;LSO;2018;0.20416434;5.4843674;3.5866354;0.53217906;0.107584424;0.6724;2556247292.0;16.637;53.733
Lesotho;LSO;2019;0.2047265;5.511564;3.5554914;0.5321807;0.10791386;0.7022;2390702296.0;16.876;54.173
Liberia;LBR;1990;0.20911425;4.5792336;3.4192371;0.54333293;0.08541885;0.3814;384400000.0;;36.688
Liberia;LBR;1991;0.20803533;4.5644045;3.4129593;0.5433316;0.08054774;0.2651;348000000.0;2.68;42.795
Liberia;LBR;1992;0.20698632;4.5615406;3.4108841;0.54332215;0.076218545;0.2381;223500000.0;2.747;42.738
Liberia;LBR;1993;0.20601043;4.5628376;3.4114394;0.5433019;0.07263584;0.2543;160400000.0;2.7;42.166
Liberia;LBR;1994;0.20520347;4.5615025;3.411466;0.5432862;0.06971631;0.2544;132200000.0;2.664;41.796
Liberia;LBR;1995;0.20461579;4.555438;3.4102802;0.54328245;0.06777169;0.2589;134800000.0;2.588;43.917
Liberia;LBR;1996;0.20410049;4.54938;3.4111357;0.5432872;0.06624775;0.2828;159400000.0;2.371;44.419
Liberia;LBR;1997;0.20352955;4.547111;3.4170494;0.5432909;0.06476015;0.2795;295900000.0;2.176;47.847
Liberia;LBR;1998;0.2030124;4.5457597;3.4242606;0.54329664;0.0637775;0.2971;359600000.0;2.038;48.901
Liberia;LBR;1999;0.20265022;4.5440445;3.4301643;0.5433046;0.06303677;0.3051;441800000.0;2.021;49.953
Liberia;LBR;2000;0.20252152;4.5460224;3.4337556;0.54330736;0.06273833;0.412;874000000.0;2.035;51.356
Liberia;LBR;2001;0.20277908;4.580815;3.4357872;0.54330915;0.06326205;0.4652;906000000.0;2.125;52.752
Liberia;LBR;2002;0.20336527;4.6646748;3.4384422;0.5433065;0.0647506;0.467;927000000.0;2.211;53.788
Liberia;LBR;2003;0.20409389;4.7564363;3.4395807;0.5433087;0.06643197;0.5032;748000000.0;2.406;53.042
Liberia;LBR;2004;0.2047631;4.830519;3.4387553;0.5433167;0.06802629;0.5499;897000000.0;2.412;56.013
Liberia;LBR;2005;0.20514652;4.856812;3.4371665;0.5433247;0.06900134;0.685;949000000.0;2.403;56.912
Liberia;LBR;2006;0.2052591;4.8489513;3.4342985;0.5433339;0.06927831;0.7248;1119000000.0;2.274;57.62
Liberia;LBR;2007;0.20528153;4.8437004;3.4309409;0.54334015;0.06961992;0.6746;1373000000.0;2.223;58.285
Liberia;LBR;2008;0.20525318;4.8388295;3.4280007;0.54334605;0.069941;0.5662;1726000000.0;2.211;58.772
Liberia;LBR;2009;0.20523754;4.8326683;3.4253445;0.5433544;0.070284165;0.518;1768000000.0;2.236;59.194
Liberia;LBR;2010;0.20527054;4.8262477;3.4248903;0.54336256;0.07056085;0.8013;1998000000.0;2.266;59.433
Liberia;LBR;2011;0.20534344;4.8281674;3.4322069;0.54336405;0.071413025;0.8809;2398000000.0;2.208;59.62
Liberia;LBR;2012;0.20545006;4.8342314;3.4471657;0.5433605;0.071984485;0.9797;2791614000.0;2.138;59.913
Liberia;LBR;2013;0.20558597;4.8373895;3.46426;0.5433588;0.07284329;0.9028;3177198100.0;2.072;59.943
Liberia;LBR;2014;0.20571432;4.8421474;3.4801712;0.54335666;0.074216776;1.1887;3225652000.0;2.079;59.121
Liberia;LBR;2015;0.2058047;4.844007;3.4914157;0.543354;0.07471694;1.2296;3227075700.0;2.553;59.148
Liberia;LBR;2016;0.20602597;4.845447;3.501115;0.54335135;0.07568333;1.3406;3398419600.0;3.081;60.416
Liberia;LBR;2017;0.20627822;4.847086;3.5078478;0.5433477;0.07598607;1.1683;3390703400.0;3.066;60.553
Liberia;LBR;2018;0.2065637;4.7563257;3.5086396;0.5433448;0.07642144;1.3432;3422754800.0;3.057;60.853
Liberia;LBR;2019;0.20702705;4.556289;3.5066519;0.54334027;0.076098874;1.3863;3319596500.0;3.072;61.104
Libya;LBY;1990;0.26110208;4.2264504;5.0802073;0.76644087;0.24314144;32.5084;28904183602.0;;69.423
Libya;LBY;1991;0.26086274;4.229601;5.0899253;0.76711124;0.24297209;32.7129;31991821265.0;18.69;69.82
Libya;LBY;1992;0.260593;4.2358384;5.1011767;0.7678253;0.24244244;34.127;33887047909.0;18.92;70.232
Libya;LBY;1993;0.26031148;4.241579;5.113422;0.76858217;0.24178255;36.3609;30660051911.0;19.102;70.42
Libya;LBY;1994;0.26003662;4.249315;5.125655;0.7693397;0.24138702;42.3459;28610549763.0;19.411;70.706
Libya;LBY;1995;0.25977886;4.258874;5.13581;0.7699612;0.24074468;48.0083;25541379187.0;19.483;71.09
Libya;LBY;1996;0.25944966;4.2710724;5.143545;0.77033615;0.23957519;50.4961;27884615385.0;19.322;71.284
Libya;LBY;1997;0.25899646;4.2855206;5.1509767;0.7705496;0.23749773;46.7659;30700897875.0;19.439;71.129
Libya;LBY;1998;0.25851655;4.301014;5.157365;0.7706323;0.23614977;46.3069;27251301398.0;19.271;71.079
Libya;LBY;1999;0.25810277;4.311764;5.162049;0.7706264;0.23478;47.6718;35975860857.0;19.306;71.058
Libya;LBY;2000;0.25783744;4.3220263;5.1639633;0.77052623;0.23380204;49.1902;38270954138.0;19.168;70.68
Libya;LBY;2001;0.25764665;4.325269;5.1649256;0.77038765;0.23341967;48.6103;34112093927.0;19.186;70.861
Libya;LBY;2002;0.25742316;4.3300533;5.1667786;0.77023923;0.23388012;49.7896;20481889764.0;19.198;71.004
Libya;LBY;2003;0.25720876;4.332091;5.1686087;0.7700623;0.23315713;53.6389;26265625000.0;19.002;71.132
Libya;LBY;2004;0.25704378;4.334099;5.1696405;0.7698606;0.23353302;53.0448;33122307692.0;18.873;71.49
Libya;LBY;2005;0.2569639;4.3353024;5.16989;0.7696418;0.2329817;57.5488;47334691241.0;18.613;71.592
Libya;LBY;2006;0.2570172;4.3380814;5.17089;0.76946914;0.23491062;57.3054;60094231607.0;18.744;71.724
Libya;LBY;2007;0.25717476;4.3432508;5.1746197;0.7694425;0.23790342;53.5699;68032978391.0;18.708;71.863
Libya;LBY;2008;0.25735885;4.34716;5.18002;0.7694875;0.24191056;56.97;86710767415.0;18.953;72.269
Libya;LBY;2009;0.25748292;4.3515296;5.1876016;0.7696467;0.24514121;60.1066;60808562033.0;19.18;72.356
Libya;LBY;2010;0.2574742;4.3553176;5.1962895;0.76979846;0.24675566;63.5039;75380825062.0;19.208;72.374
Libya;LBY;2011;0.25709116;4.3594904;5.2088246;0.76979494;0.24481522;44.1898;48169263294.0;19.43;70.071
Libya;LBY;2012;0.2562628;4.363645;5.228861;0.76979375;0.24028663;62.7187;92540938129.0;19.03;72.247
Libya;LBY;2013;0.2552005;4.368608;5.2523046;0.7698705;0.23309478;62.5103;75351107029.0;19.316;72.34
Libya;LBY;2014;0.2541239;4.3749576;5.273986;0.76999235;0.2262655;61.7473;57372355592.0;19.298;71.511
Libya;LBY;2015;0.25325236;4.376139;5.2892756;0.7701266;0.21954645;53.6983;48717501321.0;19.649;71.698
Libya;LBY;2016;0.2521832;4.3655667;5.2918015;0.7702387;0.21284285;51.0579;49912073701.0;19.5;71.756
Libya;LBY;2017;0.2512039;4.356117;5.2910857;0.7703152;0.20666143;55.0205;67157452182.0;19.015;72.482
Libya;LBY;2018;0.25056875;4.3716516;5.302211;0.7703805;0.20325828;57.1809;76686029772.0;18.836;72.794
Libya;LBY;2019;0.24989693;4.406427;5.324334;0.77044964;0.20108777;57.8184;72081962263.0;19.037;72.463
Lithuania;LTU;1990;0.28088772;4.2587194;4.2705626;0.5218884;0.14434178;34.9358;;;71.16073171
Lithuania;LTU;1991;0.27996296;4.262211;4.271901;0.52188575;0.14112072;36.8578;;1.1;70.36414634
Lithuania;LTU;1992;0.27916038;4.2694035;4.2739005;0.5218929;0.13814504;20.8488;;1.2;70.23439024
Lithuania;LTU;1993;0.2785139;4.2770348;4.2763233;0.5219124;0.13555187;16.1293;;13.8;68.9104878
Lithuania;LTU;1994;0.27805796;4.2860475;4.278836;0.5219418;0.13333805;15.6147;;13.8;68.5302439
Lithuania;LTU;1995;0.27782843;4.2950745;4.280793;0.5219698;0.13191152;14.9778;7867140395.0;17.54;69.00634146
Lithuania;LTU;1996;0.277814;4.3099155;4.2947025;0.5219823;0.13098246;15.4505;8382519637.0;16.4;70.10804878
Lithuania;LTU;1997;0.27793923;4.3334045;4.32589;0.5219765;0.12969394;14.9429;10118631852.0;14.13;70.90902439
Lithuania;LTU;1998;0.27814296;4.357567;4.362749;0.52196103;0.12892629;15.8034;11239547691.0;13.711;71.2195122
Lithuania;LTU;1999;0.27836394;4.3759794;4.3936086;0.52193815;0.12810291;13.2406;10971583945.0;13.388;71.57073171
Lithuania;LTU;2000;0.27854154;4.382294;4.4068255;0.5219108;0.12771684;11.579;11524776867.0;15.931;72.0195122
Lithuania;LTU;2001;0.27882904;4.3707905;4.407003;0.5218792;0.12874645;12.3234;12237388002.0;16.84;71.65853659
Lithuania;LTU;2002;0.27933997;4.34188;4.4067507;0.5218408;0.13103618;12.4196;14259781159.0;13.008;71.76097561
Lithuania;LTU;2003;0.27995372;4.3060923;4.4060736;0.5217998;0.1340205;12.4181;18781721376.0;12.875;72.06097561
Lithuania;LTU;2004;0.28054768;4.270716;4.4051695;0.52176094;0.13711841;13.0055;22627507452.0;10.684;71.96097561
Lithuania;LTU;2005;0.2809983;4.244599;4.404439;0.52173275;0.14002788;13.9147;26097677572.0;8.325;71.25365854
Lithuania;LTU;2006;0.2813622;4.2192597;4.4034615;0.521712;0.142414;14.1715;30183575104.0;5.78;71.05609756
Lithuania;LTU;2007;0.2817654;4.1912293;4.402308;0.52169716;0.14491266;15.5513;39697891352.0;4.25;70.9
Lithuania;LTU;2008;0.2821896;4.163176;4.400909;0.52168334;0.14785065;15.8161;47797551588.0;5.826;71.81219512
Lithuania;LTU;2009;0.2826187;4.136793;4.399466;0.52166003;0.15004717;13.195;37388122046.0;13.785;72.91463415
Lithuania;LTU;2010;0.28303212;4.1161327;4.3986974;0.5216339;0.1523658;14.0266;37128694028.0;17.814;73.26829268
Lithuania;LTU;2011;0.2836198;4.097671;4.3893685;0.52160174;0.15512528;14.3115;43535051482.0;15.39;73.56341463
Lithuania;LTU;2012;0.28447652;4.073483;4.3674273;0.52156067;0.15736163;14.4789;42927454291.0;13.365;73.86341463
Lithuania;LTU;2013;0.28543663;4.04753;4.34052;0.5215126;0.15999764;13.3554;46523420074.0;11.77;73.91463415
Lithuania;LTU;2014;0.2863374;4.026949;4.3166423;0.52145857;0.16214956;13.2056;48533659592.0;10.698;74.51707317
Lithuania;LTU;2015;0.2870162;4.012482;4.3036847;0.52140284;0.16478589;13.6544;41435533340.0;9.12;74.32195122
Lithuania;LTU;2016;0.28790364;4.0095606;4.283735;0.52134776;0.16749556;13.5165;43047309306.0;7.862;74.67073171
Lithuania;LTU;2017;0.28860536;4.0082264;4.2624903;0.5212882;0.16993928;13.9576;47758736932.0;7.073;75.4804878
Lithuania;LTU;2018;0.2886631;4.0025206;4.255839;0.5212202;0.17151488;14.0131;53751411409.0;6.147;75.6804878
Lithuania;LTU;2019;0.2884198;3.9911947;4.2541876;0.5211538;0.17335068;14.2898;54808531641.0;6.255;76.28292683
Low-income countries;;1990;0.21825957;4.712727;3.59907;0.5392097;0.08310494;;;;
Low-income countries;;1991;0.21814775;4.7121086;3.59816;0.53973037;0.08255414;;;;
Low-income countries;;1992;0.21804713;4.7116213;3.5995598;0.5404555;0.08204881;;;;
Low-income countries;;1993;0.21791697;4.70935;3.5999024;0.54090047;0.081440195;;;;
Low-income countries;;1994;0.21772477;4.7093973;3.5991015;0.54113775;0.080784164;;;;
Low-income countries;;1995;0.21750939;4.712856;3.5986948;0.54149044;0.08020063;;;;
Low-income countries;;1996;0.21719363;4.72198;3.5991526;0.54191315;0.07956912;;;;
Low-income countries;;1997;0.21677841;4.7349505;3.6006596;0.5422181;0.078971945;;;;
Low-income countries;;1998;0.21634533;4.7475004;3.6021466;0.5423698;0.078326434;;;;
Low-income countries;;1999;0.2159824;4.7572093;3.6033738;0.5424613;0.07782335;;;;
Low-income countries;;2000;0.21578544;4.7605186;3.6043997;0.54266167;0.07759326;;;;
Low-income countries;;2001;0.21579714;4.7589655;3.6032338;0.543117;0.077584304;;;;
Low-income countries;;2002;0.21595302;4.756297;3.5991738;0.54372436;0.07764757;;;;
Low-income countries;;2003;0.21616486;4.7512584;3.5934763;0.5441992;0.07792109;;;;
Low-income countries;;2004;0.2163476;4.745702;3.5890381;0.54460084;0.07819857;;;;
Low-income countries;;2005;0.21640232;4.73991;3.5882282;0.54501736;0.07845996;;;;
Low-income countries;;2006;0.2162876;4.730962;3.589516;0.54541004;0.0787891;;;;
Low-income countries;;2007;0.21608306;4.717459;3.5913565;0.5458915;0.07925834;;;;
Low-income countries;;2008;0.21584496;4.7016406;3.5938635;0.5464234;0.07982525;;;;
Low-income countries;;2009;0.21563268;4.687993;3.5971503;0.5469559;0.08027733;;;;
Low-income countries;;2010;0.21550067;4.679144;3.6017978;0.5474717;0.08098527;;;;
Low-income countries;;2011;0.21547665;4.671196;3.6110175;0.54803526;0.08177545;;;;
Low-income countries;;2012;0.21553928;4.659665;3.625562;0.54866385;0.08283041;;;;
Low-income countries;;2013;0.21564387;4.647731;3.6419826;0.5492665;0.08406038;;;;
Low-income countries;;2014;0.21574539;4.6386766;3.656968;0.5497969;0.08515881;;;;
Low-income countries;;2015;0.21579258;4.636626;3.6673262;0.55031466;0.08617447;;;;
Low-income countries;;2016;0.21591039;4.6398854;3.67793;0.55091745;0.087403;;;;
Low-income countries;;2017;0.21604596;4.6439705;3.6863492;0.5515568;0.088451296;;;;
Low-income countries;;2018;0.2161651;4.651224;3.6870875;0.55218554;0.089229874;;;;
Low-income countries;;2019;0.21637918;4.6618643;3.6828394;0.55281425;0.089781515;;;;
Lower-middle-income countries;;1990;0.27249265;3.8174398;3.2584946;0.41431606;0.09316162;;;;
Lower-middle-income countries;;1991;0.27270076;3.882053;3.253185;0.41450492;0.093389295;;;;
Lower-middle-income countries;;1992;0.272859;3.9375842;3.2462375;0.4146799;0.09367194;;;;
Lower-middle-income countries;;1993;0.27296314;3.9813058;3.238094;0.41482586;0.0939535;;;;
Lower-middle-income countries;;1994;0.2730066;4.009784;3.2293522;0.41493732;0.09421162;;;;
Lower-middle-income countries;;1995;0.27298218;4.0194383;3.2206032;0.41502008;0.09450413;;;;
Lower-middle-income countries;;1996;0.27286923;4.014923;3.2009263;0.415099;0.09477753;;;;
Lower-middle-income countries;;1997;0.27268413;4.005127;3.166554;0.41518158;0.09510406;;;;
Lower-middle-income countries;;1998;0.27247742;3.9938056;3.128723;0.41525778;0.09548014;;;;
Lower-middle-income countries;;1999;0.27229854;3.9841726;3.098639;0.41533646;0.095982224;;;;
Lower-middle-income countries;;2000;0.2721915;3.9797282;3.0873654;0.41542718;0.09655394;;;;
Lower-middle-income countries;;2001;0.27219144;3.9856348;3.0913079;0.41551793;0.0972889;;;;
Lower-middle-income countries;;2002;0.27226958;3.999286;3.0987785;0.41561902;0.09819289;;;;
Lower-middle-income countries;;2003;0.27237964;4.0154185;3.1083791;0.41574243;0.09920579;;;;
Lower-middle-income countries;;2004;0.27247593;4.027881;3.118795;0.41591203;0.100326404;;;;
Lower-middle-income countries;;2005;0.27251196;4.030484;3.1286166;0.4161506;0.101534374;;;;
Lower-middle-income countries;;2006;0.27247715;3.9884615;3.1498485;0.4163758;0.10283862;;;;
Lower-middle-income countries;;2007;0.2724108;3.8943017;3.1882298;0.41652656;0.10449089;;;;
Lower-middle-income countries;;2008;0.27234676;3.7818131;3.2328475;0.41667137;0.1062607;;;;
Lower-middle-income countries;;2009;0.2723234;3.6851275;3.2724874;0.4168142;0.10808379;;;;
Lower-middle-income countries;;2010;0.27238065;3.6382694;3.2955966;0.416908;0.10981485;;;;
Lower-middle-income countries;;2011;0.27282745;3.6291625;3.307017;0.4169282;0.111551985;;;;
Lower-middle-income countries;;2012;0.27374798;3.6233408;3.318773;0.4169027;0.11341999;;;;
Lower-middle-income countries;;2013;0.27484077;3.6198285;3.3301494;0.4169218;0.11532743;;;;
Lower-middle-income countries;;2014;0.27580822;3.6184375;3.3401725;0.4170116;0.11737048;;;;
Lower-middle-income countries;;2015;0.27635413;3.618356;3.3477213;0.4171738;0.119396426;;;;
Lower-middle-income countries;;2016;0.27657497;3.6183755;3.3539553;0.4173961;0.121894024;;;;
Lower-middle-income countries;;2017;0.2766293;3.618725;3.3583412;0.41766593;0.12415139;;;;
Lower-middle-income countries;;2018;0.27633566;3.616914;3.3514168;0.4179861;0.12564765;;;;
Lower-middle-income countries;;2019;0.2757216;3.6115844;3.3327048;0.41834548;0.12693328;;;;
Luxembourg;LUX;1990;0.27887928;3.8333993;5.3204165;0.8974192;0.44226694;11.7114;12778792854.0;;75.43831707
Luxembourg;LUX;1991;0.27881005;3.8173668;5.3231664;0.89736336;0.44824496;12.157;13834219728.0;1.482;75.46341463
Luxembourg;LUX;1992;0.27876824;3.8014734;5.32682;0.8973365;0.45431757;11.8177;15518702635.0;2.029;75.77073171
Luxembourg;LUX;1993;0.27874652;3.78266;5.3308725;0.89733475;0.46137854;12.0501;15925521222.0;2.33;75.71219512
Luxembourg;LUX;1994;0.27874544;3.7634497;5.334695;0.8973408;0.4680975;11.1967;17701798891.0;3.48;76.37073171
Luxembourg;LUX;1995;0.27874634;3.7450957;5.3371887;0.89736915;0.47405398;8.9767;20853093870.0;2.918;76.51219512
Luxembourg;LUX;1996;0.27882823;3.7249758;5.3416696;0.89740914;0.47958273;8.9962;20895314658.0;3.286;76.5195122
Luxembourg;LUX;1997;0.27900323;3.7008712;5.3494477;0.897455;0.4854611;8.495;19563836265.0;2.527;76.8804878
Luxembourg;LUX;1998;0.27920192;3.6728063;5.357782;0.89750755;0.49048683;7.8013;20150053345.0;2.763;77.01707317
Luxembourg;LUX;1999;0.27937478;3.6438506;5.3648443;0.897547;0.49646106;8.1658;21899317599.0;2.39;77.77073171
Luxembourg;LUX;2000;0.2794592;3.6138225;5.368072;0.89756346;0.5011979;8.8007;21230182989.0;2.345;77.87317073
Luxembourg;LUX;2001;0.2795102;3.5798662;5.367767;0.8975746;0.5074781;9.3341;21387533703.0;1.805;77.82439024
Luxembourg;LUX;2002;0.27958715;3.5407233;5.3659873;0.8975811;0.5134516;10.0321;23649833332.0;2.621;77.96585366
Luxembourg;LUX;2003;0.27967557;3.497702;5.36274;0.89754826;0.5201227;10.4541;29667268248.0;3.675;77.72682927
Luxembourg;LUX;2004;0.279773;3.4582348;5.358347;0.8974474;0.5255238;11.8802;35064843793.0;5.113;79.12195122
Luxembourg;LUX;2005;0.2798686;3.423667;5.354965;0.89731413;0.52993685;12.1141;37672280120.0;4.488;79.43170732
Luxembourg;LUX;2006;0.2800365;3.3892338;5.3505;0.8973172;0.5335204;11.942;42910146296.0;4.731;79.28780488
Luxembourg;LUX;2007;0.28032798;3.3447187;5.341905;0.89737165;0.5369901;11.3415;51587401416.0;4.065;79.38292683
Luxembourg;LUX;2008;0.28066516;3.300281;5.331026;0.89736843;0.5408367;11.2125;58844277702.0;5.06;80.53902439
Luxembourg;LUX;2009;0.2809533;3.2632885;5.3204775;0.8972925;0.5445319;10.6097;54467289898.0;5.122;80.63658537
Luxembourg;LUX;2010;0.2811092;3.2427266;5.3144484;0.89718467;0.5471647;11.2133;56213985987.0;4.361;80.63170732
Luxembourg;LUX;2011;0.28109607;3.2346246;5.3125076;0.8969854;0.5495831;11.0899;61696281326.0;4.902;80.98780488
Luxembourg;LUX;2012;0.2809691;3.226385;5.3124857;0.8967775;0.55233777;10.8676;59776383527.0;5.14;81.39268293
Luxembourg;LUX;2013;0.2808299;3.2193387;5.313485;0.896586;0.5543539;10.3234;65203276467.0;5.848;81.8
Luxembourg;LUX;2014;0.28070474;3.213686;5.3140073;0.8964564;0.55658114;9.8198;68804811898.0;5.852;82.22926829
Luxembourg;LUX;2015;0.2806614;3.212435;5.3122964;0.8963835;0.5586582;9.3093;60071584216.0;6.669;82.29268293
Luxembourg;LUX;2016;0.28114262;3.2098074;5.2900987;0.8962699;0.56215495;9.0413;62216885436.0;6.291;82.68536585
Luxembourg;LUX;2017;0.28168043;3.210875;5.268558;0.89622927;0.5653662;9.1882;65712180343.0;5.522;82.09512195
Luxembourg;LUX;2018;0.28184295;3.2119503;5.268371;0.8961744;0.566971;9.4975;71000359760.0;5.585;82.29512195
Luxembourg;LUX;2019;0.2819182;3.2193074;5.2770224;0.896122;0.5688226;9.6735;69890505324.0;5.595;82.63902439
Madagascar;MDG;1990;0.21322207;4.868791;3.8199873;0.59744346;0.08864826;0.9078;3931334875.0;;51.701
Madagascar;MDG;1991;0.21296;4.8615417;3.8208382;0.5974454;0.087999344;0.9706;3254713056.0;6.14;52.357
Madagascar;MDG;1992;0.21272367;4.8540792;3.8217278;0.5974466;0.087108456;0.9831;3714966678.0;6.251;53.039
Madagascar;MDG;1993;0.21252473;4.847176;3.82274;0.5974474;0.08694806;1.019;4063298919.0;6.3;53.906
Madagascar;MDG;1994;0.21237473;4.840284;3.8239772;0.5974475;0.086166136;1.2553;3522227092.0;6.09;54.436
Madagascar;MDG;1995;0.2122867;4.835948;3.8252988;0.5974472;0.08556572;1.4148;3838100904.0;6.078;54.961
Madagascar;MDG;1996;0.21222806;4.830144;3.8271253;0.59744614;0.08536844;1.3589;4931861039.0;6.082;55.522
Madagascar;MDG;1997;0.21216618;4.8222136;3.8296409;0.5974447;0.08484738;1.4909;4262965420.0;5.963;56.223
Madagascar;MDG;1998;0.21211517;4.81256;3.8323781;0.59744287;0.08448516;1.6645;4401967633.0;5.896;56.917
Madagascar;MDG;1999;0.21208856;4.803259;3.8350132;0.59744096;0.0839854;1.7075;4277903780.0;5.82;57.372
Madagascar;MDG;2000;0.21210092;4.796267;3.8369496;0.5974387;0.08389087;1.6941;4629247204.0;5.8;57.938
Madagascar;MDG;2001;0.21224418;4.7904916;3.8394876;0.59743553;0.083832845;1.7103;5438332602.0;5.35;58.57
Madagascar;MDG;2002;0.21253169;4.7812185;3.8436754;0.59743226;0.08360233;1.166;5351701663.0;5.52;58.892
Madagascar;MDG;2003;0.21286142;4.7701364;3.8483775;0.5974288;0.083601624;1.5494;6372498890.0;5.01;59.491
Madagascar;MDG;2004;0.21313192;4.761856;3.8524582;0.59742516;0.08347522;1.6759;5064732626.0;3.952;60.149
Madagascar;MDG;2005;0.21324223;4.755382;3.8546543;0.5974212;0.08336993;1.788;5859269753.0;2.62;60.57
Madagascar;MDG;2006;0.21309724;4.751082;3.8561323;0.5974171;0.083123066;1.7143;6395712491.0;2.945;61.315
Madagascar;MDG;2007;0.21275374;4.7455225;3.8587575;0.5974129;0.08286195;1.8033;8524620890.0;3.2;61.757
Madagascar;MDG;2008;0.21233812;4.7415338;3.86218;0.59740883;0.08265806;1.8699;10725137724.0;3.428;62.142
Madagascar;MDG;2009;0.21197648;4.7361617;3.8661087;0.59740484;0.08235554;1.7758;9616879409.0;3.883;62.734
Madagascar;MDG;2010;0.21179509;4.7337127;3.870147;0.59740096;0.0823218;1.9681;9982711338.0;4.28;62.873
Madagascar;MDG;2011;0.2117713;4.7282386;3.8781087;0.59739727;0.082443796;2.2941;11551819618.0;2.518;63.494
Madagascar;MDG;2012;0.21178715;4.72732;3.89215;0.5973938;0.083343446;2.8503;11578975062.0;0.599;63.544
Madagascar;MDG;2013;0.21182606;4.7223735;3.9091225;0.59739053;0.08375502;3.049;12423555455.0;0.995;63.962
Madagascar;MDG;2014;0.21187127;4.720966;3.925906;0.59738755;0.08390671;3.1332;12522957399.0;1.385;64.255
Madagascar;MDG;2015;0.21190597;4.719717;3.9392884;0.59738475;0.0846299;3.4179;11323020701.0;1.785;64.339
Madagascar;MDG;2016;0.21197492;4.7171288;3.960613;0.5973825;0.08539277;3.2507;11848613858.0;1.944;64.997
Madagascar;MDG;2017;0.2120523;4.719623;3.9780207;0.5973802;0.08567255;3.5521;13176313594.0;2.113;65.094
Madagascar;MDG;2018;0.21215644;4.725518;3.9762337;0.59737813;0.086278476;3.3765;13760033282.0;2.289;65.27
Madagascar;MDG;2019;0.21233796;4.737187;3.9632103;0.59737605;0.086541794;4.0003;14104664679.0;2.46;65.882
Malawi;MWI;1990;0.19984414;4.274144;3.6943755;0.5773631;0.0748392;1.5424;2737087862.0;;43.323
Malawi;MWI;1991;0.19978184;4.277921;3.6961844;0.577375;0.07409848;1.7822;3206783830.0;4.876;43.312
Malawi;MWI;1992;0.19971992;4.282934;3.6987226;0.5773854;0.07353475;1.9444;2618837835.0;5.036;43.413
Malawi;MWI;1993;0.19964638;4.2885118;3.7034094;0.5773932;0.07329225;1.9692;3013392658.0;4.967;43.388
Malawi;MWI;1994;0.19957837;4.293027;3.708601;0.5773993;0.07329;2.0533;1719864761.0;5.333;43.561
Malawi;MWI;1995;0.1995558;4.2950826;3.710604;0.5774042;0.0732628;2.0968;2033701498.0;4.884;43.641
Malawi;MWI;1996;0.19954868;4.2894855;3.7112138;0.577408;0.073114336;2.2436;3319573750.0;4.929;43.441
Malawi;MWI;1997;0.19952556;4.2759886;3.7128522;0.5774111;0.07327617;2.5286;3875785863.0;4.69;43.131
Malawi;MWI;1998;0.19950408;4.25956;3.7149808;0.5774129;0.07364203;2.6815;2547609590.0;4.915;42.848
Malawi;MWI;1999;0.19950053;4.2443;3.7172823;0.5774161;0.07376798;2.746;2584478924.0;4.993;43.568
Malawi;MWI;2000;0.19953328;4.2319;3.719124;0.57741946;0.07374216;3.1203;2537307580.0;5.034;44.518
Malawi;MWI;2001;0.19977736;4.224106;3.720654;0.577421;0.0738181;3.1738;2498008665.0;5.202;45.895
Malawi;MWI;2002;0.20027967;4.2155585;3.722463;0.5774231;0.07359066;3.1325;5087328438.0;5.229;47.221
Malawi;MWI;2003;0.20086712;4.203532;3.724405;0.57742524;0.073538765;3.156;4669789300.0;5.151;48.79
Malawi;MWI;2004;0.2013665;4.1923923;3.7265174;0.57743;0.073578745;3.1533;5058726350.0;4.958;50.453
Malawi;MWI;2005;0.20160237;4.1794434;3.7288132;0.5774349;0.07353978;3.5721;5320409651.0;4.931;52.044
Malawi;MWI;2006;0.20159455;4.156117;3.7322226;0.5774375;0.07365002;3.795;5818279739.0;4.95;53.238
Malawi;MWI;2007;0.20150855;4.122539;3.7372653;0.5774394;0.07400433;4.0852;6451210219.0;4.876;53.946
Malawi;MWI;2008;0.20138662;4.086237;3.7432535;0.57744056;0.07474835;4.2923;7743617352.0;4.801;54.604
Malawi;MWI;2009;0.20127055;4.0581236;3.7495668;0.5774418;0.075002566;4.1511;9009887947.0;4.74;55.448
Malawi;MWI;2010;0.20119998;4.0452785;3.7555363;0.5774415;0.07531103;4.4932;10128323011.0;4.787;56.381
Malawi;MWI;2011;0.20114706;4.0469246;3.7646787;0.5774381;0.07585587;5.735;11648142958.0;4.835;57.455
Malawi;MWI;2012;0.20107041;4.058521;3.778975;0.57743293;0.07690409;5.685;8773203178.0;4.951;58.679
Malawi;MWI;2013;0.20098796;4.0732293;3.7954226;0.57742625;0.07749397;5.0176;8031571928.0;4.978;59.729
Malawi;MWI;2014;0.20091899;4.0863543;3.8110304;0.5774186;0.0780287;4.975;8801326169.0;4.966;60.899
Malawi;MWI;2015;0.20088124;4.094196;3.8227985;0.5774095;0.07861743;4.9047;9219474379.0;4.95;61.378
Malawi;MWI;2016;0.20091692;4.096799;3.839767;0.57739866;0.0787787;4.8788;7909868618.0;5.003;62.209
Malawi;MWI;2017;0.20101666;4.097673;3.8535287;0.5773871;0.07898204;5.3622;8943543677.0;5.033;62.977
Malawi;MWI;2018;0.20130596;4.097816;3.8533912;0.5773755;0.07931635;5.4914;9880675786.0;5.003;63.276
Malawi;MWI;2019;0.20184024;4.100136;3.8456526;0.5773636;0.0793044;5.4981;11077305330.0;4.949;64.119
Malaysia;MYS;1990;0.29924533;3.2843397;4.4274073;0.33984116;0.11065104;56.4943;44024585240.0;;71.307
Malaysia;MYS;1991;0.3002181;3.2838538;4.4337764;0.3398161;0.112031296;67.9256;49143148094.0;3.694;71.442
Malaysia;MYS;1992;0.30116302;3.2789493;4.438454;0.33977947;0.11384484;71.2937;59167550163.0;3.71;71.526
Malaysia;MYS;1993;0.30203485;3.2726262;4.4419947;0.33974573;0.11520641;77.7196;66894966969.0;4.11;71.826
Malaysia;MYS;1994;0.3027883;3.2653735;4.445126;0.33971882;0.11641174;83.531;74478356958.0;3.64;72.163
Malaysia;MYS;1995;0.3033831;3.258121;4.448644;0.33969653;0.11758228;89.9788;88705342903.0;3.15;72.384
Malaysia;MYS;1996;0.30394402;3.231778;4.460454;0.33967876;0.11947188;102.8213;101000000000.0;2.52;72.327
Malaysia;MYS;1997;0.3045705;3.18664;4.4833097;0.3396548;0.12074093;110.2631;100000000000.0;2.45;72.284
Malaysia;MYS;1998;0.30519542;3.1318953;4.509204;0.3396391;0.12220828;110.7122;72167498981.0;3.2;72.168
Malaysia;MYS;1999;0.3057529;3.086555;4.5309043;0.33962962;0.12343349;119.5168;79148421053.0;3.43;72.283
Malaysia;MYS;2000;0.30618188;3.0666735;4.541181;0.3396195;0.12467012;129.3413;93789736842.0;3.0;72.775
Malaysia;MYS;2001;0.30664963;3.10664;4.542784;0.3396171;0.12562989;136.2591;92783947368.0;3.53;73.344
Malaysia;MYS;2002;0.30727074;3.2023182;4.5441093;0.33961767;0.126786;144.8027;101000000000.0;3.48;73.563
Malaysia;MYS;2003;0.3079072;3.3211672;4.5453877;0.33961773;0.12746042;153.5366;110000000000.0;3.61;73.796
Malaysia;MYS;2004;0.3084215;3.417513;4.547001;0.33961126;0.12860861;166.5623;125000000000.0;3.54;73.898
Malaysia;MYS;2005;0.30867872;3.4576256;4.54904;0.3395918;0.12959792;176.9273;144000000000.0;3.53;74.096
Malaysia;MYS;2006;0.3086782;3.4540431;4.5533485;0.33958212;0.13030624;184.4002;163000000000.0;3.32;74.164
Malaysia;MYS;2007;0.30856293;3.4450085;4.561408;0.3395804;0.13150518;201.6149;194000000000.0;3.23;74.211
Malaysia;MYS;2008;0.30841702;3.4369297;4.571566;0.33957645;0.13272792;212.9998;231000000000.0;3.32;74.25
Malaysia;MYS;2009;0.3083263;3.427719;4.5822515;0.33956364;0.13400963;192.8238;202000000000.0;3.66;74.227
Malaysia;MYS;2010;0.3083795;3.4241893;4.591769;0.3395344;0.13522072;211.2146;255000000000.0;3.39;74.442
Malaysia;MYS;2011;0.30902126;3.445935;4.5965233;0.33951622;0.13652377;213.6583;298000000000.0;3.05;74.746
Malaysia;MYS;2012;0.31034592;3.4948509;4.5961685;0.33950484;0.13831148;216.3157;314000000000.0;3.1;74.944
Malaysia;MYS;2013;0.3119112;3.5536094;4.59333;0.33949485;0.13950633;232.55;323000000000.0;3.16;75.035
Malaysia;MYS;2014;0.31327358;3.604767;4.591007;0.33948085;0.14107794;246.1679;338000000000.0;2.88;75.146
Malaysia;MYS;2015;0.31398985;3.6310363;4.5922904;0.33945796;0.14274836;247.2827;301000000000.0;3.1;75.094
Malaysia;MYS;2016;0.3136779;3.630625;4.6002536;0.33943984;0.14482899;242.7542;301000000000.0;3.44;75.289
Malaysia;MYS;2017;0.31333506;3.6300676;4.606148;0.3394242;0.14701252;234.9983;319000000000.0;3.41;75.476
Malaysia;MYS;2018;0.3144157;3.6410296;4.604654;0.339409;0.14841418;252.0649;359000000000.0;3.3;75.644
Malaysia;MYS;2019;0.316804;3.6630948;4.5992527;0.33939177;0.15047508;254.4234;365000000000.0;3.26;75.76
Maldives;MDV;1990;0.2933107;3.5458703;3.5922406;0.34072134;0.09112304;0.0931;215043969.8;;63.578
Maldives;MDV;1991;0.29400077;3.5463705;3.6009552;0.34073946;0.09188709;0.0941;244396761.9;0.795;64.304
Maldives;MDV;1992;0.29466856;3.5412507;3.608849;0.3407543;0.09286442;0.095;284875809.0;0.796;65.007
Maldives;MDV;1993;0.29529026;3.5355728;3.6158643;0.3407547;0.093680575;0.1084;322417837.2;0.792;65.739
Maldives;MDV;1994;0.29584643;3.5277593;3.6219194;0.34073648;0.094382666;0.2381;356014932.1;0.791;66.511
Maldives;MDV;1995;0.29632205;3.518685;3.6263666;0.34070486;0.09562668;0.309;398988955.0;0.79;67.476
Maldives;MDV;1996;0.29677108;3.5028493;3.6299207;0.34067464;0.096705355;0.3188;450382328.0;1.023;68.702
Maldives;MDV;1997;0.29723063;3.4738755;3.6336675;0.3406449;0.09798849;0.2924;508223602.4;1.257;69.225
Maldives;MDV;1998;0.29766136;3.4421215;3.6377366;0.34061262;0.098887004;0.3333;540096397.6;1.491;69.572
Maldives;MDV;1999;0.29803044;3.4084635;3.641878;0.34057745;0.10042951;0.3236;589239753.6;1.728;70.088
Maldives;MDV;2000;0.29830575;3.377101;3.6452703;0.34054902;0.10162822;0.7018;624337145.3;1.97;70.876
Maldives;MDV;2001;0.2986269;3.3485916;3.6474962;0.34053278;0.103187636;0.6034;870031676.8;3.062;72.181
Maldives;MDV;2002;0.29910642;3.3180187;3.6482105;0.34051153;0.104365446;0.7208;897031250.0;4.142;73.291
Maldives;MDV;2003;0.29964122;3.2851303;3.6480334;0.3404896;0.10591266;0.6147;1052121055.0;5.201;74.06
Maldives;MDV;2004;0.30013597;3.2511313;3.6472516;0.34046286;0.10775623;0.7844;1226829563.0;6.256;73.538
Maldives;MDV;2005;0.30049926;3.220321;3.6461484;0.34043407;0.10899967;0.7275;1163362438.0;7.394;74.751
Maldives;MDV;2006;0.3008562;3.188718;3.645498;0.34037417;0.11018835;0.8851;1575200391.0;8.478;75.13
Maldives;MDV;2007;0.30138385;3.1504307;3.6442056;0.34027687;0.11173513;0.8774;1868383461.0;9.537;75.686
Maldives;MDV;2008;0.302021;3.114636;3.6417525;0.34015715;0.11286145;0.9581;2271646188.0;10.515;76.543
Maldives;MDV;2009;0.30271712;3.080076;3.6372883;0.3400203;0.11368861;1.0211;2345294875.0;11.697;77.069
Maldives;MDV;2010;0.30342773;3.0521781;3.6297572;0.3398873;0.11445744;1.0716;2588176055.0;10.851;77.657
Maldives;MDV;2011;0.3045057;3.0279129;3.6229446;0.33973235;0.11533775;1.1679;2774350240.0;10.01;78.124
Maldives;MDV;2012;0.30612302;3.0043962;3.6195953;0.3395649;0.11573372;1.4692;2886163997.0;9.142;78.682
Maldives;MDV;2013;0.30793402;2.9840796;3.6174397;0.3393962;0.116349265;1.6384;3295009238.0;8.298;79.057
Maldives;MDV;2014;0.3095676;2.9645207;3.614093;0.33923423;0.11701911;2.2187;3697353039.0;7.461;79.424
Maldives;MDV;2015;0.31062207;2.9499943;3.607061;0.33909535;0.117580794;1.6292;4129505319.0;6.612;79.695
Maldives;MDV;2016;0.31015185;2.9383829;3.5991414;0.3389611;0.11916175;1.776;4409942624.0;5.77;79.872
Maldives;MDV;2017;0.30952844;2.9282813;3.5905697;0.3388336;0.12028283;1.8742;4816426257.0;5.376;79.943
Maldives;MDV;2018;0.31076163;2.919623;3.5832188;0.33871767;0.12107922;2.1476;5404344163.0;4.959;80.013
Maldives;MDV;2019;0.31349456;2.9122725;3.5796337;0.33861485;0.1219199;2.5345;5726094799.0;4.562;80.116
Mali;MLI;1990;0.20639898;3.6107862;2.6331053;0.54184127;0.07857376;0.3244;2681912149.0;;46.62
Mali;MLI;1991;0.20719235;3.6080606;2.6317391;0.541844;0.07921327;0.4096;2724131458.0;1.317;47.216
Mali;MLI;1992;0.20788805;3.6037316;2.630785;0.54184747;0.07944352;0.3739;2830673378.0;1.408;47.496
Mali;MLI;1993;0.20845477;3.6011498;2.63013;0.5418531;0.0798991;0.3634;2818281085.0;1.342;47.733
Mali;MLI;1994;0.2088623;3.5966322;2.6295738;0.5418625;0.08002693;0.364;2081846498.0;1.444;47.742
Mali;MLI;1995;0.20907313;3.588879;2.6291866;0.54187435;0.08017875;0.3703;2706425157.0;1.394;47.816
Mali;MLI;1996;0.20910184;3.5786707;2.6296468;0.54188716;0.08051119;0.406;2780422049.0;1.35;47.792
Mali;MLI;1997;0.20902658;3.5613835;2.6311438;0.5418993;0.08076034;0.4056;2697105823.0;1.34;48.531
Mali;MLI;1998;0.20890746;3.5408957;2.6331713;0.5419114;0.08074322;0.4202;2920358711.0;1.269;49.164
Mali;MLI;1999;0.20880757;3.522725;2.6350794;0.5419241;0.08101314;0.4281;3440724710.0;1.287;49.797
Mali;MLI;2000;0.20878895;3.5082839;2.636244;0.5419372;0.08126198;0.8217;2961484954.0;1.347;50.539
Mali;MLI;2001;0.20893668;3.495658;2.637361;0.541949;0.08161441;0.8427;3468337942.0;1.264;51.284
Mali;MLI;2002;0.20923033;3.4833596;2.6391513;0.54195917;0.08271999;0.8759;3908121307.0;1.297;52.222
Mali;MLI;2003;0.20957126;3.472728;2.6411457;0.5419695;0.08416464;0.8952;4714071980.0;1.206;52.893
Mali;MLI;2004;0.20985752;3.4644604;2.642791;0.5419788;0.08494869;0.9222;5454249126.0;1.36;53.538
Mali;MLI;2005;0.20998678;3.4572175;2.6435516;0.5419867;0.08565548;0.9507;6247515888.0;1.325;54.003
Mali;MLI;2006;0.20990567;3.451363;2.6430106;0.54199225;0.08601027;1.1485;6905934218.0;1.384;54.615
Mali;MLI;2007;0.20968808;3.4438162;2.641698;0.5419959;0.086697556;1.3647;8156468826.0;1.366;54.941
Mali;MLI;2008;0.20942338;3.4372442;2.6404824;0.5419992;0.087248005;1.5792;9838403101.0;1.394;55.291
Mali;MLI;2009;0.20919889;3.4323275;2.6401584;0.54200107;0.0877944;1.9906;10231962390.0;1.398;55.874
Mali;MLI;2010;0.20910008;3.431369;2.641624;0.54200065;0.0882647;2.0062;10689168016.0;1.382;56.382
Mali;MLI;2011;0.20914112;3.43889;2.6480243;0.54199666;0.08877202;2.1557;12995112690.0;1.408;56.755
Mali;MLI;2012;0.20925993;3.4532082;2.6598887;0.54199255;0.08915055;2.279;12442035339.0;1.49;57.079
Mali;MLI;2013;0.20942122;3.4714785;2.674387;0.5419893;0.08941345;2.7302;13242690786.0;1.54;57.357
Mali;MLI;2014;0.20958403;3.487501;2.6887765;0.5419856;0.08996971;2.9284;14364937124.0;1.492;57.9
Mali;MLI;2015;0.20971055;3.4958656;2.7002258;0.5419816;0.09029133;3.5238;13104764378.0;1.406;58.363
Mali;MLI;2016;0.2100517;3.5001907;2.7144477;0.5419771;0.091389395;4.4396;14026048336.0;1.367;58.731
Mali;MLI;2017;0.21045154;3.5027382;2.7254133;0.5419725;0.092217825;4.9105;15365713048.0;1.494;59.132
Mali;MLI;2018;0.21078324;3.5153913;2.7274408;0.54196745;0.0925209;5.2932;17070867590.0;1.62;59.393
Mali;MLI;2019;0.21123697;3.5413845;2.7260087;0.5419619;0.092865065;5.7857;17280250810.0;2.414;59.664
Malta;MLT;1990;0.2741612;3.187725;6.2212906;0.91806436;0.3099353;2.3218;2547163582.0;;75.87997561
Malta;MLT;1991;0.27425355;3.1619573;6.2310376;0.91792446;0.31354183;2.2179;2750041434.0;6.357;75.35546341
Malta;MLT;1992;0.2743691;3.1409743;6.239746;0.9177682;0.317346;2.1757;3021910217.0;6.353;75.27712195
Malta;MLT;1993;0.27448785;3.1231563;6.2466936;0.9176629;0.32054442;2.8129;2709178327.0;6.349;76.59934146
Malta;MLT;1994;0.27460524;3.1084192;6.2507086;0.91746145;0.32494164;2.5151;2998570147.0;6.346;76.49985366
Malta;MLT;1995;0.27471244;3.100091;6.252193;0.9172692;0.32864913;2.3857;3720400049.0;6.342;77.2902439
Malta;MLT;1996;0.27488536;3.0946991;6.2516904;0.9171397;0.33276403;2.3311;3822882325.0;6.339;77.34146341
Malta;MLT;1997;0.27518606;3.0913475;6.2509894;0.9169763;0.33779302;2.4768;3793418975.0;6.335;77.73902439
Malta;MLT;1998;0.27550757;3.0853226;6.250175;0.9168464;0.34251398;2.3837;4010571334.0;6.331;77.58780488
Malta;MLT;1999;0.2757772;3.082171;6.2492867;0.91665447;0.34730086;2.4176;4121350624.0;6.328;77.5
Malta;MLT;2000;0.27591363;3.0797925;6.2491693;0.91645706;0.35135493;2.1348;4069515557.0;6.324;78.34878049
Malta;MLT;2001;0.27589357;3.0735106;6.254055;0.9160803;0.35527304;2.4948;4088368962.0;7.107;78.84390244
Malta;MLT;2002;0.27582985;3.069744;6.2646356;0.915373;0.359242;2.3241;4470446352.0;6.902;78.73902439
Malta;MLT;2003;0.2757376;3.0650628;6.277257;0.9145631;0.3627037;2.6134;5448415540.0;7.488;78.54634146
Malta;MLT;2004;0.27564198;3.05765;6.287566;0.9138543;0.36609092;2.6067;6098092512.0;7.317;79.25365854
Malta;MLT;2005;0.27558514;3.0513031;6.292054;0.91344655;0.3693535;2.6347;6416184236.0;6.923;79.3
Malta;MLT;2006;0.27552626;3.039142;6.290441;0.91330427;0.3716849;2.6599;6778324087.0;6.798;79.43902439
Malta;MLT;2007;0.27544096;3.0209856;6.28564;0.9131695;0.37372634;2.7239;7925371459.0;6.472;79.79268293
Malta;MLT;2008;0.27536783;2.999086;6.28068;0.91304904;0.37602434;2.7325;9090406750.0;5.977;79.63658537
Malta;MLT;2009;0.275304;2.9828532;6.2759886;0.91295666;0.3780618;2.5184;8696366869.0;6.896;80.24146341
Malta;MLT;2010;0.27529678;2.975985;6.273884;0.9128468;0.38009652;2.5952;9035824366.0;6.861;81.39756098
Malta;MLT;2011;0.27541226;2.9820638;6.276601;0.91275734;0.38258132;2.5823;9638728635.0;6.388;80.74634146
Malta;MLT;2012;0.27564093;2.995023;6.2834086;0.9126444;0.38524866;2.7249;9461776292.0;6.203;80.74634146
Malta;MLT;2013;0.27594712;3.0117989;6.291862;0.91255623;0.38866204;2.3826;10551030597.0;6.115;81.74634146
Malta;MLT;2014;0.27624458;3.027195;6.2975945;0.9124973;0.39305118;2.3693;11625848975.0;5.737;82.04634146
Malta;MLT;2015;0.2764986;3.034439;6.297858;0.9124354;0.3973738;1.6721;11091483660.0;5.389;81.89756098
Malta;MLT;2016;0.27743587;3.031466;6.2660394;0.9123734;0.4044034;1.3653;11668015566.0;4.694;82.45365854
Malta;MLT;2017;0.27829307;3.0303495;6.233048;0.9122766;0.41207325;1.5344;13484541926.0;4.008;82.34634146
Malta;MLT;2018;0.278044;3.0634034;6.2330823;0.91221607;0.41727132;1.5666;15404393365.0;3.665;82.44878049
Malta;MLT;2019;0.27710927;3.1311812;6.2475963;0.9121692;0.42228425;1.6725;16004563886.0;3.627;82.85853659
Marshall Islands;MHL;1990;0.27195677;2.9676588;3.9166956;0.26548895;0.07651365;0.0;78476000.0;;62.176
Marshall Islands;MHL;1991;0.27294904;2.9657316;3.923355;0.26549208;0.076907806;0.0;82507000.0;;62.282
Marshall Islands;MHL;1992;0.27371502;2.963315;3.9296255;0.2654956;0.07729339;0.0;91063000.0;;62.383
Marshall Islands;MHL;1993;0.27426;2.9604063;3.935052;0.2655017;0.07756208;0.0;99461000.0;;62.476
Marshall Islands;MHL;1994;0.2745899;2.9572704;3.9388316;0.26552507;0.07812736;0.0;108071000.0;;62.558
Marshall Islands;MHL;1995;0.27471507;2.9546816;3.940429;0.2655589;0.07808463;0.0;120230000.0;;62.774
Marshall Islands;MHL;1996;0.2743591;2.9512591;3.942477;0.26559553;0.07777695;0.0;110858000.0;;63.034
Marshall Islands;MHL;1997;0.27350366;2.9470012;3.9455874;0.26563093;0.07749068;0.0;109884681.7;;63.225
Marshall Islands;MHL;1998;0.2724809;2.9425094;3.948751;0.26566467;0.07698319;0.0;112070114.1;;63.364
Marshall Islands;MHL;1999;0.2716212;2.9393945;3.9510102;0.26569536;0.07652898;0.0;113352058.4;;63.48
Marshall Islands;MHL;2000;0.27126497;2.9357824;3.9509404;0.26572618;0.076405086;0.0;114838470.5;;63.275
Marshall Islands;MHL;2001;0.2715988;2.9344957;3.9463944;0.2657534;0.07655171;0.0;122406127.9;;63.642
Marshall Islands;MHL;2002;0.27240196;2.930887;3.9372559;0.26577967;0.07674551;0.0;131959976.2;;63.719
Marshall Islands;MHL;2003;0.27336594;2.9280841;3.9267397;0.26580557;0.07676986;0.0;131128479.0;;63.745
Marshall Islands;MHL;2004;0.27417988;2.9243243;3.9182262;0.26582727;0.07716455;0.0;132791854.9;;63.695
Marshall Islands;MHL;2005;0.2745417;2.9208896;3.9146512;0.26585168;0.07746214;0.0;137815414.4;;63.585
Marshall Islands;MHL;2006;0.27440262;2.9155493;3.9194593;0.26586547;0.077649415;0.0;142922515.9;;63.489
Marshall Islands;MHL;2007;0.27403006;2.9061663;3.9308162;0.26587918;0.0777653;0.0;150104705.8;;63.36
Marshall Islands;MHL;2008;0.27356958;2.897725;3.945165;0.2658934;0.078038156;0.0;146208160.4;;63.236
Marshall Islands;MHL;2009;0.27316535;2.8893328;3.959064;0.26590413;0.07837447;0.0005;150886459.4;;63.23
Marshall Islands;MHL;2010;0.27296603;2.8844597;3.9687126;0.26591712;0.07853874;0.0;160629516.6;;63.226
Marshall Islands;MHL;2011;0.27296552;2.882772;3.9767232;0.26591635;0.07894538;0.0;172044509.9;;63.256
Marshall Islands;MHL;2012;0.273039;2.8803272;3.986284;0.2659155;0.07953304;0.0;180302078.2;;63.373
Marshall Islands;MHL;2013;0.2731451;2.878649;3.9956906;0.26591498;0.08008452;0.0;185817016.6;;63.464
Marshall Islands;MHL;2014;0.27324277;2.8771148;4.003294;0.2659126;0.08053359;0.0;185446395.9;;63.623
Marshall Islands;MHL;2015;0.27329284;2.8762221;4.0073237;0.26591104;0.08103024;0.0;183222930.9;;63.827
Marshall Islands;MHL;2016;0.27361345;2.877948;4.000885;0.26590028;0.0815003;0.0;200900711.1;;64.057
Marshall Islands;MHL;2017;0.2738833;2.8791304;3.9940746;0.26589003;0.08186238;0.0;212935714.7;;64.27
Marshall Islands;MHL;2018;0.27351204;2.882795;4.000562;0.26588026;0.08225703;0.0;219430038.5;;64.5
Marshall Islands;MHL;2019;0.27260956;2.8873966;4.0164247;0.26586974;0.08263287;0.0;231996704.1;;64.746
Mauritania;MRT;1990;0.21758702;3.7627861;2.729957;0.5560284;0.10205052;0.7175;1506914408.0;;59.77
Mauritania;MRT;1991;0.21817058;3.7561738;2.727965;0.5560373;0.10211828;0.9179;2133692697.0;9.888;59.936
Mauritania;MRT;1992;0.21863504;3.746328;2.7261157;0.55604655;0.102063015;2.3547;2164298425.0;9.954;60.261
Mauritania;MRT;1993;0.21897848;3.7386756;2.7243934;0.5560601;0.10190878;2.3254;1847353211.0;9.757;60.379
Mauritania;MRT;1994;0.21918769;3.7291138;2.7231755;0.5560678;0.10214992;2.4216;1944876755.0;9.873;60.336
Mauritania;MRT;1995;0.21926294;3.7216244;2.7223227;0.55607736;0.10179721;2.4952;2091726101.0;9.674;60.259
Mauritania;MRT;1996;0.21912223;3.7113748;2.7216268;0.5560865;0.10163453;2.4906;2132087009.0;9.673;60.063
Mauritania;MRT;1997;0.21877408;3.6955209;2.7209659;0.55609465;0.10134354;2.4624;2071996564.0;9.694;60.452
Mauritania;MRT;1998;0.21835224;3.6789625;2.720331;0.55610466;0.101147346;2.509;2032347665.0;9.863;60.609
Mauritania;MRT;1999;0.21798837;3.6640854;2.7200823;0.5561097;0.10057267;2.5298;1985922776.0;9.912;60.819
Mauritania;MRT;2000;0.21781775;3.6522398;2.7200859;0.55611604;0.100447245;1.092;1779520886.0;9.903;61.028
Mauritania;MRT;2001;0.21790665;3.6408713;2.7211463;0.556122;0.100501224;1.1832;1746063558.0;10.002;61.185
Mauritania;MRT;2002;0.21816137;3.627144;2.7234426;0.5561265;0.10084803;1.3037;1777057481.0;10.076;61.268
Mauritania;MRT;2003;0.21847463;3.6134937;2.7259855;0.55612904;0.100876525;1.3604;2051147607.0;9.817;61.347
Mauritania;MRT;2004;0.21874514;3.6020732;2.7282462;0.55613065;0.10131626;1.4996;2362501023.0;9.696;61.593
Mauritania;MRT;2005;0.21886759;3.5931926;2.7291431;0.55613106;0.10152329;1.5473;2936019526.0;9.538;61.656
Mauritania;MRT;2006;0.21881235;3.5838325;2.7281525;0.5561309;0.102403045;1.711;3919577286.0;9.287;61.891
Mauritania;MRT;2007;0.21866147;3.5734928;2.7259085;0.5561295;0.10351484;1.8975;4346212355.0;9.455;62.228
Mauritania;MRT;2008;0.2184782;3.5634582;2.723158;0.55612546;0.10431892;2.1263;5206437194.0;9.681;62.399
Mauritania;MRT;2009;0.21833332;3.5573015;2.7210653;0.55612296;0.105628274;2.0822;4714595548.0;10.155;62.8
Mauritania;MRT;2010;0.2182882;3.553497;2.720303;0.55611914;0.106220804;2.1257;5628878798.0;10.054;63.105
Mauritania;MRT;2011;0.21837278;3.56038;2.7216191;0.55611515;0.10745739;2.2567;6764627746.0;9.956;63.346
Mauritania;MRT;2012;0.21854265;3.5776515;2.7246237;0.556111;0.10830133;2.5349;6728208836.0;9.865;63.578
Mauritania;MRT;2013;0.218751;3.600938;2.728389;0.55610615;0.10930629;2.3069;7223071097.0;9.931;63.911
Mauritania;MRT;2014;0.21895811;3.6193888;2.7322915;0.5561021;0.11037303;2.6992;6592537782.0;10.03;64.155
Mauritania;MRT;2015;0.2191161;3.6299915;2.735382;0.55609757;0.1114123;2.7519;6166863897.0;10.109;64.485
Mauritania;MRT;2016;0.21947683;3.6293273;2.7432876;0.5560931;0.11254433;2.5487;6398747592.0;10.286;64.768
Mauritania;MRT;2017;0.2198419;3.6282685;2.750417;0.5560885;0.11336601;3.6203;6800135898.0;10.336;65.083
Mauritania;MRT;2018;0.22005863;3.6387846;2.7500813;0.55608404;0.11363023;3.8324;7473550557.0;10.438;65.31
Mauritania;MRT;2019;0.22032183;3.6558447;2.7462342;0.5560791;0.1137088;4.1237;7894764886.0;10.416;65.687
Mauritius;MUS;1990;0.29365417;4.1989784;3.7959893;0.33750996;0.10236324;1.1861;2689212760.0;;69.40487805
Mauritius;MUS;1991;0.2947939;4.189217;3.800708;0.3375076;0.10394928;1.2705;2895354736.0;9.541;69.95609756
Mauritius;MUS;1992;0.29587233;4.183146;3.805142;0.33750504;0.10547267;1.3423;3267677814.0;9.473;70.05853659
Mauritius;MUS;1993;0.29684022;4.1782155;3.8092847;0.33750582;0.10726463;1.48;3307302126.0;9.529;70.10731707
Mauritius;MUS;1994;0.29765517;4.176685;3.8129554;0.33750758;0.10872627;1.525;3606050873.0;9.531;70.15853659
Mauritius;MUS;1995;0.2982767;4.178459;3.8155494;0.33751082;0.10984031;1.5614;4094741652.0;9.59;70.32585366
Mauritius;MUS;1996;0.29882503;4.197481;3.8180172;0.33751333;0.110799715;1.6357;4481489762.0;9.502;70.32292683
Mauritius;MUS;1997;0.29941103;4.2450943;3.8212054;0.33751112;0.11201536;1.6426;4243755308.0;9.383;70.40487805
Mauritius;MUS;1998;0.2999722;4.3000045;3.8244584;0.33751205;0.11302557;1.8017;4225813976.0;9.26;70.60731707
Mauritius;MUS;1999;0.30044737;4.344197;3.8270044;0.33751357;0.1142412;2.2084;4402193195.0;9.275;70.96097561
Mauritius;MUS;2000;0.30077472;4.35557;3.8282468;0.33751497;0.115430675;2.4426;4726108622.0;9.132;71.66341463
Mauritius;MUS;2001;0.3010439;4.338044;3.8280184;0.33751425;0.116259746;2.5828;4675755867.0;9.14;71.76585366
Mauritius;MUS;2002;0.3013518;4.3108563;3.8271153;0.33750957;0.11684684;2.6364;4906494249.0;8.205;71.96585366
Mauritius;MUS;2003;0.30164915;4.278045;3.8260794;0.33750817;0.117963195;2.7605;5894873920.0;8.314;72.11707317
Mauritius;MUS;2004;0.30189013;4.2464776;3.8253438;0.33750492;0.11896121;2.7841;6667418752.0;8.337;72.26585366
Mauritius;MUS;2005;0.30202413;4.2151804;3.8257203;0.33750013;0.11971511;2.9783;6576108447.0;9.524;72.43219512
Mauritius;MUS;2006;0.30204606;4.1880627;3.8297505;0.33749452;0.12092388;3.3213;7028810681.0;9.04;72.43219512
Mauritius;MUS;2007;0.3020185;4.1560707;3.837657;0.337491;0.121690534;3.4134;8150150209.0;8.475;72.57073171
Mauritius;MUS;2008;0.30199245;4.1247196;3.8468163;0.33749077;0.12294609;3.4869;9990356674.0;7.17;72.57073171
Mauritius;MUS;2009;0.30202487;4.094263;3.8545072;0.33748835;0.12367765;3.4372;9128843109.0;7.257;72.88243902
Mauritius;MUS;2010;0.30217275;4.0656323;3.8577547;0.3374862;0.124887295;3.6747;10003670690.0;7.654;72.96731707
Mauritius;MUS;2011;0.3028433;4.023178;3.8565311;0.33748543;0.12592065;3.6556;11518413430.0;7.447;73.26682927
Mauritius;MUS;2012;0.30413693;3.959649;3.8531513;0.33748728;0.12745106;3.7428;11668696397.0;7.472;73.86341463
Mauritius;MUS;2013;0.30564746;3.8925085;3.8483856;0.33748975;0.1293128;3.8593;12292974141.0;7.322;74.01707317
Mauritius;MUS;2014;0.30697036;3.838286;3.8430538;0.3374917;0.130473;3.9889;13074129952.0;7.467;74.19439024
Mauritius;MUS;2015;0.30770013;3.8136356;3.8378968;0.33749476;0.13203654;4.0012;12007291046.0;7.41;74.35317073
Mauritius;MUS;2016;0.3074762;3.807705;3.820273;0.3374991;0.13465723;4.0756;12594155464.0;6.814;74.39487805
Mauritius;MUS;2017;0.3072266;3.8038397;3.803891;0.33750543;0.13683778;4.2152;13713506131.0;6.752;74.51463415
Mauritius;MUS;2018;0.30826133;3.8045406;3.8049724;0.3375113;0.13831872;4.1779;14735695931.0;6.427;74.41634146
Mauritius;MUS;2019;0.3104569;3.8047628;3.8150282;0.33751646;0.13929899;4.2119;14436346980.0;6.331;74.23585366
Mexico;MEX;1990;0.28178415;3.0490386;2.8834388;0.9155361;0.22548197;289.9776;261000000000.0;;69.971
Mexico;MEX;1991;0.28161806;3.0638828;2.8802207;0.9155357;0.22720195;307.8085;313000000000.0;3.145;70.298
Mexico;MEX;1992;0.28150085;3.07828;2.8786445;0.91552734;0.22865278;311.5049;363000000000.0;3.235;70.616
Mexico;MEX;1993;0.28142798;3.0916681;2.8784802;0.91552234;0.22978191;319.5474;530000000000.0;3.365;70.942
Mexico;MEX;1994;0.28139448;3.1036482;2.8795357;0.91553444;0.23073445;345.3089;554000000000.0;4.436;71.279
Mexico;MEX;1995;0.2813958;3.112532;2.8815963;0.9155738;0.23116794;325.5577;380000000000.0;7.095;71.646
Mexico;MEX;1996;0.2814858;3.1213078;2.9184458;0.91563857;0.23129871;341.5257;432000000000.0;5.465;72.037
Mexico;MEX;1997;0.2816807;3.1317494;3.006715;0.91572773;0.23143524;360.6132;523000000000.0;4.235;72.445
Mexico;MEX;1998;0.2819127;3.1428876;3.120639;0.91583;0.23136711;383.3937;557000000000.0;3.733;72.845
Mexico;MEX;1999;0.28211477;3.1540153;3.2342021;0.9159319;0.23165345;372.2562;631000000000.0;2.598;73.225
Mexico;MEX;2000;0.28222054;3.1646032;3.3211372;0.9160177;0.23189592;396.2258;742000000000.0;2.646;73.569
Mexico;MEX;2001;0.28221875;3.174818;3.391448;0.91606593;0.2324469;394.2897;796000000000.0;2.627;73.867
Mexico;MEX;2002;0.28216806;3.1859646;3.466498;0.9160858;0.23344405;400.3372;811000000000.0;3.003;74.106
Mexico;MEX;2003;0.28210717;3.1981246;3.5367515;0.91608244;0.23453975;420.3092;766000000000.0;3.455;74.274
Mexico;MEX;2004;0.28207493;3.2114294;3.5926807;0.9160581;0.23554108;429.8932;819000000000.0;3.937;74.372
Mexico;MEX;2005;0.28210998;3.2251909;3.624821;0.91601604;0.23616166;446.8733;918000000000.0;3.558;74.376
Mexico;MEX;2006;0.2823245;3.258041;3.6421173;0.9159548;0.23656824;463.5496;1020000000000.0;3.566;74.331
Mexico;MEX;2007;0.28272387;3.3167565;3.6582747;0.91588104;0.2371639;470.3536;1100000000000.0;3.628;74.238
Mexico;MEX;2008;0.28318757;3.385336;3.6707828;0.9158019;0.2377733;471.8303;1160000000000.0;3.874;74.152
Mexico;MEX;2009;0.28359538;3.4463758;3.6770377;0.915721;0.23818;461.1672;943000000000.0;5.356;74.119
Mexico;MEX;2010;0.2838278;3.483295;3.674324;0.9156385;0.23850219;476.5939;1110000000000.0;5.303;74.19
Mexico;MEX;2011;0.2839359;3.500861;3.652675;0.9155525;0.23843527;486.3982;1230000000000.0;5.175;74.365
Mexico;MEX;2012;0.28404537;3.5144846;3.61244;0.9154642;0.23817073;505.73;1260000000000.0;4.892;74.574
Mexico;MEX;2013;0.28415146;3.5244162;3.566378;0.91537565;0.23776746;493.7269;1330000000000.0;4.921;74.739
Mexico;MEX;2014;0.28424886;3.5309756;3.5272696;0.9152877;0.23748134;480.4615;1360000000000.0;4.819;74.797
Mexico;MEX;2015;0.28433225;3.533733;3.5079157;0.91520077;0.23766066;489.8045;1210000000000.0;4.311;74.682
Mexico;MEX;2016;0.28466198;3.5330222;3.5043697;0.9151132;0.23892775;496.2142;1110000000000.0;3.853;74.412
Mexico;MEX;2017;0.2849376;3.5321167;3.50363;0.91503173;0.24041297;498.902;1190000000000.0;3.419;74.138
Mexico;MEX;2018;0.2846377;3.5332587;3.5065103;0.9149546;0.24104139;474.7854;1260000000000.0;3.275;74.015
Mexico;MEX;2019;0.28389058;3.5358298;3.5132816;0.9148764;0.24183847;482.3012;1310000000000.0;3.477;74.202
Micronesia (country);FSM;1990;0.26974583;3.017696;3.9351912;0.2645919;0.076111615;0.0;147200000.0;;67.425
Micronesia (country);FSM;1991;0.2705274;3.0181816;3.9330575;0.26460797;0.076380275;0.0;166200000.0;;67.619
Micronesia (country);FSM;1992;0.27111423;3.0159783;3.9320307;0.26462132;0.076241136;0.0;178100000.0;;67.832
Micronesia (country);FSM;1993;0.2715115;3.0134134;3.9321036;0.26463276;0.07643268;0.0;198400000.0;;68.059
Micronesia (country);FSM;1994;0.2717242;3.0110216;3.9332626;0.26464263;0.076666;0.0;202500000.0;;68.095
Micronesia (country);FSM;1995;0.27175674;3.0072942;3.9354916;0.26465127;0.076837376;0.0;221575300.0;;68.553
Micronesia (country);FSM;1996;0.27141175;3.0031166;3.9403515;0.2646575;0.07672156;0.0;218534700.0;;68.776
Micronesia (country);FSM;1997;0.2706769;2.9940624;3.947845;0.26466054;0.07672313;0.0;206626300.0;;69.229
Micronesia (country);FSM;1998;0.26982048;2.9825275;3.9559343;0.26466072;0.0770103;0.0;218873100.0;;69.465
Micronesia (country);FSM;1999;0.26910797;2.972625;3.9625778;0.2646585;0.07670371;0.0;220140500.0;;69.706
Micronesia (country);FSM;2000;0.26880008;2.9661262;3.9658556;0.2646546;0.07672767;0.0;233271800.0;;69.769
Micronesia (country);FSM;2001;0.26908273;2.96041;3.9629204;0.26464364;0.07677474;0.0;240970900.0;;70.479
Micronesia (country);FSM;2002;0.26978624;2.9549644;3.9547665;0.26462972;0.076932386;0.0;242517200.0;;69.46
Micronesia (country);FSM;2003;0.27065092;2.9487803;3.9447625;0.26461452;0.07748122;0.0;245432900.0;;70.76
Micronesia (country);FSM;2004;0.27141654;2.9437397;3.936291;0.26459974;0.07756077;0.0;240236000.0;;70.838
Micronesia (country);FSM;2005;0.27182055;2.9381378;3.9328313;0.26458457;0.07789472;0.0;250281900.0;;70.884
Micronesia (country);FSM;2006;0.27190122;2.9316578;3.937196;0.26456606;0.078098625;0.0;253541900.0;;71.093
Micronesia (country);FSM;2007;0.27189833;2.925726;3.9475162;0.26454964;0.078028634;0.0;256787200.0;;71.06
Micronesia (country);FSM;2008;0.27184284;2.9173663;3.9606285;0.2645362;0.07801022;0.0;263145100.0;;71.137
Micronesia (country);FSM;2009;0.27176654;2.9118311;3.9733977;0.26452637;0.07803448;0.0;280284600.0;;71.112
Micronesia (country);FSM;2010;0.27170354;2.907238;3.9827142;0.26451692;0.07818546;0.0;296944100.0;;71.233
Micronesia (country);FSM;2011;0.2715208;2.9059074;3.9922802;0.2645072;0.07824919;0.0;311301600.0;;71.318
Micronesia (country);FSM;2012;0.27114743;2.9050593;4.005555;0.2645014;0.078524485;0.0;327248700.0;;71.398
Micronesia (country);FSM;2013;0.27071023;2.9044197;4.0193005;0.26449862;0.07856498;0.0;317214400.0;;71.499
Micronesia (country);FSM;2014;0.27033395;2.9034789;4.0302997;0.264498;0.078834265;0.0;319271200.0;;71.529
Micronesia (country);FSM;2015;0.27013943;2.901558;4.035527;0.26449427;0.078879476;0.0;316489900.0;;71.408
Micronesia (country);FSM;2016;0.2706685;2.8993163;4.0237045;0.26449245;0.07953688;0.0;325000000.0;;71.595
Micronesia (country);FSM;2017;0.27118325;2.898403;4.011266;0.26449198;0.079851426;0.0;359000000.0;;71.467
Micronesia (country);FSM;2018;0.2706428;2.9000447;4.017107;0.26449212;0.079781905;0.0;392000000.0;;71.318
Micronesia (country);FSM;2019;0.26928583;2.909947;4.0343943;0.26449215;0.08010233;0.0;394000000.0;;71.077
Moldova;MDA;1990;0.271778;3.6922894;4.1151733;0.5191524;0.117613874;31.7569;3571250000.0;;68.067
Moldova;MDA;1991;0.2711187;3.6661103;4.1132092;0.51912034;0.1148;25.5917;3083333333.0;1.9;66.977
Moldova;MDA;1992;0.27044982;3.6398072;4.111472;0.51909053;0.11213376;20.2917;2320435308.0;3.7;66.96
Moldova;MDA;1993;0.269799;3.6144516;4.10963;0.5190512;0.10981313;17.171;2371711383.0;3.7;66.543
Moldova;MDA;1994;0.26918662;3.5919025;4.108;0.5190112;0.106497146;13.9087;1702292856.0;5.8;65.07
Moldova;MDA;1995;0.26863354;3.5720315;4.106915;0.5189809;0.10387571;12.0044;1752979926.0;5.3;65.099
Moldova;MDA;1996;0.26800275;3.5561;4.106284;0.51895416;0.10059634;10.3159;1695122174.0;7.9;64.241
Moldova;MDA;1997;0.26723135;3.537745;4.1057606;0.51891994;0.09693836;9.4504;1930081169.0;7.9;65.172
Moldova;MDA;1998;0.2664535;3.517152;4.104984;0.5188745;0.09344309;8.5494;1698717505.0;10.0;65.505
Moldova;MDA;1999;0.2657999;3.499081;4.104168;0.5188279;0.09091576;7.2333;1170782957.0;11.14;65.561
Moldova;MDA;2000;0.2654025;3.479453;4.1030645;0.5187839;0.089648046;6.7171;1288429392.0;8.539;66.417
Moldova;MDA;2001;0.26514563;3.456156;4.1011677;0.5187466;0.08978215;7.0173;1480673594.0;7.366;66.787
Moldova;MDA;2002;0.2648636;3.426757;4.0982227;0.5187089;0.089984864;7.1595;1661818168.0;6.845;66.938
Moldova;MDA;2003;0.2646083;3.3977275;4.0948687;0.5186693;0.090403855;7.7103;1980907435.0;6.378;67.419
Moldova;MDA;2004;0.2644301;3.3683352;4.092045;0.51863146;0.09059783;7.7705;2598249556.0;6.374;67.861
Moldova;MDA;2005;0.26437804;3.34504;4.0906477;0.5186019;0.090638466;8.1728;2988342907.0;5.633;68.169
Moldova;MDA;2006;0.26449952;3.3229082;4.090475;0.5185809;0.091443025;7.9435;3408255451.0;4.26;68.479
Moldova;MDA;2007;0.2647665;3.2996175;4.0905833;0.5185575;0.092620276;7.8513;4401173152.0;2.749;68.947
Moldova;MDA;2008;0.26510882;3.2796276;4.0907645;0.5185317;0.09433866;7.7632;6054824248.0;2.097;69.394
Moldova;MDA;2009;0.2654559;3.2612622;4.09109;0.51850665;0.09600142;7.6323;5439434272.0;3.024;69.573
Moldova;MDA;2010;0.26573676;3.2514021;4.091556;0.5184858;0.09711585;8.3894;6974982370.0;2.972;69.357
Moldova;MDA;2011;0.26604795;3.2462409;4.0925145;0.51846766;0.098636076;8.4266;8414352020.0;2.677;69.192
Moldova;MDA;2012;0.26648247;3.2424574;4.093849;0.5184438;0.100388475;8.2455;8709138635.0;2.19;69.143
Moldova;MDA;2013;0.26696151;3.237703;4.0951;0.51841694;0.10183205;7.3433;9496717876.0;1.894;69.099
Moldova;MDA;2014;0.2674067;3.2341154;4.0958242;0.5183879;0.10367582;7.885;9402090138.0;1.451;69.031
Moldova;MDA;2015;0.2677392;3.231198;4.095845;0.5183614;0.10481612;8.1636;7797667197.0;1.781;69.24
Moldova;MDA;2016;0.26811123;3.2340887;4.088228;0.51833886;0.105834305;8.3042;7980917076.0;1.591;69.917
Moldova;MDA;2017;0.26844;3.2389572;4.079621;0.51831174;0.10678463;8.1896;9514404016.0;1.622;70.516
Moldova;MDA;2018;0.26864246;3.2329297;4.077924;0.5182804;0.10751453;8.7553;11252353421.0;1.239;70.492
Moldova;MDA;2019;0.26885495;3.22074;4.078755;0.5182467;0.10844338;9.0374;11736797055.0;1.502;70.935
Monaco;MCO;1990;0.29520628;4.066072;5.436551;0.9005452;0.7133047;;2481307077.0;;
Monaco;MCO;1991;0.29480532;4.0649405;5.4329977;0.90016156;0.7139325;;2480540845.0;;
Monaco;MCO;1992;0.29445067;4.0628815;5.4312263;0.8998443;0.71617675;;2737049231.0;;
Monaco;MCO;1993;0.29415745;4.060345;5.4297624;0.89952487;0.71766424;;2574494356.0;;
Monaco;MCO;1994;0.29392308;4.0586233;5.4282155;0.89923453;0.71968174;;2720332135.0;;
Monaco;MCO;1995;0.29377005;4.056157;5.4262686;0.89895844;0.72182703;;3130309995.0;;
Monaco;MCO;1996;0.2936311;4.0533276;5.425235;0.8987207;0.7234742;;3137886995.0;;
Monaco;MCO;1997;0.2934501;4.0505896;5.427477;0.8985657;0.7268136;;2840195190.0;;
Monaco;MCO;1998;0.2932671;4.0478377;5.430703;0.8983932;0.73011327;;2934593468.0;;
Monaco;MCO;1999;0.29309478;4.0445085;5.4328427;0.8982452;0.733062;;2907118641.0;;
Monaco;MCO;2000;0.2929869;4.0419908;5.434243;0.89811647;0.73671937;;2654462665.0;;
Monaco;MCO;2001;0.2929275;4.0393;5.4358087;0.8981582;0.74173766;;2673723034.0;;
Monaco;MCO;2002;0.29284722;4.037239;5.439575;0.8984865;0.74866617;;2919647982.0;;
Monaco;MCO;2003;0.29277125;4.03537;5.444866;0.8988182;0.7562728;;3597089751.0;;
Monaco;MCO;2004;0.29269055;4.0328455;5.448129;0.8990721;0.7630106;;4043551489.0;;
Monaco;MCO;2005;0.2926376;4.0325146;5.450615;0.89918345;0.76843107;;4204652899.0;;
Monaco;MCO;2006;0.29259428;4.034221;5.4502788;0.89925134;0.7732705;;4586826513.0;;
Monaco;MCO;2007;0.29249105;4.037372;5.4468336;0.8995161;0.779194;;5875790766.0;;
Monaco;MCO;2008;0.29240206;4.044163;5.4437776;0.89976704;0.78567034;;6502942245.0;;
Monaco;MCO;2009;0.2923635;4.04778;5.440057;0.89987236;0.7907398;;5474379252.0;;
Monaco;MCO;2010;0.29236853;4.050968;5.4414744;0.9000218;0.7964147;;5367561570.0;;
Monaco;MCO;2011;0.29246843;4.0536947;5.44948;0.90012604;0.80171615;;6088689808.0;;
Monaco;MCO;2012;0.29260638;4.054987;5.46178;0.9002532;0.80763024;;5742749294.0;;
Monaco;MCO;2013;0.2927586;4.0582433;5.477418;0.90051085;0.81550467;;6555591710.0;;
Monaco;MCO;2014;0.2929735;4.059782;5.4886446;0.9005834;0.8226888;;7069353073.0;;
Monaco;MCO;2015;0.29316577;4.059995;5.4947267;0.9006154;0.83004224;;6261649891.0;;
Monaco;MCO;2016;0.29367107;4.055046;5.489357;0.9005932;0.8414189;;6465645585.0;;
Monaco;MCO;2017;0.2942349;4.051876;5.484215;0.90063924;0.85192096;;6431271365.0;;
Monaco;MCO;2018;0.29468694;4.052581;5.49077;0.90082985;0.86188585;;7182444410.0;;
Monaco;MCO;2019;0.29540223;4.0564504;5.501611;0.90075177;0.8699128;;7383944044.0;;
Mongolia;MNG;1990;0.2618551;3.9739337;2.0989037;0.49955;0.10017374;13.148;2560785660.0;;58.765
Mongolia;MNG;1991;0.26215607;3.9896955;2.0998168;0.49957484;0.099305965;14.8583;2379018326.0;5.687;59.237
Mongolia;MNG;1992;0.26241216;4.0037255;2.1009076;0.49959868;0.098384924;12.9573;1317611864.0;5.866;59.641
Mongolia;MNG;1993;0.26261237;4.01762;2.1020958;0.49962255;0.09771726;11.9373;768401634.2;5.861;60.038
Mongolia;MNG;1994;0.26274374;4.029219;2.1034114;0.49964935;0.097006544;10.4063;925817092.2;5.709;60.405
Mongolia;MNG;1995;0.2627955;4.04208;2.104614;0.4996811;0.09683665;10.3439;1452165005.0;5.5;60.612
Mongolia;MNG;1996;0.2627489;4.0526724;2.1067045;0.49971172;0.09641999;8.7427;1345719472.0;5.533;60.305
Mongolia;MNG;1997;0.26262853;4.06466;2.1100554;0.4997418;0.0965229;8.5693;1180934203.0;5.611;60.815
Mongolia;MNG;1998;0.26249528;4.0728865;2.1134846;0.49976403;0.096240394;8.5962;1124440205.0;5.751;61.765
Mongolia;MNG;1999;0.26240337;4.081378;2.1160614;0.49978676;0.095840804;8.6538;1057408589.0;5.84;62.529
Mongolia;MNG;2000;0.26241395;4.0853667;2.1164002;0.49980363;0.0961469;9.0419;1136896124.0;5.985;62.882
Mongolia;MNG;2001;0.26267973;4.0878167;2.0915096;0.49981934;0.096310675;9.0122;1267997934.0;6.107;63.279
Mongolia;MNG;2002;0.2632107;4.0914;2.0337212;0.4998338;0.09726847;9.658;1396555720.0;6.2;63.518
Mongolia;MNG;2003;0.2638469;4.0944896;1.9648418;0.49984464;0.09848211;9.3624;1595297356.0;6.768;64.208
Mongolia;MNG;2004;0.26442766;4.094738;1.9068055;0.49985665;0.100080125;9.577;1992066808.0;6.852;64.796
Mongolia;MNG;2005;0.26479447;4.0943007;1.8814603;0.49986762;0.10160195;11.1074;2523471601.0;7.015;64.879
Mongolia;MNG;2006;0.26498267;4.0836887;1.8802372;0.49987653;0.10295558;12.5929;3414055662.0;7.193;65.513
Mongolia;MNG;2007;0.2651507;4.067905;1.8799964;0.49988732;0.10453269;13.1592;4234999704.0;7.2;65.97
Mongolia;MNG;2008;0.2653283;4.044842;1.8802885;0.4998953;0.10689642;13.1415;5623216608.0;5.565;66.382
Mongolia;MNG;2009;0.26554015;4.0287633;1.8809876;0.4999065;0.10917788;13.8292;4583850368.0;5.86;66.766
Mongolia;MNG;2010;0.26581562;4.019618;1.881692;0.4999164;0.11164429;14.5791;7189481999.0;6.549;67.182
Mongolia;MNG;2011;0.26640323;4.0157495;1.8826869;0.499926;0.1141644;16.0935;10409797378.0;4.769;67.439
Mongolia;MNG;2012;0.2673855;4.0146494;1.884744;0.49993572;0.11681074;17.4638;12292770632.0;3.905;68.111
Mongolia;MNG;2013;0.26854253;4.0142164;1.8879557;0.4999427;0.12006028;18.7425;12582122604.0;4.231;68.585
Mongolia;MNG;2014;0.2696524;4.011499;1.8928206;0.49994844;0.12321242;18.4863;12226514668.0;4.798;69.047
Mongolia;MNG;2015;0.27049425;4.0130086;1.8995618;0.4999516;0.12602133;17.6179;11619892591.0;4.861;69.498
Mongolia;MNG;2016;0.27134055;4.022192;2.0148997;0.4999535;0.12864566;18.5416;11181350649.0;7.235;69.865
Mongolia;MNG;2017;0.2719946;4.0275917;2.132655;0.4999566;0.13051923;19.9771;11480847741.0;6.359;70.237
Mongolia;MNG;2018;0.2722802;4.0083795;2.142245;0.49995837;0.13193253;21.9545;13178094720.0;5.377;71.199
Mongolia;MNG;2019;0.27248925;3.9632094;2.1429229;0.49995935;0.13303629;23.5565;14206359018.0;9.269;71.822
Montenegro;MNE;1990;0.2895894;2.8631938;3.6434872;0.54106575;0.15070981;;;;75.56687805
Montenegro;MNE;1991;0.28829065;2.8599472;3.6458163;0.5410554;0.14542434;;;29.933;75.68260976
Montenegro;MNE;1992;0.28710404;2.8567863;3.648065;0.54105055;0.1405577;;;30.128;74.36536585
Montenegro;MNE;1993;0.2860917;2.8533607;3.6503854;0.5410559;0.13624252;;;30.401;74.63329268
Montenegro;MNE;1994;0.28531832;2.8509145;3.6527293;0.5410721;0.13279109;;;30.366;73.24553659
Montenegro;MNE;1995;0.28485063;2.8505476;3.6544816;0.5410916;0.1305142;;;30.178;74.109
Montenegro;MNE;1996;0.28456366;2.8510869;3.6566737;0.54112;0.12902102;;;29.837;73.46302439
Montenegro;MNE;1997;0.28430796;2.8529518;3.6593328;0.5411474;0.12779993;;;29.844;73.47907317
Montenegro;MNE;1998;0.28410104;2.855055;3.6622665;0.5411788;0.12649256;;854261160.7;29.936;73.31421951
Montenegro;MNE;1999;0.2839628;2.855333;3.6651006;0.5412114;0.12578681;;828950327.4;30.191;72.6407561
Montenegro;MNE;2000;0.28391424;2.8561647;3.666975;0.54124004;0.12561524;;984293043.8;30.249;73.8184878
Montenegro;MNE;2001;0.28399214;2.8567328;3.6692357;0.5412668;0.12601864;;1159869246.0;30.308;74.06941463
Montenegro;MNE;2002;0.2841874;2.857245;3.6724212;0.5412833;0.1272268;;1284685051.0;30.277;73.9064878
Montenegro;MNE;2003;0.28444293;2.8573427;3.6759148;0.54129314;0.12862065;;1707710053.0;30.318;73.93173171
Montenegro;MNE;2004;0.28470257;2.8576868;3.679043;0.54129785;0.13050686;;2073234418.0;30.315;74.56395122
Montenegro;MNE;2005;0.28491038;2.8570228;3.6807544;0.5412987;0.13195473;;2257174481.0;30.31;73.98292683
Montenegro;MNE;2006;0.28514495;2.8551579;3.6816278;0.54129666;0.13354532;;2721903149.0;24.843;73.83902439
Montenegro;MNE;2007;0.28548422;2.850022;3.6820765;0.54128265;0.13558389;;3680711744.0;19.4;74.33902439
Montenegro;MNE;2008;0.28586608;2.8437312;3.6820118;0.54125994;0.1379078;;4545674528.0;17.15;75.13658537
Montenegro;MNE;2009;0.28622743;2.836929;3.6814928;0.54123557;0.13994941;;4159330370.0;19.09;75.14390244
Montenegro;MNE;2010;0.2865059;2.8321443;3.6802409;0.54120845;0.14174175;;4142983843.0;19.649;75.9902439
Montenegro;MNE;2011;0.28681833;2.8279347;3.6773257;0.5411821;0.14331362;;4544428421.0;19.759;75.98292683
Montenegro;MNE;2012;0.28725788;2.8222332;3.6722188;0.54115057;0.14474533;;4087526242.0;19.808;76.2
Montenegro;MNE;2013;0.28772435;2.8166394;3.6661859;0.54111564;0.14596626;;4465772400.0;19.585;76.4902439
Montenegro;MNE;2014;0.28811556;2.814571;3.6605606;0.54108447;0.14727601;;4593853291.0;18.054;76.44146341
Montenegro;MNE;2015;0.28833213;2.8116167;3.656462;0.5410546;0.14861059;;4054730078.0;17.555;76.44878049
Montenegro;MNE;2016;0.28812423;2.8164325;3.6486156;0.5410291;0.15037112;;4376930578.0;17.732;76.44146341
Montenegro;MNE;2017;0.2879013;2.822264;3.6421812;0.5410024;0.15203272;;4856599481.0;16.082;76.48536585
Montenegro;MNE;2018;0.28819788;2.8227575;3.6464674;0.5409716;0.15306245;;5506942238.0;15.19;76.84146341
Montenegro;MNE;2019;0.2888891;2.8178656;3.6586478;0.54094183;0.15447724;;5542054181.0;15.128;76.68292683
Morocco;MAR;1990;0.24096027;5.1833467;4.634342;0.74595857;0.15041049;22.4608;30179954775.0;;62.448
Morocco;MAR;1991;0.24108464;5.186351;4.640331;0.74599147;0.15150996;23.5367;32285573574.0;13.59;62.946
Morocco;MAR;1992;0.24121396;5.188164;4.6463785;0.74603534;0.1522094;25.2154;33711069431.0;13.85;63.401
Morocco;MAR;1993;0.2413308;5.1894364;4.651965;0.7460936;0.15296356;25.9713;31655473664.0;14.076;63.872
Morocco;MAR;1994;0.24142732;5.1894693;4.656437;0.7461589;0.15399505;28.128;35604137423.0;13.917;64.346
Morocco;MAR;1995;0.24149342;5.1895604;4.659262;0.7462261;0.15422076;29.2733;39030285468.0;14.089;64.736
Morocco;MAR;1996;0.24157996;5.1901546;4.661618;0.74628836;0.154877;28.9113;43161571528.0;13.434;65.238
Morocco;MAR;1997;0.24172468;5.1816564;4.6647396;0.7463582;0.15562797;30.4526;39147844526.0;14.04;65.629
Morocco;MAR;1998;0.24187636;5.1750484;4.6682396;0.7464295;0.15609294;31.209;46497608725.0;13.411;66.018
Morocco;MAR;1999;0.24199429;5.167601;4.6716056;0.7464983;0.15663767;32.8548;46266428648.0;13.94;66.406
Morocco;MAR;2000;0.2420372;5.1605573;4.6740904;0.74655586;0.15737027;33.5538;43017455402.0;13.58;66.787
Morocco;MAR;2001;0.24197762;5.158007;4.6769323;0.74659413;0.15781271;36.9813;43831480208.0;12.46;67.18
Morocco;MAR;2002;0.24184746;5.1513915;4.6812673;0.74661756;0.15865652;38.2613;47077192188.0;11.59;67.547
Morocco;MAR;2003;0.24168383;5.145296;4.6861234;0.74662095;0.1595534;38.0892;58029363354.0;11.92;67.915
Morocco;MAR;2004;0.2415308;5.138889;4.6902795;0.74660015;0.16067591;41.908;66114145451.0;10.83;68.231
Morocco;MAR;2005;0.24143155;5.1343064;4.692473;0.7465515;0.16160077;44.4954;68852658069.0;11.01;68.704
Morocco;MAR;2006;0.24130628;5.1297646;4.6938457;0.74647766;0.16245887;45.6254;75883823301.0;9.67;69.128
Morocco;MAR;2007;0.24109387;5.1282015;4.6960883;0.74638784;0.16421981;46.2629;86947913287.0;9.56;69.604
Morocco;MAR;2008;0.24086605;5.1231923;4.698745;0.74628735;0.16607408;49.08;102000000000.0;9.57;70.048
Morocco;MAR;2009;0.24069807;5.121112;4.7013845;0.74617773;0.16817993;48.9413;101000000000.0;8.96;70.458
Morocco;MAR;2010;0.24066436;5.118171;4.703579;0.74606264;0.16972311;52.0271;101000000000.0;9.09;70.829
Morocco;MAR;2011;0.24083123;5.114696;4.709532;0.7459441;0.17152947;56.2648;110000000000.0;8.91;71.269
Morocco;MAR;2012;0.24115558;5.1099906;4.721291;0.7458249;0.17412992;58.5356;107000000000.0;8.99;71.679
Morocco;MAR;2013;0.24155061;5.105123;4.735348;0.7457065;0.17622747;58.4785;116000000000.0;9.23;72.122
Morocco;MAR;2014;0.241932;5.1000834;4.7478967;0.7455908;0.1782542;59.4511;119000000000.0;9.7;72.538
Morocco;MAR;2015;0.24221574;5.095763;4.7548194;0.74547994;0.18019903;61.0828;110000000000.0;9.46;72.92
Morocco;MAR;2016;0.24279469;5.091625;4.7496805;0.7453733;0.1822642;60.9949;112000000000.0;9.3;73.284
Morocco;MAR;2017;0.24330813;5.0866823;4.7444887;0.745272;0.1845328;63.8465;119000000000.0;9.229;73.66
Morocco;MAR;2018;0.24323325;5.0817533;4.7616;0.7451755;0.18587382;65.1827;127000000000.0;9.282;73.986
Morocco;MAR;2019;0.24282132;5.07854;4.7997293;0.745084;0.18633235;71.8419;129000000000.0;9.21;74.27
Mozambique;MOZ;1990;0.19530721;4.837168;3.9623408;0.5784798;0.06175138;1.1619;;;44.469
Mozambique;MOZ;1991;0.19523147;4.8438125;3.9644492;0.57849884;0.06139851;0.9743;3854856435.0;2.825;44.66
Mozambique;MOZ;1992;0.19522664;4.851521;3.9645028;0.5785105;0.061293498;1.1614;2798696511.0;2.996;44.949
Mozambique;MOZ;1993;0.19528936;4.854947;3.961071;0.5785093;0.061363116;1.3511;2883161897.0;2.872;45.354
Mozambique;MOZ;1994;0.19538146;4.8560534;3.9572406;0.57850593;0.061199468;1.1451;2958108170.0;2.856;45.606
Mozambique;MOZ;1995;0.19546397;4.8612065;3.9556336;0.57850885;0.061105233;1.2574;3061646174.0;2.755;46.04
Mozambique;MOZ;1996;0.19563685;4.8678203;3.9554532;0.57851636;0.0614907;1.2133;4030146135.0;2.752;46.636
Mozambique;MOZ;1997;0.1959664;4.8771276;3.9552417;0.5785231;0.062103696;1.3414;4873663775.0;2.7;47.408
Mozambique;MOZ;1998;0.19637531;4.889014;3.9548445;0.5785273;0.06342119;1.2963;5551118149.0;2.646;48.024
Mozambique;MOZ;1999;0.1967834;4.897193;3.954532;0.57853;0.06439466;1.2899;6285219691.0;2.675;48.812
Mozambique;MOZ;2000;0.1971112;4.9030185;3.954494;0.57853216;0.06527138;1.5708;5930685215.0;2.831;49.491
Mozambique;MOZ;2001;0.19760153;4.9115877;3.9546587;0.57853454;0.06609224;1.8964;5650154067.0;2.84;50.065
Mozambique;MOZ;2002;0.1984095;4.91814;3.9548411;0.57853657;0.06740455;1.9871;5950769427.0;2.906;50.59
Mozambique;MOZ;2003;0.19932333;4.9263067;3.955031;0.578538;0.068367265;2.5254;6583526861.0;2.869;50.87
Mozambique;MOZ;2004;0.20013012;4.934107;3.9552593;0.5785391;0.069900185;2.7801;7937255565.0;2.958;51.249
Mozambique;MOZ;2005;0.20061554;4.94094;3.9555466;0.5785398;0.07095999;2.6655;8868504900.0;3.029;51.561
Mozambique;MOZ;2006;0.20089267;4.9444637;3.9562447;0.57854116;0.07175727;2.8268;9509835537.0;3.027;51.961
Mozambique;MOZ;2007;0.20119685;4.946176;3.9575806;0.5785421;0.07239705;3.2436;10811456006.0;3.065;52.566
Mozambique;MOZ;2008;0.2014961;4.950184;3.9594994;0.5785429;0.07352443;3.149;12920340965.0;3.095;53.164
Mozambique;MOZ;2009;0.2017601;4.9528055;3.9619532;0.57854354;0.07417597;3.4026;12263894790.0;3.182;53.788
Mozambique;MOZ;2010;0.20195888;4.9570146;3.964883;0.5785444;0.07526448;3.6064;11411894724.0;3.24;54.198
Mozambique;MOZ;2011;0.20214435;4.9560704;3.9714694;0.578546;0.07619889;4.2492;14619279989.0;3.279;54.869
Mozambique;MOZ;2012;0.20236605;4.9578342;3.982794;0.57854784;0.07712538;4.7014;16688114144.0;3.305;55.639
Mozambique;MOZ;2013;0.20258944;4.959069;3.9958386;0.57854974;0.07869124;5.1168;17198073057.0;3.338;56.492
Mozambique;MOZ;2014;0.20277959;4.962463;4.0077205;0.57855177;0.07980947;5.7902;17978246586.0;3.378;57.274
Mozambique;MOZ;2015;0.20290212;4.962045;4.015483;0.57855403;0.08073025;6.4576;16208985770.0;3.426;58.151
Mozambique;MOZ;2016;0.20289873;4.955527;4.0256143;0.5785564;0.081799045;8.3312;12069051237.0;3.48;59.038
Mozambique;MOZ;2017;0.20292021;4.9528794;4.03458;0.5785587;0.08235015;8.3115;13264640646.0;3.543;59.771
Mozambique;MOZ;2018;0.20326683;4.9651666;4.036481;0.57856065;0.083295986;8.0541;15017359042.0;3.602;60.526
Mozambique;MOZ;2019;0.20393638;4.992671;4.035234;0.5785625;0.0839527;8.628;15512758965.0;3.632;61.166
Myanmar;MMR;1990;0.25561255;2.1963053;3.7843254;0.3166308;0.05657934;4.4274;2115193513.0;;56.661
Myanmar;MMR;1991;0.2557288;2.1913126;3.7888129;0.3166326;0.056417607;4.2806;2069832687.0;0.878;57.014
Myanmar;MMR;1992;0.25588557;2.1843715;3.7935722;0.31663492;0.056217212;4.5418;2411552289.0;0.826;57.251
Myanmar;MMR;1993;0.25608218;2.1787062;3.7982004;0.31663692;0.056314655;5.0797;3163020035.0;0.801;57.631
Myanmar;MMR;1994;0.25631326;2.1734517;3.8025033;0.31664252;0.056273773;6.0985;4432257174.0;0.771;57.956
Myanmar;MMR;1995;0.2565816;2.1694372;3.8059368;0.31664553;0.05628179;7.3948;5289174943.0;0.757;58.259
Myanmar;MMR;1996;0.25690424;2.1613462;3.8104646;0.31665042;0.056580577;7.7823;6123556717.0;0.762;58.941
Myanmar;MMR;1997;0.25729337;2.1518502;3.8169758;0.31665546;0.05708015;7.7473;4722288496.0;0.765;59.243
Myanmar;MMR;1998;0.25772932;2.1408927;3.8239744;0.31666055;0.057667993;8.4231;6459461639.0;0.772;59.794
Myanmar;MMR;1999;0.25818992;2.1323519;3.8300831;0.3166654;0.05849313;9.2426;8486832801.0;0.762;59.881
Myanmar;MMR;2000;0.25865933;2.1292436;3.8336864;0.3166696;0.05928046;10.0399;8905066164.0;0.731;60.155
Myanmar;MMR;2001;0.25936508;2.1289175;3.8345046;0.3166735;0.060449585;8.7721;6477790688.0;0.7;60.416
Myanmar;MMR;2002;0.26042277;2.1288843;3.83373;0.31667796;0.061975904;8.8431;6777632512.0;0.685;60.725
Myanmar;MMR;2003;0.26163775;2.1288893;3.8324358;0.31668442;0.063433655;10.9602;10467109978.0;0.683;60.98
Myanmar;MMR;2004;0.26281324;2.1301908;3.8318713;0.3166865;0.06535832;10.6336;10567354056.0;0.678;61.25
Myanmar;MMR;2005;0.26375556;2.1294014;3.8331022;0.3166918;0.067143485;11.2448;11986972419.0;0.67;61.599
Myanmar;MMR;2006;0.26449966;2.1270423;3.8390303;0.31669298;0.069338545;10.4579;14502553710.0;0.669;61.893
Myanmar;MMR;2007;0.26523107;2.1213887;3.8498409;0.31669575;0.07143897;10.9223;20182477481.0;0.673;62.371
Myanmar;MMR;2008;0.26597187;2.1146317;3.8632498;0.3167046;0.0735711;8.3574;31862554102.0;0.684;56.506
Myanmar;MMR;2009;0.26675642;2.1094406;3.876165;0.31670824;0.075655095;7.7869;36906181381.0;0.696;63.155
Myanmar;MMR;2010;0.26762015;2.1088846;3.8853612;0.316714;0.07751248;8.6304;49540813342.0;0.707;63.329
Myanmar;MMR;2011;0.26888695;2.114854;3.8928187;0.3167139;0.07989184;9.1743;59977326086.0;0.723;63.901
Myanmar;MMR;2012;0.270625;2.1289005;3.9012616;0.31671453;0.08177886;12.5584;59937796648.0;0.742;64.141
Myanmar;MMR;2013;0.27247047;2.146516;3.9098756;0.3167168;0.08396089;14.1874;60269732855.0;0.753;64.815
Myanmar;MMR;2014;0.2740614;2.160242;3.91794;0.3167162;0.086007796;17.7401;65531374200.0;0.749;65.056
Myanmar;MMR;2015;0.27503395;2.1683154;3.9246993;0.31671792;0.08787822;19.7339;59607290408.0;0.766;65.561
Myanmar;MMR;2016;0.27528495;2.1669705;3.9368222;0.31671625;0.09025696;22.9682;63298361996.0;1.043;65.685
Myanmar;MMR;2017;0.27548948;2.1634536;3.949501;0.31671488;0.09208394;33.7355;66053040483.0;1.356;65.843
Myanmar;MMR;2018;0.27646843;2.1740737;3.960988;0.31671354;0.093856394;34.3329;67860515990.0;0.767;66.465
Myanmar;MMR;2019;0.27820054;2.1933033;3.9770174;0.3167098;0.09567405;35.4378;75065106228.0;0.407;66.61
Namibia;NAM;1990;0.21689422;3.6554596;3.409757;0.5531689;0.13665362;1.2706;2789921853.0;;62.496
Namibia;NAM;1991;0.2170591;3.6719425;3.4127724;0.553172;0.13635258;1.1286;2996869281.0;19.14;62.098
Namibia;NAM;1992;0.21719855;3.6846247;3.4155517;0.55317295;0.13598093;1.2279;3429521699.0;18.922;61.545
Namibia;NAM;1993;0.21730801;3.6962173;3.417966;0.5531718;0.13528977;1.4242;3251188833.0;19.096;60.86
Namibia;NAM;1994;0.2173825;3.7055063;3.4199035;0.553169;0.13549191;1.6446;3666503530.0;19.4;59.846
Namibia;NAM;1995;0.21741709;3.711569;3.4212415;0.55316484;0.13530506;1.7824;3978514206.0;21.319;58.634
Namibia;NAM;1996;0.21740377;3.7126052;3.4223907;0.5531594;0.13516511;1.9538;3989163197.0;22.837;56.918
Namibia;NAM;1997;0.21735738;3.7036297;3.4236233;0.55315393;0.13519226;2.0213;4154989950.0;24.45;55.558
Namibia;NAM;1998;0.21730283;3.6932993;3.424728;0.5531483;0.13534093;2.0861;3873109866.0;23.083;54.101
Namibia;NAM;1999;0.21726447;3.6816423;3.425541;0.55314314;0.1351883;1.9849;3868551730.0;21.67;53.036
Namibia;NAM;2000;0.21726643;3.674633;3.4259057;0.5531387;0.13529886;1.9485;3922232165.0;20.3;51.99
Namibia;NAM;2001;0.21735731;3.6716087;3.4252973;0.5531354;0.1357846;2.4658;3557341215.0;20.986;51.26
Namibia;NAM;2002;0.21754076;3.668913;3.4237778;0.5531337;0.13630556;2.1378;3349169826.0;21.51;51.254
Namibia;NAM;2003;0.21777005;3.666025;3.4221814;0.55313355;0.13704026;2.2944;4926439384.0;22.068;51.083
Namibia;NAM;2004;0.21799779;3.6618118;3.421371;0.5531351;0.13810399;2.4319;6609205995.0;22.09;51.246
Namibia;NAM;2005;0.21817593;3.6552334;3.4221976;0.55313814;0.13909006;2.5919;7248374838.0;22.105;51.787
Namibia;NAM;2006;0.21840057;3.6388888;3.4269278;0.55314344;0.13997968;2.5558;8001779551.0;21.861;52.655
Namibia;NAM;2007;0.2187473;3.6090434;3.4358578;0.5531496;0.14134222;2.6302;8839536476.0;22.11;53.68
Namibia;NAM;2008;0.219137;3.5729222;3.4469368;0.5531562;0.14300887;3.0112;8607431497.0;22.004;54.653
Namibia;NAM;2009;0.21949178;3.5445285;3.4580865;0.5531626;0.14481796;3.0817;8938847189.0;22.253;55.496
Namibia;NAM;2010;0.21973349;3.5262094;3.4672477;0.5531684;0.14647268;3.1841;11431412421.0;22.12;56.015
Namibia;NAM;2011;0.21990684;3.5308275;3.4762447;0.55317456;0.14817923;3.3726;12523359441.0;19.479;56.553
Namibia;NAM;2012;0.22010347;3.5473988;3.487255;0.5531798;0.15042002;3.5504;13042053592.0;16.771;57.64
Namibia;NAM;2013;0.22031489;3.5714984;3.498904;0.55318415;0.15242746;3.7914;12043307277.0;19.028;58.694
Namibia;NAM;2014;0.22053297;3.5898416;3.5098035;0.5531876;0.15398465;3.9358;12435430970.0;18.521;59.822
Namibia;NAM;2015;0.22074962;3.5992053;3.518553;0.5531902;0.15585217;4.1345;11335161084.0;20.799;60.7
Namibia;NAM;2016;0.22140498;3.5949206;3.5290196;0.55319226;0.15774639;4.2583;10722018732.0;23.352;61.682
Namibia;NAM;2017;0.22206552;3.5913155;3.535035;0.553194;0.15877675;4.1853;12895153160.0;21.739;62.293
Namibia;NAM;2018;0.22233939;3.5978198;3.522311;0.5531954;0.15964684;4.2144;13682018827.0;19.877;62.586
Namibia;NAM;2019;0.22256449;3.6164615;3.49189;0.5531963;0.16063276;4.2349;12541928103.0;19.945;63.075
Nauru;NRU;1990;0.3005044;3.1089456;3.912044;0.2611592;0.13058892;0.0;55572375.47;;61.356
Nauru;NRU;1991;0.29908952;3.1119273;3.9173338;0.2612178;0.1273489;0.0;52533788.56;;61.303
Nauru;NRU;1992;0.29753003;3.112874;3.9210732;0.2612757;0.12393786;0.0;51133123.13;;61.223
Nauru;NRU;1993;0.2958367;3.1141803;3.9235141;0.2613456;0.12049837;0.0;43542088.25;;61.338
Nauru;NRU;1994;0.29403517;3.1123698;3.9248006;0.2614233;0.11716638;0.0;39742511.24;;61.463
Nauru;NRU;1995;0.29215348;3.1122706;3.9249504;0.26150653;0.113591395;0.0;39969705.97;;61.321
Nauru;NRU;1996;0.28973693;3.1089904;3.9253368;0.26159266;0.11007737;0.0;37458801.21;;60.504
Nauru;NRU;1997;0.2867067;3.1015809;3.9260852;0.2616687;0.10593284;0.0;37331507.28;;59.644
Nauru;NRU;1998;0.28357565;3.0959475;3.9278088;0.2617395;0.1023322;0.0;29664450.93;;59.224
Nauru;NRU;1999;0.2809067;3.090905;3.9295547;0.2618011;0.09898423;0.0;27328612.61;;58.803
Nauru;NRU;2000;0.27926147;3.0884767;3.9302962;0.26185125;0.09636393;0.0;26930980.34;;58.732
Nauru;NRU;2001;0.27833974;3.0899825;3.9277618;0.2618908;0.09388941;0.0;22613287.54;;58.278
Nauru;NRU;2002;0.2775164;3.0933647;3.921313;0.26192325;0.09138862;0.0;21017423.61;;58.181
Nauru;NRU;2003;0.27679604;3.09829;3.9149961;0.26193315;0.088932216;0.0;24778159.58;;58.095
Nauru;NRU;2004;0.27621946;3.101858;3.9112039;0.2619257;0.08733824;0.0;30587565.8;;58.072
Nauru;NRU;2005;0.2758304;3.1065328;3.9123778;0.2619022;0.08668124;0.0;30070666.07;;58.161
Nauru;NRU;2006;0.27547318;3.1097438;3.9210641;0.26186398;0.08657048;0.0;29200359.39;;58.379
Nauru;NRU;2007;0.27505463;3.115506;3.934844;0.26183626;0.08663536;0.0;22766972.19;;58.53
Nauru;NRU;2008;0.27464026;3.120739;3.9522095;0.2617872;0.08684473;0.0;37602264.73;;58.833
Nauru;NRU;2009;0.27433887;3.127148;3.9695222;0.26172575;0.087075174;0.0;44176245.55;;59.123
Nauru;NRU;2010;0.27425456;3.1315842;3.9832387;0.2616562;0.08699321;0.0;47562844.61;;59.64
Nauru;NRU;2011;0.2748036;3.1330943;3.995194;0.26158112;0.0881846;0.0;65071879.78;;60.24
Nauru;NRU;2012;0.27610016;3.1359391;4.0070515;0.26153427;0.09134572;0.0;101055723.0;;60.715
Nauru;NRU;2013;0.27772942;3.1394536;4.0194273;0.26147673;0.094996855;0.0;94385014.94;;61.231
Nauru;NRU;2014;0.27932218;3.1396282;4.0302224;0.26141733;0.09894997;0.0;99149244.4;;61.807
Nauru;NRU;2015;0.2805058;3.1421247;4.0377307;0.26135817;0.102298245;0.0;84863440.58;;62.269
Nauru;NRU;2016;0.28201726;3.14171;4.0341268;0.26130027;0.105904095;0.0;97541943.04;;62.702
Nauru;NRU;2017;0.2831997;3.1415887;4.0289693;0.26126292;0.10878438;0.0;109355638.9;;62.988
Nauru;NRU;2018;0.28330457;3.1437356;4.037731;0.2612258;0.110895745;0.0;130995566.3;;63.234
Nauru;NRU;2019;0.28296125;3.1496468;4.0565453;0.2611896;0.112175204;0.0;125160115.5;;63.484
Nepal;NPL;1990;0.27368146;4.6559067;2.9458947;0.38515866;0.08074616;1.0886;3627560239.0;;54.833
Nepal;NPL;1991;0.27362198;4.621981;2.9500604;0.38513485;0.08123276;1.3406;3921476085.0;10.539;55.712
Nepal;NPL;1992;0.27355933;4.6023755;2.953777;0.38512668;0.08185997;1.411;3401211581.0;10.547;56.71
Nepal;NPL;1993;0.27350205;4.588968;2.9568784;0.3851301;0.08249056;1.5581;3660041667.0;10.56;57.619
Nepal;NPL;1994;0.27345756;4.5831833;2.9591904;0.38514125;0.08270015;1.8967;4066775510.0;10.552;58.553
Nepal;NPL;1995;0.27343073;4.580884;2.960585;0.3851542;0.083375245;2.0615;4401104418.0;10.565;59.318
Nepal;NPL;1996;0.27333632;4.62611;2.9617593;0.38516945;0.083937064;2.1883;4521580381.0;10.56;59.981
Nepal;NPL;1997;0.27312636;4.7337775;2.96354;0.38518226;0.084457874;2.4174;4918691917.0;10.596;60.771
Nepal;NPL;1998;0.27287462;4.8613453;2.9657125;0.38519052;0.08488625;2.5645;4856255044.0;10.608;61.549
Nepal;NPL;1999;0.27265564;4.9752026;2.9680393;0.38519192;0.08496106;3.3361;5033642384.0;10.624;62.113
Nepal;NPL;2000;0.272543;5.033132;2.9703138;0.38518435;0.08540899;3.4193;5494252208.0;10.622;62.614
Nepal;NPL;2001;0.27253777;5.0481668;2.9741375;0.38516343;0.08577075;3.6551;6007055042.0;10.615;63.336
Nepal;NPL;2002;0.27256006;5.0586386;2.9807093;0.38512418;0.0861526;2.9843;6050875807.0;10.655;63.264
Nepal;NPL;2003;0.27257276;5.0665555;2.9890478;0.38507098;0.08704289;3.388;6330473097.0;10.677;64.197
Nepal;NPL;2004;0.27253672;5.074065;2.9981966;0.38500634;0.08732956;2.9269;7273938315.0;10.68;64.818
Nepal;NPL;2005;0.2724148;5.083303;3.0071669;0.38493618;0.08816655;3.2758;8130258378.0;10.652;65.457
Nepal;NPL;2006;0.27212122;5.107954;3.0180094;0.38485602;0.0887348;2.7123;9043715356.0;10.659;65.868
Nepal;NPL;2007;0.27165967;5.1420145;3.032628;0.38476837;0.08963807;2.7919;10325618017.0;10.672;66.329
Nepal;NPL;2008;0.27112028;5.1782193;3.0499144;0.384677;0.0904607;3.0854;12545438605.0;10.65;66.421
Nepal;NPL;2009;0.27059156;5.2091084;3.068791;0.38458407;0.09127933;4.0638;12854985464.0;10.64;66.761
Nepal;NPL;2010;0.2701684;5.222565;3.088127;0.38449743;0.09234788;4.7846;16002656434.0;10.629;66.814
Nepal;NPL;2011;0.26978305;5.187441;3.1130345;0.38441047;0.09330864;5.3604;21573872421.0;10.653;67.313
Nepal;NPL;2012;0.26934913;5.098653;3.145417;0.38432765;0.09434485;6.2332;21703100877.0;10.654;67.47
Nepal;NPL;2013;0.2689101;4.9884496;3.1795638;0.38425007;0.09584968;6.2869;22162204925.0;10.667;67.965
Nepal;NPL;2014;0.26850614;4.8928704;3.2097268;0.38417774;0.097098924;7.2908;22731612922.0;10.647;68.085
Nepal;NPL;2015;0.26817936;4.849969;3.2301276;0.3841128;0.098239794;7.3488;24360801287.0;10.655;67.456
Nepal;NPL;2016;0.26775867;4.845588;3.243605;0.38405192;0.10036619;10.8638;24524109484.0;10.684;68.776
Nepal;NPL;2017;0.26737827;4.851883;3.253265;0.38399762;0.102126755;13.37;28971588940.0;10.66;68.91
Nepal;NPL;2018;0.267167;4.868894;3.2634146;0.38394907;0.10295729;15.2805;33111525237.0;10.63;68.979
Nepal;NPL;2019;0.26699284;4.8975983;3.2773163;0.38390607;0.10316985;13.8878;34186180699.0;10.578;69.558
Netherlands;NLD;1990;0.3842922;3.6206234;6.37822;0.7857958;0.27287245;163.88;318000000000.0;;76.87804878
Netherlands;NLD;1991;0.38401675;3.6005628;6.5413046;0.7857843;0.27348015;169.9525;328000000000.0;7.285;77.0
Netherlands;NLD;1992;0.38377345;3.5811613;6.6881833;0.78577536;0.27500165;168.0297;363000000000.0;5.555;77.21707317
Netherlands;NLD;1993;0.3835735;3.564909;6.808368;0.7857738;0.2768109;171.5013;354000000000.0;6.287;76.91658537
Netherlands;NLD;1994;0.3834198;3.5513685;6.891805;0.7857761;0.27862307;172.4146;379000000000.0;7.159;77.37512195
Netherlands;NLD;1995;0.3833239;3.5449483;6.9282026;0.7857786;0.2813275;176.6911;452000000000.0;7.158;77.40463415
Netherlands;NLD;1996;0.38328797;3.5403035;6.9346414;0.785785;0.28537786;186.976;450000000000.0;6.421;77.43560976
Netherlands;NLD;1997;0.38329345;3.5361629;6.935114;0.7857971;0.2922934;179.2712;417000000000.0;5.511;77.79439024
Netherlands;NLD;1998;0.38331425;3.532297;6.928959;0.7858156;0.30022174;180.0452;438000000000.0;4.394;77.88292683
Netherlands;NLD;1999;0.38332245;3.528232;6.91629;0.78584284;0.30771622;175.1619;447000000000.0;3.623;77.83658537
Netherlands;NLD;2000;0.383294;3.5293512;6.896812;0.78587735;0.31276795;175.9152;417000000000.0;2.725;77.98780488
Netherlands;NLD;2001;0.3832003;3.5342593;6.8186994;0.78606224;0.3156988;180.5172;432000000000.0;2.119;78.1902439
Netherlands;NLD;2002;0.38305718;3.544279;6.6642804;0.7864551;0.31804544;180.964;474000000000.0;2.554;78.29268293
Netherlands;NLD;2003;0.38290364;3.557455;6.483711;0.78691244;0.32062218;183.4203;580000000000.0;3.593;78.49268293
Netherlands;NLD;2004;0.38276953;3.5669143;6.327423;0.7873097;0.32317734;185.8911;658000000000.0;4.646;79.09512195
Netherlands;NLD;2005;0.3826948;3.5696757;6.2457585;0.78750634;0.3266168;181.2016;685000000000.0;5.873;79.34634146
Netherlands;NLD;2006;0.3827763;3.5684724;6.2261777;0.7875547;0.33175644;176.7174;734000000000.0;5.002;79.69756098
Netherlands;NLD;2007;0.38300332;3.5672257;6.221243;0.7876022;0.33998477;177.9351;849000000000.0;4.153;80.09756098
Netherlands;NLD;2008;0.38326;3.5620975;6.22903;0.78763264;0.3496072;178.9336;952000000000.0;3.654;80.25121951
Netherlands;NLD;2009;0.3834054;3.5564256;6.247601;0.7876638;0.35825792;173.665;872000000000.0;4.347;80.54878049
Netherlands;NLD;2010;0.38331357;3.54692;6.2751374;0.78769237;0.36405727;185.1021;847000000000.0;4.989;80.70243902
Netherlands;NLD;2011;0.38139632;3.530849;6.368941;0.7877129;0.36725083;173.0457;905000000000.0;4.977;81.20487805
Netherlands;NLD;2012;0.3771613;3.5041094;6.547278;0.7877295;0.3706637;170.4764;839000000000.0;5.821;81.10487805
Netherlands;NLD;2013;0.37214336;3.4762056;6.7498035;0.78773147;0.37313586;169.2603;877000000000.0;7.243;81.30487805
Netherlands;NLD;2014;0.3678469;3.4538138;6.916014;0.78773;0.37529758;161.8681;892000000000.0;7.416;81.70731707
Netherlands;NLD;2015;0.36579278;3.4438915;6.985626;0.7877236;0.3769006;169.81;766000000000.0;6.873;81.5097561
Netherlands;NLD;2016;0.36598516;3.4800334;6.862225;0.7877106;0.37853342;171.23;784000000000.0;6.006;81.56097561
Netherlands;NLD;2017;0.3665418;3.5168493;6.7336164;0.7876932;0.37979293;168.5452;834000000000.0;4.839;81.76097561
Netherlands;NLD;2018;0.36709997;3.5258892;6.7326035;0.7876696;0.38094664;163.2334;914000000000.0;3.831;81.81219512
Netherlands;NLD;2019;0.36796945;3.5344012;6.7548013;0.78764594;0.38367063;157.844;910000000000.0;3.38;82.11219512
New Zealand;NZL;1990;0.3905213;3.5860674;7.0465164;1.4828756;0.5697604;23.8228;45495129385.0;;75.37804878
New Zealand;NZL;1991;0.39041007;3.600583;7.176495;1.4830294;0.5610904;24.513;42745329732.0;10.614;76.03170732
New Zealand;NZL;1992;0.39028;3.6130106;7.2937536;1.4832004;0.5523699;26.0568;41649829860.0;10.667;76.12439024
New Zealand;NZL;1993;0.39014113;3.620064;7.390338;1.4833819;0.54560775;26.0972;46775620817.0;9.804;76.43414634
New Zealand;NZL;1994;0.38997805;3.6246839;7.4588876;1.483577;0.540558;26.8338;55314732279.0;8.354;76.88292683
New Zealand;NZL;1995;0.38979805;3.6268463;7.4917912;1.4838082;0.53899974;27.6609;63918703507.0;6.461;76.73414634
New Zealand;NZL;1996;0.3895534;3.624765;7.500953;1.4840815;0.5396194;28.6715;70140835299.0;6.29;76.78780488
New Zealand;NZL;1997;0.38922516;3.6182473;7.50552;1.4844187;0.539546;30.5836;66075143415.0;6.857;77.33414634
New Zealand;NZL;1998;0.38888612;3.610851;7.5072165;1.4847972;0.5401264;30.4232;56227169851.0;7.718;78.08536585
New Zealand;NZL;1999;0.38858777;3.6063628;7.5084586;1.4851947;0.5414022;31.9926;58762260626.0;7.023;77.8902439
New Zealand;NZL;2000;0.3884213;3.6104538;7.511177;1.4855347;0.54288167;32.9467;52623281957.0;6.13;78.63658537
New Zealand;NZL;2001;0.388568;3.6197147;7.514958;1.4878633;0.5453387;34.838;53872425917.0;5.433;78.69268293
New Zealand;NZL;2002;0.38903025;3.6295044;7.517635;1.493006;0.54864043;35.0338;66627729311.0;5.282;78.84634146
New Zealand;NZL;2003;0.38961715;3.6385107;7.518905;1.4990636;0.5534996;35.9282;88250885550.0;4.745;79.14634146
New Zealand;NZL;2004;0.39011878;3.6483312;7.5186515;1.5041332;0.55819905;35.5247;104000000000.0;4.005;79.54878049
New Zealand;NZL;2005;0.3903529;3.657177;7.516275;1.5062661;0.5621121;36.1872;115000000000.0;3.807;79.85121951
New Zealand;NZL;2006;0.39031357;3.6618738;7.48773;1.5062703;0.56487507;36.2924;112000000000.0;3.857;80.04878049
New Zealand;NZL;2007;0.39015535;3.6577015;7.424937;1.5062933;0.5681935;35.0388;137000000000.0;3.661;80.15121951
New Zealand;NZL;2008;0.38994905;3.6527035;7.350513;1.5063245;0.57245874;36.1512;133000000000.0;4.167;80.35121951
New Zealand;NZL;2009;0.3897406;3.6470728;7.287345;1.5064099;0.5743568;33.3764;121000000000.0;6.121;80.70243902
New Zealand;NZL;2010;0.38959953;3.6443343;7.2580113;1.5065185;0.57736635;33.4113;147000000000.0;6.557;80.90487805
New Zealand;NZL;2011;0.3894694;3.652685;7.255383;1.5066193;0.57887274;32.6476;168000000000.0;6.491;81.15609756
New Zealand;NZL;2012;0.3892847;3.6709437;7.256376;1.5066789;0.5800334;34.6971;176000000000.0;6.931;81.40731707
New Zealand;NZL;2013;0.38910198;3.6920397;7.258935;1.5067157;0.58104706;34.5168;191000000000.0;5.839;81.40487805
New Zealand;NZL;2014;0.38896608;3.7118795;7.261765;1.5067295;0.58308315;35.2338;201000000000.0;5.428;81.45682927
New Zealand;NZL;2015;0.38891667;3.7224247;7.2632656;1.5067282;0.584627;35.3377;178000000000.0;5.415;81.61243902
New Zealand;NZL;2016;0.38905743;3.7232935;7.2546983;1.5066881;0.5929689;34.7046;189000000000.0;5.147;81.65853659
New Zealand;NZL;2017;0.38917428;3.7229996;7.2475195;1.5066189;0.6009582;36.2127;207000000000.0;4.736;81.85853659
New Zealand;NZL;2018;0.38900882;3.7241206;7.2523446;1.5065308;0.6026895;35.8545;212000000000.0;4.335;81.70731707
New Zealand;NZL;2019;0.3886144;3.7238638;7.263469;1.5064018;0.6033723;37.5872;213000000000.0;4.109;82.05609756
Nicaragua;NIC;1990;0.27004167;3.218757;4.229374;0.8535938;0.15413484;1.964;1110472676.0;;63.096
Nicaragua;NIC;1991;0.26935682;3.2381437;4.2291265;0.8535448;0.1507247;1.9748;1690713684.0;8.054;63.931
Nicaragua;NIC;1992;0.26877913;3.2562087;4.228935;0.8535032;0.14796235;2.2927;1792800000.0;7.941;64.266
Nicaragua;NIC;1993;0.26832816;3.272854;4.2287116;0.8534605;0.14547841;2.2494;1912586293.0;7.96;64.685
Nicaragua;NIC;1994;0.2680247;3.287876;4.2284765;0.8534276;0.14405495;2.5587;3861518690.0;7.773;65.181
Nicaragua;NIC;1995;0.26788437;3.2998831;4.2280087;0.85339224;0.14372519;2.7183;4131909868.0;7.491;65.608
Nicaragua;NIC;1996;0.2679377;3.3108091;4.226827;0.85335475;0.14354898;2.8824;4308096533.0;7.164;66.052
Nicaragua;NIC;1997;0.26813972;3.3250904;4.2250686;0.85331506;0.14359823;3.085;4389965591.0;7.132;66.515
Nicaragua;NIC;1998;0.268395;3.3389695;4.223401;0.85327226;0.14358623;3.5869;4635354832.0;7.232;65.209
Nicaragua;NIC;1999;0.26860997;3.351185;4.222306;0.8532305;0.143953;3.6184;4856005699.0;7.197;67.12
Nicaragua;NIC;2000;0.26868957;3.3576267;4.2221656;0.8531762;0.14413136;3.7659;5109583827.0;7.188;67.234
Nicaragua;NIC;2001;0.2685516;3.3645232;4.224127;0.85311216;0.14457603;3.9896;5351768844.0;7.22;67.215
Nicaragua;NIC;2002;0.26825413;3.3684685;4.228186;0.85304165;0.14508818;4.1266;5223736466.0;7.523;67.18
Nicaragua;NIC;2003;0.26791292;3.3721578;4.23339;0.852969;0.14604655;4.5208;5322243502.0;7.6;67.217
Nicaragua;NIC;2004;0.26764527;3.3739784;4.238565;0.85289437;0.14693281;4.6377;5792949922.0;6.41;67.423
Nicaragua;NIC;2005;0.26756868;3.3751652;4.242529;0.8528157;0.14781268;4.3999;6321335612.0;5.37;67.936
Nicaragua;NIC;2006;0.26785898;3.3668523;4.246848;0.8527337;0.14822395;4.6589;6763688105.0;5.31;68.725
Nicaragua;NIC;2007;0.26847544;3.3503454;4.253098;0.8526464;0.14937997;4.827;7423421958.0;4.89;69.559
Nicaragua;NIC;2008;0.2692107;3.33077;4.260506;0.8525568;0.15037964;4.6369;8496946608.0;6.2;70.586
Nicaragua;NIC;2009;0.26985666;3.3119612;4.268274;0.85246456;0.15140174;4.5351;8298679909.0;8.16;71.433
Nicaragua;NIC;2010;0.2702068;3.2981725;4.2754917;0.85236984;0.1521313;4.6577;8758592272.0;7.83;72.009
Nicaragua;NIC;2011;0.27030048;3.2915576;4.285496;0.8522754;0.15305796;4.8761;9774307336.0;6.617;72.416
Nicaragua;NIC;2012;0.27033734;3.283917;4.300191;0.85218346;0.15395269;4.8422;10531964139.0;5.208;72.615
Nicaragua;NIC;2013;0.27035064;3.2777047;4.3166156;0.852093;0.15513109;4.6315;10982938826.0;5.28;72.704
Nicaragua;NIC;2014;0.27037218;3.2699616;4.3318067;0.8520018;0.15623362;4.9012;11880434071.0;4.52;72.812
Nicaragua;NIC;2015;0.27043545;3.2666008;4.3427973;0.8519075;0.15748787;5.4885;12756706583.0;4.7;72.983
Nicaragua;NIC;2016;0.27101323;3.26709;4.353681;0.8518139;0.1601612;5.6013;13286118584.0;3.9;73.256
Nicaragua;NIC;2017;0.27155778;3.2662473;4.361744;0.8517224;0.16258672;5.6707;13785943183.0;3.3;73.554
Nicaragua;NIC;2018;0.27136773;3.263015;4.364421;0.8516312;0.1640711;5.1764;13025239912.0;5.2;73.85
Nicaragua;NIC;2019;0.27072757;3.2548654;4.3657975;0.8515433;0.16589764;5.3118;12699046245.0;5.47;74.054
Niger;NER;1990;0.2080107;4.153608;2.81386;0.54286337;0.07862763;0.6205;3512356508.0;;41.852
Niger;NER;1991;0.20808527;4.150749;2.8126981;0.5428648;0.07800451;0.5919;3285796875.0;1.578;42.218
Niger;NER;1992;0.20811066;4.147816;2.8120797;0.5428659;0.077353895;0.5613;3386232579.0;1.56;42.947
Niger;NER;1993;0.20810613;4.14544;2.811805;0.54287857;0.07669039;0.682;3052673849.0;1.532;43.817
Niger;NER;1994;0.20806822;4.1459923;2.8119838;0.54287946;0.07595298;0.5715;1938058175.0;1.493;44.714
Niger;NER;1995;0.20800914;4.1476083;2.8125541;0.54287714;0.07549029;0.5521;2302537562.0;1.486;45.774
Niger;NER;1996;0.20785096;4.150303;2.8143072;0.5428772;0.074843645;0.6402;2405686940.0;1.49;46.676
Niger;NER;1997;0.2075602;4.159374;2.8176148;0.5428727;0.07396977;0.646;2290318910.0;1.496;47.505
Niger;NER;1998;0.20722054;4.1677284;2.8213286;0.54287845;0.07312915;0.6968;2643363519.0;1.378;48.191
Niger;NER;1999;0.206923;4.177767;2.8247082;0.54287726;0.07253866;0.683;2537789821.0;1.383;48.738
Niger;NER;2000;0.20675805;4.180486;2.8266735;0.54286784;0.07249335;0.6952;2241753193.0;1.426;49.322
Niger;NER;2001;0.20670943;4.183237;2.8273413;0.5428651;0.072433814;0.7001;2448714704.0;1.47;49.841
Niger;NER;2002;0.20669778;4.1847095;2.8279562;0.54286236;0.07237961;0.7272;2782192879.0;1.807;50.562
Niger;NER;2003;0.20669326;4.1839433;2.8284733;0.54285383;0.07266839;0.7905;3394084732.0;2.146;51.434
Niger;NER;2004;0.20668831;4.1838465;2.8295057;0.5428514;0.0724437;0.8265;3760443738.0;2.748;52.589
Niger;NER;2005;0.2066678;4.1842976;2.8311832;0.54284966;0.072536506;0.7925;4383315965.0;3.1;53.59
Niger;NER;2006;0.2065684;4.185689;2.8340726;0.5428484;0.07294324;0.7986;4756361252.0;2.532;54.596
Niger;NER;2007;0.20639046;4.185183;2.8387938;0.5428504;0.07301003;0.8642;5731485052.0;2.027;55.553
Niger;NER;2008;0.20618369;4.1844563;2.8446429;0.5428431;0.07308628;0.9071;7297600226.0;1.59;56.508
Niger;NER;2009;0.2060158;4.1835356;2.851654;0.54284364;0.072982654;1.1279;7352131310.0;1.212;57.396
Niger;NER;2010;0.20594238;4.18617;2.8593347;0.54284936;0.07335951;1.4323;7851192502.0;0.721;58.367
Niger;NER;2011;0.2059727;4.186897;2.870956;0.5428505;0.073760256;1.4509;8772950778.0;0.317;58.994
Niger;NER;2012;0.20606549;4.1880054;2.8885303;0.542852;0.0740883;2.0421;9426912648.0;2.177;59.65
Niger;NER;2013;0.20617624;4.189545;2.9087787;0.54285073;0.07481932;2.0232;10224897438.0;1.4;60.239
Niger;NER;2014;0.20627847;4.191549;2.9289954;0.54285103;0.07538039;2.2002;10862943544.0;0.524;60.786
Niger;NER;2015;0.2063366;4.193723;2.9460173;0.54285264;0.0760847;2.1574;9683867926.0;0.558;61.083
Niger;NER;2016;0.2062909;4.198507;2.9659634;0.5428518;0.07715284;2.1494;10398861982.0;0.555;61.629
Niger;NER;2017;0.20630635;4.2035556;2.9800065;0.5428495;0.07809827;1.9693;11185104252.0;0.564;62.16
Niger;NER;2018;0.2067626;4.2152705;2.9785042;0.5428484;0.078407474;2.0606;12837307497.0;0.546;62.454
Niger;NER;2019;0.20768712;4.235215;2.9678462;0.54284483;0.078765206;2.3194;12889555561.0;0.544;62.897
Nigeria;NGA;1990;0.21886139;4.239531;2.9574194;0.55438805;0.10286224;74.3807;54035795388.0;;46.037
Nigeria;NGA;1991;0.21896875;4.2187753;2.9569178;0.55441815;0.10131527;80.517;59526833412.0;3.741;45.691
Nigeria;NGA;1992;0.21901406;4.205839;2.9557734;0.5544481;0.09992738;88.2282;52058181854.0;3.705;45.668
Nigeria;NGA;1993;0.21901034;4.199356;2.9540482;0.55447686;0.098648936;85.7241;56721051402.0;3.92;45.788
Nigeria;NGA;1994;0.21897121;4.197225;2.9518616;0.554505;0.09757396;79.8373;80399613064.0;3.959;45.513
Nigeria;NGA;1995;0.21889617;4.197546;2.9492297;0.55453056;0.096811056;87.8138;141000000000.0;4.041;45.487
Nigeria;NGA;1996;0.21868351;4.2453604;2.93651;0.5545547;0.09620583;102.5814;186000000000.0;3.944;45.567
Nigeria;NGA;1997;0.2182899;4.3591685;2.9098227;0.55457824;0.095552236;100.8514;201000000000.0;3.873;45.792
Nigeria;NGA;1998;0.2178448;4.4948244;2.8781903;0.554599;0.094989225;91.2462;218000000000.0;3.836;46.036
Nigeria;NGA;1999;0.21747857;4.6104794;2.8510609;0.5546174;0.09466777;89.7977;59145077039.0;3.898;46.614
Nigeria;NGA;2000;0.21731211;4.66333;2.8381388;0.55463165;0.09449253;99.4762;69171451627.0;3.87;47.193
Nigeria;NGA;2001;0.21751617;4.670237;2.8358388;0.55464095;0.09511198;105.1478;73557840064.0;3.827;47.619
Nigeria;NGA;2002;0.21804021;4.6754375;2.8341503;0.5546477;0.096488476;95.128;95054059303.0;3.618;47.928
Nigeria;NGA;2003;0.21869706;4.6796846;2.8332915;0.5546492;0.09842771;105.8153;105000000000.0;3.594;48.441
Nigeria;NGA;2004;0.21930403;4.682363;2.8335829;0.5546457;0.10060769;102.0203;136000000000.0;3.556;48.767
Nigeria;NGA;2005;0.21967424;4.684144;2.8353062;0.554634;0.10266463;100.0158;176000000000.0;3.69;49.297
Nigeria;NGA;2006;0.21991502;4.653525;2.866032;0.55461586;0.10490988;90.1441;238000000000.0;3.718;49.73
Nigeria;NGA;2007;0.22021341;4.5746503;2.9358232;0.5545925;0.10744687;82.4206;278000000000.0;3.767;50.033
Nigeria;NGA;2008;0.22052117;4.4687223;3.0182028;0.55456424;0.11018129;88.3927;339000000000.0;3.771;50.225
Nigeria;NGA;2009;0.22078964;4.3569036;3.086598;0.5545334;0.11292959;78.0337;295000000000.0;3.751;50.712
Nigeria;NGA;2010;0.22096312;4.2619557;3.1143734;0.5544997;0.11536019;91.134;367000000000.0;3.739;50.945
Nigeria;NGA;2011;0.22112346;4.1647706;3.1012988;0.55446625;0.117650546;100.4065;414000000000.0;3.77;51.357
Nigeria;NGA;2012;0.22135186;4.0479913;3.0722315;0.55443275;0.11998859;97.4866;464000000000.0;3.76;51.497
Nigeria;NGA;2013;0.22159992;3.9342535;3.0376163;0.5544004;0.12225791;109.7451;520000000000.0;3.711;51.707
Nigeria;NGA;2014;0.2218224;3.8476372;3.0080006;0.5543702;0.12432711;116.1493;574000000000.0;3.903;51.791
Nigeria;NGA;2015;0.22197212;3.81249;2.9940662;0.55434287;0.12606324;109.5288;493000000000.0;4.137;51.841
Nigeria;NGA;2016;0.22222939;3.815083;2.9935284;0.5543175;0.12795314;113.4968;405000000000.0;4.498;52.043
Nigeria;NGA;2017;0.22245735;3.8198779;2.9942634;0.5542925;0.12924859;112.7966;376000000000.0;4.826;52.305
Nigeria;NGA;2018;0.22253476;3.8207672;2.9934886;0.5542683;0.12949328;117.9394;422000000000.0;5.065;52.554
Nigeria;NGA;2019;0.22260755;3.8173978;2.9917774;0.5542446;0.12942946;123.3055;475000000000.0;5.206;52.91
Niue;NIU;1990;0.29404372;3.1480496;3.9498024;0.27515054;0.1040983;;;;
Niue;NIU;1991;0.29456645;3.1502428;3.9544897;0.27516404;0.10383554;;;;
Niue;NIU;1992;0.29496244;3.1536696;3.9585257;0.27514812;0.10338708;;;;
Niue;NIU;1993;0.29521936;3.1549485;3.9616103;0.27513003;0.10348366;;;;
Niue;NIU;1994;0.29533866;3.1564136;3.963721;0.27511856;0.10311066;;;;
Niue;NIU;1995;0.29533023;3.1542015;3.9646997;0.27511486;0.103133135;;;;
Niue;NIU;1996;0.29498333;3.1517937;3.9649596;0.27510953;0.10302534;;;;
Niue;NIU;1997;0.29425505;3.147946;3.9649487;0.2750967;0.1030956;;;;
Niue;NIU;1998;0.29340842;3.144183;3.9645216;0.27509657;0.10323351;;;;
Niue;NIU;1999;0.29271233;3.138808;3.9633353;0.27510145;0.10306367;;;;
Niue;NIU;2000;0.29244688;3.1361377;3.9607704;0.27509505;0.10331271;;;;
Niue;NIU;2001;0.29286882;3.1350017;3.9542625;0.27507666;0.103407845;;;;
Niue;NIU;2002;0.29383278;3.134064;3.9434924;0.2750449;0.10347509;;;;
Niue;NIU;2003;0.29501855;3.1314504;3.931388;0.2750129;0.10361202;;;;
Niue;NIU;2004;0.2961;3.1312172;3.9212224;0.27497673;0.103959486;;;;
Niue;NIU;2005;0.29675075;3.1297684;3.916289;0.27492458;0.10437544;;;;
Niue;NIU;2006;0.29704008;3.1311512;3.9196434;0.2748794;0.10490561;;;;
Niue;NIU;2007;0.2972563;3.132753;3.930091;0.2748593;0.10667277;;;;
Niue;NIU;2008;0.29741275;3.1362004;3.9438415;0.2748611;0.10785199;;;;
Niue;NIU;2009;0.29752243;3.1387572;3.9570606;0.27487114;0.10916892;;;;
Niue;NIU;2010;0.29759175;3.1408591;3.9663873;0.27487147;0.11033908;;;;
Niue;NIU;2011;0.29765618;3.1410093;3.9737594;0.27488378;0.11129339;;;;
Niue;NIU;2012;0.29773846;3.1387315;3.9824166;0.27491814;0.11248875;;;;
Niue;NIU;2013;0.29781514;3.1388972;3.9913971;0.2749582;0.11319184;;;;
Niue;NIU;2014;0.29788062;3.1357615;3.9990127;0.27499276;0.114421144;;;;
Niue;NIU;2015;0.2979259;3.1353981;4.0038824;0.2750108;0.11513912;;;;
Niue;NIU;2016;0.29847515;3.1355135;4.003984;0.2750386;0.11614946;;;;
Niue;NIU;2017;0.29894185;3.1349785;4.0039463;0.275087;0.11723685;;;;
Niue;NIU;2018;0.29817876;3.1378944;4.0103555;0.2751354;0.117503576;;;;
Niue;NIU;2019;0.29637173;3.1407;4.0224557;0.275173;0.118197;;;;
North Korea;PRK;1990;0.2749578;2.8953016;3.6443512;0.18233444;0.073173285;131.9645;;;70.21
North Korea;PRK;1991;0.27422833;2.888833;3.6434298;0.18235031;0.072650485;126.9156;;2.394;70.313
North Korea;PRK;1992;0.27342653;2.8820398;3.642853;0.18236645;0.07197394;112.2443;;2.427;70.824
North Korea;PRK;1993;0.27259538;2.874069;3.6424274;0.18237938;0.07081981;104.007;;2.53;71.871
North Korea;PRK;1994;0.27179864;2.8668916;3.6414497;0.18238568;0.07021676;95.1901;;2.639;70.718
North Korea;PRK;1995;0.27106032;2.8596976;3.6403131;0.18238331;0.06925937;89.1009;;2.659;60.894
North Korea;PRK;1996;0.27005962;2.8548331;3.64019;0.18237558;0.06810789;79.058;;2.693;60.956
North Korea;PRK;1997;0.26866874;2.8462827;3.6416662;0.18236838;0.06704467;76.672;;2.782;60.974
North Korea;PRK;1998;0.26722395;2.8384297;3.6438057;0.18235871;0.06599066;62.8686;;2.974;60.906
North Korea;PRK;1999;0.26609972;2.8307295;3.6447806;0.18233874;0.0650246;68.5664;;3.166;60.798
North Korea;PRK;2000;0.26562673;2.8216548;3.64384;0.18231548;0.064550415;73.8063;;3.147;60.763
North Korea;PRK;2001;0.26580924;2.8111088;3.6416647;0.18229058;0.06429498;76.673;;3.16;60.745
North Korea;PRK;2002;0.26627946;2.8018732;3.6398528;0.18226689;0.063765734;73.4431;;3.12;60.792
North Korea;PRK;2003;0.2668565;2.7905047;3.6379988;0.18224663;0.06378162;74.9821;;3.13;69.546
North Korea;PRK;2004;0.26737797;2.778046;3.6353788;0.18221529;0.06416539;76.5246;;3.079;69.437
North Korea;PRK;2005;0.26763675;2.7666843;3.632196;0.18218611;0.063991114;79.7374;;3.032;69.285
North Korea;PRK;2006;0.2674862;2.7510834;3.6274393;0.1821597;0.06452409;81.2485;;2.997;69.085
North Korea;PRK;2007;0.2669917;2.733137;3.6214998;0.18213625;0.06428602;67.9857;;2.98;68.911
North Korea;PRK;2008;0.2663081;2.7163928;3.6156104;0.18211672;0.064574696;74.4576;;2.906;68.958
North Korea;PRK;2009;0.2656205;2.7017505;3.6103525;0.18208848;0.06460824;56.8109;;2.895;69.732
North Korea;PRK;2010;0.26507062;2.6928356;3.6070626;0.1820646;0.06447868;53.1091;;2.825;70.419
North Korea;PRK;2011;0.2644565;2.6885262;3.6078677;0.1820453;0.06489347;38.8717;;2.903;70.978
North Korea;PRK;2012;0.2636009;2.6866274;3.6127727;0.18202758;0.06504811;39.6465;;2.92;71.626
North Korea;PRK;2013;0.26271483;2.6857734;3.6191716;0.18201101;0.06488611;28.6105;;2.93;72.319
North Korea;PRK;2014;0.26203144;2.6834774;3.623986;0.18199334;0.06519861;32.1727;;2.883;72.942
North Korea;PRK;2015;0.26175076;2.6812007;3.6247585;0.18197855;0.06513919;25.9761;;2.902;72.784
North Korea;PRK;2016;0.26270422;2.6757207;3.6050406;0.18196873;0.06551895;29.3319;;2.925;72.805
North Korea;PRK;2017;0.26365402;2.6695142;3.5852828;0.18195951;0.06579945;55.3701;;2.846;72.978
North Korea;PRK;2018;0.26299864;2.6698425;3.5908568;0.18194953;0.0658978;51.1864;;2.784;73.031
North Korea;PRK;2019;0.26126185;2.6769247;3.61212;0.18194291;0.06607657;56.4071;;2.838;73.198
North Macedonia;MKD;1990;0.28641182;2.710868;3.5813231;0.54257995;0.13155222;11.1899;4699646643.0;;71.23380488
North Macedonia;MKD;1991;0.2860003;2.708047;3.5832653;0.5425982;0.12942587;9.8986;4938775510.0;24.5;71.84443902
North Macedonia;MKD;1992;0.28560954;2.7040873;3.5853996;0.5426237;0.12751523;8.805;2436849342.0;26.3;71.24407317
North Macedonia;MKD;1993;0.28526518;2.700645;3.5881052;0.542671;0.12607692;9.0417;2682456897.0;27.7;71.92529268
North Macedonia;MKD;1994;0.2850028;2.6982138;3.5906568;0.5427131;0.12470001;8.7708;3559608640.0;30.0;71.69268293
North Macedonia;MKD;1995;0.28485948;2.6945765;3.5920644;0.54271585;0.123733;8.7164;4707041315.0;35.6;71.84878049
North Macedonia;MKD;1996;0.28474614;2.6895244;3.5928557;0.54268837;0.12290196;10.2734;4642021256.0;38.8;72.49512195
North Macedonia;MKD;1997;0.28462616;2.6785357;3.589136;0.5424666;0.12173704;9.2513;3912986091.0;36.0;72.44634146
North Macedonia;MKD;1998;0.28450814;2.6669774;3.5849407;0.5422272;0.12044937;10.1483;3765745023.0;34.5;72.29756098
North Macedonia;MKD;1999;0.2843368;2.6610553;3.5915747;0.542432;0.12058483;9.3663;3863619285.0;32.4;72.7902439
North Macedonia;MKD;2000;0.2842436;2.6586668;3.5990307;0.54268193;0.12093154;9.0372;3772859034.0;32.2;72.94634146
North Macedonia;MKD;2001;0.28434512;2.647467;3.5992937;0.5425953;0.12090875;9.2212;3709636031.0;30.52;73.43658537
North Macedonia;MKD;2002;0.28454563;2.6354215;3.6004884;0.54247296;0.12130515;8.6898;4018365747.0;31.94;73.03902439
North Macedonia;MKD;2003;0.28476956;2.6222143;3.6038141;0.54241467;0.1217263;9.4418;4946296599.0;36.69;73.24146341
North Macedonia;MKD;2004;0.28497586;2.6102307;3.606933;0.54237217;0.122424364;9.2009;5682784472.0;37.161;73.59756098
North Macedonia;MKD;2005;0.2851142;2.6010494;3.6082559;0.54232967;0.123169534;9.6629;6258602873.0;37.32;73.69756098
North Macedonia;MKD;2006;0.28521347;2.5902743;3.6088257;0.5422877;0.12387651;9.6465;6861226972.0;36.392;73.89512195
North Macedonia;MKD;2007;0.2853331;2.5780313;3.6099863;0.54224414;0.12551366;10.3599;8336474974.0;35.231;73.8
North Macedonia;MKD;2008;0.2854619;2.5655668;3.61114;0.5422022;0.12683564;10.1404;9909552435.0;33.93;74.4
North Macedonia;MKD;2009;0.28558904;2.5555928;3.61206;0.5421653;0.12854709;9.1198;9401736825.0;32.351;74.44634146
North Macedonia;MKD;2010;0.28570366;2.5508502;3.612125;0.542128;0.12986912;9.1733;9407170321.0;33.135;74.99756098
North Macedonia;MKD;2011;0.28590167;2.5484896;3.6111996;0.5420933;0.13126087;10.2423;10494626768.0;31.502;75.1
North Macedonia;MKD;2012;0.28623387;2.5476944;3.6093988;0.5420535;0.13268857;9.6186;9745261301.0;31.096;74.90243902
North Macedonia;MKD;2013;0.28661263;2.548642;3.60736;0.5420243;0.13420594;8.7945;10817702346.0;29.017;75.4
North Macedonia;MKD;2014;0.28695634;2.548142;3.605321;0.5420019;0.13589722;8.3502;11362265253.0;28.215;75.45121951
North Macedonia;MKD;2015;0.28718728;2.5494494;3.6026604;0.54196477;0.13722135;7.9369;10064519963.0;26.395;75.40243902
North Macedonia;MKD;2016;0.2873151;2.5496783;3.594225;0.5419295;0.13922976;7.6236;10672467073.0;24.312;75.4
North Macedonia;MKD;2017;0.28741446;2.5514817;3.5864341;0.5419033;0.14076634;7.9861;11307067070.0;22.857;75.95365854
North Macedonia;MKD;2018;0.28752446;2.5577798;3.586699;0.54188126;0.14160863;7.5528;12683068114.0;21.208;76.64878049
North Macedonia;MKD;2019;0.28765607;2.570906;3.5915322;0.5418609;0.14246428;8.6815;12606338449.0;17.414;76.60243902
Northern Mariana Islands;MNP;1990;0.32808113;2.659018;3.8583632;0.2801091;0.17484565;0.0;;;
Northern Mariana Islands;MNP;1991;0.32731548;2.6565888;3.8728209;0.2802428;0.17440498;0.0;;;
Northern Mariana Islands;MNP;1992;0.3263323;2.6609104;3.8827753;0.2803574;0.17237219;0.0;;;
Northern Mariana Islands;MNP;1993;0.32553753;2.665343;3.8896713;0.28039432;0.17002583;0.0;;;
Northern Mariana Islands;MNP;1994;0.32495484;2.6639225;3.897083;0.28039673;0.16843763;0.0;;;
Northern Mariana Islands;MNP;1995;0.32431418;2.65976;3.9082432;0.2804471;0.1677405;0.0;;;
Northern Mariana Islands;MNP;1996;0.3231688;2.659627;3.920035;0.28051177;0.16684102;0.0;;;
Northern Mariana Islands;MNP;1997;0.3216039;2.6650572;3.9346397;0.28051963;0.16581254;0.0;;;
Northern Mariana Islands;MNP;1998;0.31997868;2.6667717;3.9545822;0.28053376;0.1654418;0.0;;;
Northern Mariana Islands;MNP;1999;0.3185114;2.6662476;3.981352;0.28064877;0.16651545;0.0;;;
Northern Mariana Islands;MNP;2000;0.31759933;2.670642;4.0028696;0.2808211;0.16812257;0.0;;;
Northern Mariana Islands;MNP;2001;0.31766585;2.6819303;3.99485;0.28082758;0.16711771;0.0;;;
Northern Mariana Islands;MNP;2002;0.31846294;2.6964426;3.9705493;0.28068295;0.16487494;0.0;1284000000.0;;
Northern Mariana Islands;MNP;2003;0.31948304;2.7097769;3.9505386;0.28055707;0.16319373;0.0;1239000000.0;;
Northern Mariana Islands;MNP;2004;0.32019848;2.7164536;3.9422882;0.2805486;0.16279607;0.0;1210000000.0;;
Northern Mariana Islands;MNP;2005;0.32024467;2.7219782;3.9449923;0.2806301;0.16246127;0.0;1061000000.0;;
Northern Mariana Islands;MNP;2006;0.31967875;2.7281141;3.9512968;0.28062993;0.16112229;0.0;990000000.0;;
Northern Mariana Islands;MNP;2007;0.3186871;2.7304425;3.9594612;0.28055918;0.15920131;0.0;938000000.0;;
Northern Mariana Islands;MNP;2008;0.3174459;2.729468;3.9674597;0.28051874;0.15647686;0.0;939000000.0;;
Northern Mariana Islands;MNP;2009;0.31618175;2.7286022;3.9735029;0.2805552;0.15431562;0.0;795000000.0;;
Northern Mariana Islands;MNP;2010;0.31526196;2.7309608;3.9748735;0.28059608;0.15201311;0.0;799000000.0;;
Northern Mariana Islands;MNP;2011;0.3145886;2.7380462;3.9734952;0.2804792;0.14968793;0.0;729000000.0;;
Northern Mariana Islands;MNP;2012;0.31364572;2.74357;3.9798188;0.28033432;0.14674233;0.0;746000000.0;;
Northern Mariana Islands;MNP;2013;0.31251347;2.7488089;3.9930134;0.28029433;0.14516321;0.0;772000000.0;;
Northern Mariana Islands;MNP;2014;0.31136665;2.754004;4.008848;0.28038433;0.14421552;0.0;832000000.0;;
Northern Mariana Islands;MNP;2015;0.31070134;2.7600515;4.0191045;0.28047764;0.14414966;0.0;910000000.0;;
Northern Mariana Islands;MNP;2016;0.31164068;2.758994;4.0098424;0.28038123;0.14584132;0.0;1230000000.0;;
Northern Mariana Islands;MNP;2017;0.31274962;2.7581706;3.9957438;0.2802323;0.14869303;0.0;1560000000.0;;
Northern Mariana Islands;MNP;2018;0.31285483;2.7643206;3.9940984;0.2801679;0.15014476;0.0;1301000000.0;;
Northern Mariana Islands;MNP;2019;0.31241596;2.780081;4.0044084;0.28020623;0.15098754;0.0;1181000000.0;;
Norway;NOR;1990;0.28333887;2.9614632;7.1641345;0.8355143;0.41505915;36.4552;120000000000.0;;76.53731707
Norway;NOR;1991;0.28291845;3.0047672;7.1641793;0.8355028;0.41581523;33.9413;122000000000.0;5.407;76.98073171
Norway;NOR;1992;0.28258115;3.0380085;7.1612844;0.83546364;0.4166534;36.5775;131000000000.0;5.91;77.18439024
Norway;NOR;1993;0.2823304;3.0607593;7.1560655;0.8354137;0.4175397;38.7274;121000000000.0;5.965;77.15170732
Norway;NOR;1994;0.28217041;3.07412;7.1494474;0.8353603;0.41853437;40.6909;127000000000.0;5.349;77.6897561
Norway;NOR;1995;0.2821014;3.07927;7.142343;0.83529127;0.4196698;40.895;152000000000.0;6.307;77.73658537
Norway;NOR;1996;0.28218204;3.0653265;7.09093;0.835193;0.42095473;41.2228;164000000000.0;5.036;78.1504878
Norway;NOR;1997;0.28240517;3.031921;6.978439;0.83507967;0.422771;43.6179;161000000000.0;4.687;78.14268293
Norway;NOR;1998;0.28268844;2.9930205;6.846244;0.8349636;0.42477527;45.2851;154000000000.0;3.737;78.32926829
Norway;NOR;1999;0.28294814;2.961178;6.73588;0.83486557;0.42674917;46.9201;162000000000.0;3.247;78.28292683
Norway;NOR;2000;0.2830906;2.9515843;6.688804;0.83478904;0.42850858;42.0541;171000000000.0;3.458;78.63414634
Norway;NOR;2001;0.28318363;2.9779928;6.7080593;0.8344223;0.42983848;42.5385;174000000000.0;3.738;78.78536585
Norway;NOR;2002;0.28331336;3.0342743;6.756272;0.8336391;0.43091062;41.7933;196000000000.0;4.022;78.98780488
Norway;NOR;2003;0.28344944;3.0994284;6.814789;0.8326995;0.43191692;44.6803;229000000000.0;4.221;79.3902439
Norway;NOR;2004;0.28355777;3.153792;6.8648267;0.8318773;0.4331604;45.0959;265000000000.0;4.256;79.84146341
Norway;NOR;2005;0.28359896;3.1770527;6.886787;0.83141744;0.4348808;43.519;310000000000.0;4.381;80.04146341
Norway;NOR;2006;0.28356108;3.165975;6.8871355;0.831191;0.43729234;44.1983;347000000000.0;3.399;80.34390244
Norway;NOR;2007;0.28347012;3.137818;6.8852477;0.83090764;0.44019058;45.0634;403000000000.0;2.493;80.39512195
Norway;NOR;2008;0.28336188;3.1033254;6.88199;0.8305965;0.4434445;45.4758;465000000000.0;2.55;80.59268293
Norway;NOR;2009;0.2832684;3.0748343;6.87844;0.8303018;0.44643226;44.0298;388000000000.0;3.103;80.79512195
Norway;NOR;2010;0.2832236;3.0613675;6.874837;0.83005685;0.44851813;47.1631;431000000000.0;3.521;80.99756098
Norway;NOR;2011;0.28323165;3.0649781;6.8614793;0.8298358;0.44994146;46.1207;501000000000.0;3.215;81.29512195
Norway;NOR;2012;0.28326273;3.0776033;6.834079;0.82963437;0.45120144;45.6491;513000000000.0;3.123;81.45121951
Norway;NOR;2013;0.2833009;3.096956;6.8015614;0.8294561;0.45275363;46.232;526000000000.0;3.423;81.75121951
Norway;NOR;2014;0.28333285;3.1207197;6.77282;0.82929546;0.45419383;46.3844;502000000000.0;3.484;82.1
Norway;NOR;2015;0.28335482;3.1464283;6.7566686;0.8291418;0.45619804;47.225;388000000000.0;4.296;82.30487805
Norway;NOR;2016;0.2834477;3.2183096;6.7417626;0.8290058;0.46358582;46.3279;371000000000.0;4.679;82.40731707
Norway;NOR;2017;0.28348392;3.2785075;6.729138;0.82888865;0.47091836;46.3477;402000000000.0;4.162;82.6097561
Norway;NOR;2018;0.28322938;3.2730134;6.729469;0.82875776;0.47322372;45.7485;440000000000.0;3.8;82.75853659
Norway;NOR;2019;0.28272113;3.2382026;6.7358413;0.8286233;0.47473136;44.6071;409000000000.0;3.687;82.95853659
Oman;OMN;1990;0.26438686;3.9469006;4.5813107;0.68844014;0.23854655;15.5549;11685045514.0;;69.782
Oman;OMN;1991;0.26447624;3.9320135;4.5784106;0.68883836;0.24047206;18.9685;11341482445.0;4.148;70.189
Oman;OMN;1992;0.26459804;3.9190617;4.5729694;0.6889879;0.24168785;18.0857;12452275683.0;4.258;70.656
Oman;OMN;1993;0.26466885;3.9095776;4.5716963;0.6892867;0.24308103;17.1272;12493107932.0;4.106;71.165
Oman;OMN;1994;0.26461387;3.9105515;4.581812;0.6900262;0.24549404;16.0286;12918855657.0;4.17;71.385
Oman;OMN;1995;0.2645455;3.91284;4.595226;0.69079065;0.24758542;18.7462;13802600780.0;4.262;71.99
Oman;OMN;1996;0.26467946;3.914658;4.6035304;0.6914483;0.25014094;19.805;15277763329.0;4.345;72.191
Oman;OMN;1997;0.26494542;3.9175923;4.605921;0.69174093;0.2523139;20.4254;15837451235.0;4.278;72.415
Oman;OMN;1998;0.26512358;3.926145;4.6123376;0.6920718;0.2536944;19.8635;13996914694.0;4.342;72.97
Oman;OMN;1999;0.26508367;3.9433796;4.6335998;0.6930152;0.25693077;22.3708;15593456177.0;4.417;73.184
Oman;OMN;2000;0.26497835;3.958887;4.6553564;0.69403;0.25970778;25.2641;19507452536.0;4.396;73.466
Oman;OMN;2001;0.2649473;3.9597669;4.6625896;0.6945638;0.26177648;28.3759;19452000520.0;4.337;73.808
Oman;OMN;2002;0.26487973;3.9603562;4.6597123;0.69429076;0.2630216;30.3525;20142756047.0;4.374;73.869
Oman;OMN;2003;0.26461425;3.9677382;4.666339;0.69409096;0.2643105;32.0911;21633708192.0;4.653;74.14
Oman;OMN;2004;0.26414952;3.9858143;4.6969786;0.69505477;0.2672465;31.6901;24763712874.0;4.756;74.329
Oman;OMN;2005;0.26388717;4.0005975;4.721736;0.6961867;0.27087858;32.9434;31081991678.0;4.64;74.396
Oman;OMN;2006;0.26410508;3.9891977;4.709262;0.695746;0.27251536;42.0779;37215779714.0;4.391;74.48
Oman;OMN;2007;0.26456583;3.9700732;4.6774826;0.6939772;0.2730138;45.4843;42085379454.0;4.3;74.461
Oman;OMN;2008;0.26486355;3.9642463;4.6627517;0.69292545;0.27423704;44.6484;60905452536.0;4.142;74.612
Oman;OMN;2009;0.2649808;3.964669;4.6652412;0.69280076;0.27626622;47.0186;48388363589.0;3.991;74.681
Oman;OMN;2010;0.26530024;3.9518387;4.6455946;0.69182664;0.27597758;51.4024;64993498049.0;3.925;76.269
Oman;OMN;2011;0.26587224;3.913775;4.5882783;0.68870974;0.27198893;59.6481;77497529259.0;3.928;76.608
Oman;OMN;2012;0.2662155;3.8870404;4.545586;0.6858391;0.26780123;67.3398;87408842653.0;3.727;77.061
Oman;OMN;2013;0.265975;3.892547;4.556499;0.6854108;0.26740417;70.533;89936020806.0;3.516;77.246
Oman;OMN;2014;0.26555872;3.9046297;4.5862274;0.6860939;0.26892596;74.9285;92699089727.0;3.43;77.446
Oman;OMN;2015;0.26538405;3.9072137;4.5969;0.68619406;0.26906314;79.2209;78710793238.0;3.392;77.687
Oman;OMN;2016;0.2656957;3.8921938;4.5663915;0.6852686;0.26740268;81.6285;75128738622.0;3.266;77.916
Oman;OMN;2017;0.26580563;3.8886166;4.5516553;0.68514025;0.2666335;82.2732;80856697009.0;2.524;77.924
Oman;OMN;2018;0.26519823;3.9171681;4.576232;0.68569195;0.26674458;85.246;91505851756.0;1.8;77.966
Oman;OMN;2019;0.2642391;3.962998;4.61154;0.68607295;0.26507118;86.2674;88060858257.0;2.052;78.002
Pakistan;PAK;1990;0.28375715;4.055531;3.3342109;0.3884243;0.09958724;65.4981;40010423970.0;;60.066
Pakistan;PAK;1991;0.2838079;4.019988;3.337557;0.38841733;0.100296594;66.7323;45625336680.0;0.586;60.259
Pakistan;PAK;1992;0.28381503;3.9910135;3.340603;0.3884099;0.10091613;73.9086;48884671947.0;0.583;60.116
Pakistan;PAK;1993;0.28378683;3.9690187;3.343208;0.38840175;0.10129332;81.5329;51809999353.0;0.588;59.934
Pakistan;PAK;1994;0.28373042;3.9537704;3.3452585;0.3883925;0.10145389;83.9806;52293470813.0;0.591;60.116
Pakistan;PAK;1995;0.28365418;3.9449594;3.3466156;0.38838124;0.10165961;90.4634;60636071684.0;0.596;59.878
Pakistan;PAK;1996;0.28348395;3.9471653;3.3475697;0.38836604;0.10178294;94.1065;63320170084.0;0.591;60.398
Pakistan;PAK;1997;0.28319103;3.9584641;3.3484974;0.38834915;0.10185218;97.7797;62433340468.0;0.596;60.603
Pakistan;PAK;1998;0.28285494;3.9725208;3.3494558;0.38833228;0.10178724;99.1116;62191955814.0;0.6;61.09
Pakistan;PAK;1999;0.282549;3.9842603;3.350565;0.38831547;0.10188367;108.5115;62973857069.0;0.602;61.679
Pakistan;PAK;2000;0.2823471;3.988465;3.3519294;0.38829738;0.1019679;109.6798;99484802345.0;0.597;62.102
Pakistan;PAK;2001;0.28221238;3.9877968;3.355638;0.38827792;0.10219855;112.3113;97145618480.0;0.595;62.421
Pakistan;PAK;2002;0.28206483;3.9856102;3.3624845;0.38825735;0.10252541;112.8405;97923302809.0;0.597;62.626
Pakistan;PAK;2003;0.28191802;3.981929;3.3706222;0.38823766;0.10303782;116.7722;112000000000.0;0.595;62.843
Pakistan;PAK;2004;0.28178024;3.9768229;3.3782537;0.38821775;0.10348959;130.4291;132000000000.0;0.588;63.052
Pakistan;PAK;2005;0.2816564;3.9707084;3.3836133;0.388194;0.10402861;132.7764;145000000000.0;0.582;62.466
Pakistan;PAK;2006;0.2815056;3.954194;3.388188;0.38817078;0.104749374;143.8631;162000000000.0;0.582;63.731
Pakistan;PAK;2007;0.2812978;3.9236622;3.3941;0.38814792;0.10585021;159.775;184000000000.0;0.398;63.852
Pakistan;PAK;2008;0.28106162;3.8873432;3.4004984;0.38812524;0.10698844;155.0884;202000000000.0;0.423;64.036
Pakistan;PAK;2009;0.28082585;3.8556912;3.4065208;0.38810223;0.10838286;158.0683;187000000000.0;0.535;64.14
Pakistan;PAK;2010;0.28061777;3.8335066;3.411328;0.38807783;0.10955748;152.1204;197000000000.0;0.653;64.436
Pakistan;PAK;2011;0.28034398;3.8236635;3.4172912;0.38805598;0.110561125;153.7653;231000000000.0;0.796;64.648
Pakistan;PAK;2012;0.27994394;3.8215995;3.4260843;0.38803375;0.11173971;154.9158;250000000000.0;3.667;64.782
Pakistan;PAK;2013;0.2795033;3.8226957;3.4357598;0.38801187;0.112549275;156.5991;259000000000.0;2.954;65.15
Pakistan;PAK;2014;0.2791062;3.8264847;3.444358;0.38799047;0.11376306;165.0367;271000000000.0;1.827;65.284
Pakistan;PAK;2015;0.27883446;3.8279138;3.449933;0.38796896;0.11509705;174.4397;300000000000.0;3.566;65.697
Pakistan;PAK;2016;0.27863032;3.8254204;3.4533894;0.38794965;0.117202;193.2304;314000000000.0;2.286;65.88
Pakistan;PAK;2017;0.2785134;3.8278644;3.4564939;0.3879311;0.11930539;210.2887;339000000000.0;3.193;66.297
Pakistan;PAK;2018;0.27860916;3.8657758;3.4630315;0.38791358;0.12043045;198.4501;356000000000.0;4.083;66.482
Pakistan;PAK;2019;0.27888608;3.9425256;3.474194;0.38789725;0.12147353;195.4585;321000000000.0;4.83;66.756
Palau;PLW;1990;0.2964115;3.1242225;3.9214303;0.27095005;0.11568045;2.155;97702303.05;;69.06926829
Palau;PLW;1991;0.29702154;3.1317542;3.9298956;0.2710268;0.11621052;2.1389;106555300.0;;
Palau;PLW;1992;0.2974907;3.136926;3.937216;0.2710889;0.11690913;1.955;104771300.0;;
Palau;PLW;1993;0.2978343;3.1392791;3.9417741;0.27114072;0.11699727;2.0008;96455700.0;;
Palau;PLW;1994;0.29808617;3.1397316;3.9419978;0.2711633;0.11722434;2.9945;106138500.0;;
Palau;PLW;1995;0.29831704;3.1373622;3.9363935;0.27109867;0.11718251;2.3487;121018500.0;;71.84463415
Palau;PLW;1996;0.29838732;3.125085;3.9253056;0.27089858;0.11672041;2.2106;137494600.0;;
Palau;PLW;1997;0.29813138;3.1120083;3.9124413;0.2706464;0.116620384;2.5174;143860800.0;;
Palau;PLW;1998;0.29772478;3.0979247;3.898425;0.27040488;0.115786135;2.2781;149079600.0;;
Palau;PLW;1999;0.2973832;3.0857003;3.8847177;0.27020872;0.11524716;2.4191;144206500.0;;
Palau;PLW;2000;0.2973574;3.0758402;3.8733368;0.27006385;0.11476627;2.1215;149535827.6;;70.49365854
Palau;PLW;2001;0.29788578;3.0731113;3.8670738;0.26997954;0.11483332;2.3631;159453506.5;;
Palau;PLW;2002;0.29883745;3.0741925;3.8644094;0.2699521;0.1152553;1.4439;162665542.6;;
Palau;PLW;2003;0.29986626;3.0798728;3.86429;0.2699878;0.115563154;1.7179;154559875.5;;
Palau;PLW;2004;0.30063564;3.0843956;3.8671656;0.27006045;0.11641919;1.5217;166391555.8;;
Palau;PLW;2005;0.30083376;3.089746;3.8736098;0.27014628;0.11667094;1.7341;191048400.9;;69.12926829
Palau;PLW;2006;0.30043045;3.0942488;3.8857837;0.27021706;0.11710399;1.6964;193679687.5;;
Palau;PLW;2007;0.29971272;3.0986428;3.9028573;0.27027008;0.11719476;1.3828;200903640.7;;
Palau;PLW;2008;0.2988948;3.1045542;3.9204962;0.27032542;0.11703699;1.3976;201167343.1;;
Palau;PLW;2009;0.29818815;3.1082473;3.9355676;0.27036935;0.116897985;2.1727;189997985.8;;
Palau;PLW;2010;0.29779753;3.1110709;3.9452724;0.27040544;0.1166549;2.1102;188174270.6;;
Palau;PLW;2011;0.2976002;3.1098921;3.9523373;0.27042642;0.11666305;2.3692;198873916.6;;
Palau;PLW;2012;0.29738823;3.1086721;3.9592338;0.27041253;0.11739798;3.6035;215762390.1;;
Palau;PLW;2013;0.29724655;3.1066196;3.963341;0.27035835;0.11752816;1.8238;224265167.2;;
Palau;PLW;2014;0.29723307;3.1034768;3.964006;0.27026948;0.11784694;1.2676;245731216.4;;
Palau;PLW;2015;0.29738092;3.1001368;3.9606752;0.2701783;0.118084505;1.1952;287215972.9;;
Palau;PLW;2016;0.2984518;3.0924435;3.9479616;0.27010906;0.11872268;1.1442;305404174.8;;
Palau;PLW;2017;0.29945442;3.087099;3.9358761;0.27003792;0.119499005;1.1962;292345764.2;;
Palau;PLW;2018;0.29909232;3.0866804;3.9368443;0.269949;0.11970702;1.2304;288160980.2;;
Palau;PLW;2019;0.29782072;3.089023;3.9466903;0.2698488;0.11985811;1.2682;281828704.8;;
Palestine;PSE;1990;0.2476951;6.296827;5.437921;0.7924694;0.13014643;;;;67.934
Palestine;PSE;1991;0.24792199;6.2774663;5.4363112;0.79214686;0.13075502;;;10.55;68.306
Palestine;PSE;1992;0.24815252;6.266945;5.4352384;0.7918456;0.13159764;;;10.304;68.592
Palestine;PSE;1993;0.2483804;6.2617707;5.433813;0.791566;0.13258186;;;10.407;68.853
Palestine;PSE;1994;0.24858436;6.261598;5.4320226;0.7913085;0.13366799;;2843300000.0;10.183;69.413
Palestine;PSE;1995;0.24874838;6.2643595;5.429462;0.79107153;0.13473603;;3282800000.0;10.379;69.662
Palestine;PSE;1996;0.24894516;6.342345;5.4274893;0.7908535;0.13648196;;3409600000.0;10.494;70.055
Palestine;PSE;1997;0.24921082;6.521219;5.4275875;0.7906676;0.13823415;;3759800000.0;10.515;70.396
Palestine;PSE;1998;0.2494841;6.7369967;5.4287;0.7905216;0.1408603;;4067800000.0;10.433;70.632
Palestine;PSE;1999;0.2496987;6.9227004;5.430454;0.79042107;0.14249492;;4271200000.0;10.351;70.855
Palestine;PSE;2000;0.24978842;7.006831;5.432334;0.7903785;0.14337142;;4313600000.0;10.625;70.388
Palestine;PSE;2001;0.2496807;7.0180025;5.4368563;0.7903969;0.14368683;;4003700000.0;21.493;69.887
Palestine;PSE;2002;0.24940547;7.025387;5.4454727;0.7904652;0.14386016;;3555800000.0;27.465;70.969
Palestine;PSE;2003;0.24905746;7.029476;5.45512;0.7905512;0.14414921;;3968000000.0;23.004;71.053
Palestine;PSE;2004;0.24872969;7.026218;5.463848;0.7906442;0.14383635;;4603100000.0;23.215;71.182
Palestine;PSE;2005;0.24851625;7.0236554;5.469396;0.7907331;0.14412732;;5125700000.0;20.016;72.067
Palestine;PSE;2006;0.24831598;7.0185223;5.4737787;0.7908265;0.14430866;;5348300000.0;19.014;71.915
Palestine;PSE;2007;0.24801883;7.011625;5.4796677;0.7909143;0.1447338;;5815700000.0;18.282;72.153
Palestine;PSE;2008;0.24770269;7.0020432;5.485827;0.79099774;0.14536858;;7310400000.0;22.913;72.413
Palestine;PSE;2009;0.24744445;6.989198;5.4920964;0.79109055;0.14587836;;8085700000.0;20.452;72.608
Palestine;PSE;2010;0.24732782;6.971681;5.496711;0.7911194;0.14646922;;9681500000.0;21.416;73.004
Palestine;PSE;2011;0.24737419;6.93137;5.502382;0.7910914;0.14756195;;11186100000.0;17.597;73.243
Palestine;PSE;2012;0.24751742;6.856684;5.5114255;0.79106;0.14940538;;12208400000.0;19.202;73.466
Palestine;PSE;2013;0.24770895;6.7573338;5.5209093;0.7910209;0.15124604;;13515500000.0;19.894;74.029
Palestine;PSE;2014;0.24790195;6.6439223;5.5289345;0.7909717;0.15331355;;13989700000.0;20.527;72.622
Palestine;PSE;2015;0.24804811;6.5264244;5.5333457;0.7909199;0.15452918;;13972400000.0;23.005;74.406
Palestine;PSE;2016;0.24849649;6.333089;5.53101;0.7908652;0.15647206;;15405400000.0;23.939;74.554
Palestine;PSE;2017;0.24890426;6.19035;5.527253;0.7908122;0.15753616;;16128000000.0;25.677;74.833
Palestine;PSE;2018;0.24873625;6.1822557;5.5319905;0.7907663;0.15803477;;16276600000.0;26.256;74.793
Palestine;PSE;2019;0.24819995;6.1989517;5.5458045;0.7907242;0.15811732;;17133500000.0;25.34;75.241
Panama;PAN;1990;0.2789693;2.9718041;3.4903557;0.84976625;0.19464187;2.7182;6433967000.0;;71.097
Panama;PAN;1991;0.2788608;2.9670222;3.4928315;0.84973335;0.19595863;3.1363;7074675500.0;6.451;71.207
Panama;PAN;1992;0.27881202;2.9633834;3.4952207;0.8497144;0.19673945;3.7427;8042337700.0;6.298;71.462
Panama;PAN;1993;0.27880937;2.9598231;3.497469;0.8497155;0.19767183;3.8251;8782585400.0;6.348;71.8
Panama;PAN;1994;0.27883935;2.9582832;3.499448;0.84973454;0.19902816;4.0697;9365289800.0;6.439;72.096
Panama;PAN;1995;0.27888826;2.958334;3.5009363;0.8497575;0.20031305;4.3797;9573813700.0;6.51;72.385
Panama;PAN;1996;0.27906802;2.9590364;3.5020368;0.84977835;0.20200318;4.41;9870494000.0;6.525;72.675
Panama;PAN;1997;0.27942142;2.9624329;3.5030744;0.8497987;0.20462255;4.6365;10677286100.0;6.423;72.97
Panama;PAN;1998;0.27983332;2.9663556;3.5040631;0.8498207;0.2072503;5.7173;11575486400.0;6.297;73.279
Panama;PAN;1999;0.2801885;2.9701335;3.5050259;0.84984607;0.20974526;5.0043;12130252200.0;6.285;73.622
Panama;PAN;2000;0.2803726;2.9726222;3.5058346;0.8498679;0.2123473;5.1891;12304115000.0;6.322;74.001
Panama;PAN;2001;0.28035367;2.9735262;3.506457;0.84988743;0.2147046;6.2025;12502013400.0;6.429;74.414
Panama;PAN;2002;0.2802309;2.9751391;3.5071437;0.8499073;0.21729755;5.4081;12994310400.0;6.419;74.824
Panama;PAN;2003;0.28008953;2.9746935;3.5080476;0.84992594;0.21933353;5.4786;13693981200.0;6.393;75.218
Panama;PAN;2004;0.28001526;2.9766812;3.5092585;0.8499398;0.22209461;5.506;15013381700.0;6.171;75.544
Panama;PAN;2005;0.2800937;2.9749594;3.5108962;0.8499485;0.22495219;7.099;16374393900.0;6.041;75.829
Panama;PAN;2006;0.28059223;2.9709537;3.514762;0.8499573;0.22860977;7.4883;18141666300.0;5.849;76.012
Panama;PAN;2007;0.28154537;2.9617941;3.5216844;0.84996533;0.23306891;7.4755;21295984200.0;5.743;76.154
Panama;PAN;2008;0.28269088;2.9526892;3.530498;0.849975;0.23852842;7.2555;25155888600.0;5.704;76.225
Panama;PAN;2009;0.2837672;2.9449914;3.5400226;0.8499873;0.24367703;8.6731;27116635600.0;5.849;76.343
Panama;PAN;2010;0.28451452;2.9405684;3.548972;0.849998;0.24823123;9.1776;29440287600.0;5.873;76.448
Panama;PAN;2011;0.28508297;2.9397197;3.560821;0.8500042;0.25280872;9.9955;34686224300.0;4.049;76.627
Panama;PAN;2012;0.2857305;2.9386625;3.5778873;0.85000795;0.25736618;10.4516;40429700000.0;3.717;76.819
Panama;PAN;2013;0.28636274;2.937879;3.5971534;0.8500075;0.26188096;10.2621;45599900000.0;3.707;77.038
Panama;PAN;2014;0.28688574;2.9384325;3.6155932;0.849999;0.2658846;10.7718;49921400000.0;4.415;77.248
Panama;PAN;2015;0.2872083;2.9384346;3.629907;0.8499447;0.2695206;10.6311;54091800000.0;4.37;77.468
Panama;PAN;2016;0.2872327;2.938605;3.6460195;0.8497949;0.27253687;10.6644;57907700000.0;4.758;77.653
Panama;PAN;2017;0.28720427;2.9386287;3.6576738;0.8496313;0.27548108;10.1457;62202700000.0;5.395;77.795
Panama;PAN;2018;0.28750524;2.93866;3.659416;0.84956104;0.27858958;9.9267;67294169200.0;5.218;77.863
Panama;PAN;2019;0.28811285;2.9369144;3.6566825;0.8495454;0.28251824;13.1056;69721787500.0;6.332;77.81
Papua New Guinea;PNG;1990;0.27021798;3.1801066;3.9020689;0.2634273;0.07349061;2.108;3219729083.0;;59.721
Papua New Guinea;PNG;1991;0.2708335;3.181504;3.9074435;0.26343936;0.07424937;2.1036;3787394958.0;2.839;59.908
Papua New Guinea;PNG;1992;0.27130798;3.1814609;3.9126596;0.2634456;0.07474703;2.1981;4377980510.0;2.651;60.218
Papua New Guinea;PNG;1993;0.2716442;3.1798153;3.9171493;0.2634522;0.07532502;2.1738;4974550286.0;2.422;60.506
Papua New Guinea;PNG;1994;0.27183658;3.1782546;3.9208796;0.26346081;0.07544982;2.2103;5502786070.0;2.454;60.756
Papua New Guinea;PNG;1995;0.2718892;3.177195;3.923554;0.26347008;0.075666495;2.2614;4636057476.0;2.633;61.049
Papua New Guinea;PNG;1996;0.2716435;3.173281;3.9258711;0.263484;0.07585457;2.3499;5155311077.0;2.751;61.105
Papua New Guinea;PNG;1997;0.2710994;3.1668243;3.9284716;0.26349276;0.07584231;2.5296;4936615299.0;2.87;61.377
Papua New Guinea;PNG;1998;0.27045554;3.157869;3.93065;0.2635024;0.075641274;3.1866;3789443015.0;2.871;60.629
Papua New Guinea;PNG;1999;0.26990724;3.1488144;3.9320147;0.2635153;0.07559241;2.5341;3477038204.0;2.943;61.672
Papua New Guinea;PNG;2000;0.26965788;3.1439521;3.9319336;0.26353;0.07564221;3.1932;3521339699.0;2.92;61.72
Papua New Guinea;PNG;2001;0.26976532;3.139505;3.9286036;0.26353902;0.07538127;3.8012;3081024212.0;2.801;61.773
Papua New Guinea;PNG;2002;0.27009;3.135568;3.9219806;0.26353705;0.074937575;4.2937;2999511040.0;2.754;61.698
Papua New Guinea;PNG;2003;0.27049816;3.1303155;3.9142787;0.2635402;0.074231595;4.7605;3536411824.0;2.627;61.797
Papua New Guinea;PNG;2004;0.27085373;3.1271694;3.9080822;0.26355213;0.07370867;5.0688;3927157867.0;2.524;61.761
Papua New Guinea;PNG;2005;0.27102774;3.123581;3.9057834;0.26357204;0.07348522;5.4771;4865892972.0;2.386;61.801
Papua New Guinea;PNG;2006;0.27103493;3.1175976;3.9104457;0.2635791;0.07367795;5.5423;8354911041.0;2.286;61.917
Papua New Guinea;PNG;2007;0.27100772;3.1112862;3.9209938;0.263576;0.07395788;5.2777;9545028944.0;2.171;62.034
Papua New Guinea;PNG;2008;0.27096644;3.1045105;3.9339225;0.2635803;0.074311785;5.1067;11670892801.0;2.168;62.571
Papua New Guinea;PNG;2009;0.27093145;3.0993109;3.946071;0.26359385;0.07450198;5.1014;11619456449.0;2.088;62.788
Papua New Guinea;PNG;2010;0.2709293;3.0942163;3.9541361;0.26361597;0.0747977;4.2927;14250786675.0;2.002;63.039
Papua New Guinea;PNG;2011;0.27100134;3.0912275;3.9605753;0.263622;0.07532219;4.5499;17985138066.0;2.62;63.526
Papua New Guinea;PNG;2012;0.27114832;3.086922;3.9684594;0.26362348;0.07591486;4.3289;21295168666.0;2.627;63.733
Papua New Guinea;PNG;2013;0.27131885;3.0845432;3.9761202;0.26362878;0.0767814;4.6163;21261338065.0;2.682;63.961
Papua New Guinea;PNG;2014;0.27146384;3.0816648;3.982151;0.2636375;0.07764468;5.5623;23210823987.0;2.524;64.259
Papua New Guinea;PNG;2015;0.2715391;3.0808287;3.9850328;0.26364994;0.078247815;6.0611;21723437010.0;2.487;64.701
Papua New Guinea;PNG;2016;0.27183214;3.078117;3.9818754;0.26365197;0.07937629;6.7149;20758876953.0;2.453;64.84
Papua New Guinea;PNG;2017;0.2720725;3.0769906;3.9786406;0.26365343;0.080411285;6.5972;22742699138.0;2.544;65.103
Papua New Guinea;PNG;2018;0.27173963;3.0758343;3.983458;0.26365557;0.08075359;6.7629;24109780708.0;2.604;65.182
Papua New Guinea;PNG;2019;0.27093467;3.072686;3.995107;0.263657;0.08146171;7.1905;24751066911.0;2.599;65.474
Paraguay;PRY;1990;0.27350184;3.4888797;6.134645;1.0906271;0.18176992;2.181;5812114523.0;;67.944
Paraguay;PRY;1991;0.2739248;3.5027003;6.1384864;1.0906445;0.18279928;2.1311;6984367763.0;5.1;68.173
Paraguay;PRY;1992;0.2742531;3.513858;6.141916;1.0906606;0.1842019;2.5544;7157424031.0;4.98;68.395
Paraguay;PRY;1993;0.27448615;3.5228217;6.1446404;1.0906647;0.18547542;2.9118;7249533620.0;5.06;68.633
Paraguay;PRY;1994;0.27462623;3.530851;6.1463437;1.0906634;0.18672577;3.3926;7870982005.0;4.41;68.824
Paraguay;PRY;1995;0.27467355;3.5346148;6.146814;1.0906534;0.18800043;3.8507;9062131475.0;3.4;69.009
Paraguay;PRY;1996;0.2745475;3.5321941;6.1465955;1.0906332;0.18865258;3.799;9788391781.0;8.15;69.202
Paraguay;PRY;1997;0.27424222;3.5220187;6.146295;1.0906034;0.19032545;4.2075;9965225678.0;5.36;69.325
Paraguay;PRY;1998;0.27386883;3.5084412;6.1458535;1.0905602;0.19154195;4.4083;9260481572.0;4.417;69.478
Paraguay;PRY;1999;0.273539;3.4967215;6.1453342;1.0905132;0.1923392;4.4128;8837070236.0;5.343;69.634
Paraguay;PRY;2000;0.2733648;3.4945135;6.1446095;1.0904619;0.19335298;3.6388;8855705140.0;7.61;69.75
Paraguay;PRY;2001;0.27331552;3.500226;6.1446;1.0904056;0.19333851;3.7753;8495806432.0;6.206;69.9
Paraguay;PRY;2002;0.2732866;3.5116282;6.1458607;1.0903486;0.19325803;3.9522;7196260657.0;9.393;70.025
Paraguay;PRY;2003;0.2732799;3.525965;6.147599;1.0902934;0.19358622;4.0783;7691367471.0;6.814;70.297
Paraguay;PRY;2004;0.27329692;3.535087;6.1492057;1.0902439;0.19379106;4.1254;9624440836.0;6.513;70.481
Paraguay;PRY;2005;0.27334028;3.5440972;6.1497874;1.0901971;0.19427982;3.8027;10737500188.0;4.825;70.527
Paraguay;PRY;2006;0.27352187;3.547505;6.1487045;1.0901499;0.19529893;4.0979;13429430050.0;5.277;70.781
Paraguay;PRY;2007;0.27387935;3.553158;6.1468406;1.0901068;0.19673204;3.8918;17856393235.0;4.713;71.106
Paraguay;PRY;2008;0.27430582;3.5587347;6.1452355;1.0900676;0.19915375;4.5471;24615267664.0;4.415;71.384
Paraguay;PRY;2009;0.2746927;3.5645313;6.1451707;1.0900334;0.20110907;4.6908;22355151162.0;5.46;71.635
Paraguay;PRY;2010;0.27493295;3.572009;6.147759;1.090003;0.20265158;5.2207;27260886405.0;4.569;71.887
Paraguay;PRY;2011;0.27508578;3.5896237;6.159831;1.0899729;0.20454471;5.4265;33756238767.0;4.67;72.131
Paraguay;PRY;2012;0.27527013;3.623417;6.183371;1.0899434;0.20668787;5.3865;33271921136.0;4.086;72.454
Paraguay;PRY;2013;0.27547148;3.6630912;6.2118993;1.0899142;0.20939341;5.6275;38501122141.0;4.385;72.757
Paraguay;PRY;2014;0.27567273;3.696587;6.2390456;1.0898882;0.21133132;5.9781;40377929296.0;5.034;72.878
Paraguay;PRY;2015;0.27585816;3.7140288;6.2584696;1.0898672;0.21297961;6.7133;36211447840.0;4.556;73.191
Paraguay;PRY;2016;0.27649578;3.7146676;6.276625;1.0898495;0.21302211;7.5879;36089700223.0;5.255;73.534
Paraguay;PRY;2017;0.2771916;3.711601;6.29034;1.0898335;0.21251613;8.4471;38997129474.0;6.138;73.644
Paraguay;PRY;2018;0.27752686;3.7050068;6.2973714;1.0898162;0.21531403;8.7196;40225448341.0;6.217;73.568
Paraguay;PRY;2019;0.2778201;3.6945765;6.304892;1.0898001;0.21759573;8.4965;37925338329.0;6.595;73.621
Peru;PER;1990;0.27267778;2.4169803;5.4637904;0.92045534;0.23525187;20.8331;26410386963.0;;65.106
Peru;PER;1991;0.27256167;2.416134;5.4554496;0.9204757;0.2408891;20.2283;34341465998.0;4.961;65.434
Peru;PER;1992;0.2724914;2.4134219;5.448895;0.9204766;0.24635199;21.1022;35966302303.0;5.098;66.149
Peru;PER;1993;0.272457;2.4098642;5.444233;0.92045665;0.25112405;22.1528;34832077221.0;4.828;66.681
Peru;PER;1994;0.27244896;2.404977;5.441243;0.920416;0.25517476;22.7411;44882079767.0;4.526;67.227
Peru;PER;1995;0.27245706;2.400898;5.439775;0.92035896;0.257856;25.859;53312793687.0;4.737;67.644
Peru;PER;1996;0.27253744;2.3953025;5.4431796;0.9202986;0.25927952;28.4191;55252414130.0;4.95;68.147
Peru;PER;1997;0.27271754;2.3856204;5.45216;0.9202395;0.26091656;28.3603;58147522523.0;4.784;68.605
Peru;PER;1998;0.27294108;2.3733277;5.4630136;0.92017907;0.26230097;27.2638;55501467877.0;5.11;69.082
Peru;PER;1999;0.27315;2.3611932;5.4722095;0.9201204;0.26373;29.3046;50187324568.0;5.02;69.743
Peru;PER;2000;0.27328673;2.350754;5.4761777;0.92006594;0.26507264;28.9765;51744749133.0;4.965;70.424
Peru;PER;2001;0.27337706;2.3419836;5.47415;0.92001724;0.26645312;26.9289;52030158775.0;5.067;71.041
Peru;PER;2002;0.27348688;2.3329954;5.4691005;0.9199776;0.2679311;28.0918;54777553515.0;4.84;71.661
Peru;PER;2003;0.27361897;2.323815;5.463075;0.9199485;0.26905996;27.5427;58731030122.0;4.15;72.217
Peru;PER;2004;0.27377376;2.3117108;5.4582376;0.91993463;0.27093348;31.8107;66768703498.0;4.71;72.668
Peru;PER;2005;0.27395254;2.2988348;5.4566374;0.9199335;0.27380213;31.8298;76060606061.0;4.87;72.986
Peru;PER;2006;0.27434352;2.27525;5.4596467;0.9199387;0.27830985;31.4792;88643193062.0;4.17;73.172
Peru;PER;2007;0.27502033;2.2390494;5.466121;0.9199446;0.284008;34.3648;102000000000.0;4.08;73.223
Peru;PER;2008;0.2758129;2.201741;5.474124;0.91993845;0.29046115;38.9829;121000000000.0;4.03;73.377
Peru;PER;2009;0.27654612;2.1723714;5.482279;0.9199279;0.29624662;41.9637;121000000000.0;3.96;73.466
Peru;PER;2010;0.27704513;2.1591437;5.4892483;0.9199173;0.29953635;45.8354;148000000000.0;3.6;73.711
Peru;PER;2011;0.2773959;2.1613986;5.4988937;0.91990733;0.29850128;49.1665;172000000000.0;3.477;74.133
Peru;PER;2012;0.27776974;2.1695633;5.5137086;0.9199015;0.29556394;49.1075;193000000000.0;3.238;74.544
Peru;PER;2013;0.27812073;2.1816413;5.530182;0.9199013;0.29147992;50.1197;201000000000.0;3.575;74.967
Peru;PER;2014;0.2784089;2.192743;5.543982;0.91987056;0.28793097;53.1694;201000000000.0;3.208;75.333
Peru;PER;2015;0.2785906;2.1977386;5.5514746;0.9198055;0.28687468;54.7017;190000000000.0;3.272;75.621
Peru;PER;2016;0.2785122;2.19876;5.5492983;0.9196848;0.28859085;57.4518;192000000000.0;3.741;75.789
Peru;PER;2017;0.27841482;2.200861;5.544992;0.91953087;0.2909216;55.1327;211000000000.0;3.691;75.879
Peru;PER;2018;0.27877164;2.2051303;5.5464654;0.9194334;0.2929688;55.2877;223000000000.0;3.492;76.009
Peru;PER;2019;0.27953792;2.2116694;5.551791;0.91938907;0.29595372;58.1542;228000000000.0;3.379;76.156
Philippines;PHL;1990;0.2825431;3.0927997;4.4702907;0.33715492;0.0873168;43.552;50508286642.0;;65.909
Philippines;PHL;1991;0.28299356;3.0735543;4.473409;0.33714882;0.08724806;43.7499;51784144943.0;3.77;66.304
Philippines;PHL;1992;0.28339562;3.0520968;4.476705;0.33714122;0.08726941;47.4116;60422328242.0;3.882;67.088
Philippines;PHL;1993;0.28372437;3.0290458;4.4798813;0.3371329;0.08725316;51.1147;62036529147.0;3.897;67.542
Philippines;PHL;1994;0.2839566;3.006235;4.482627;0.33712378;0.08730661;55.1857;73159336915.0;3.796;67.942
Philippines;PHL;1995;0.2840701;2.9843788;4.484542;0.33711416;0.0873661;66.3161;84644328727.0;3.71;68.223
Philippines;PHL;1996;0.28406647;2.956849;4.4874973;0.33710548;0.087535344;69.4804;94648084429.0;3.637;68.614
Philippines;PHL;1997;0.28399763;2.921274;4.4924726;0.33709714;0.08771315;77.7891;94106317565.0;3.618;68.884
Philippines;PHL;1998;0.28391057;2.8831563;4.497991;0.33708853;0.087907135;76.2192;74492416330.0;3.712;69.1
Philippines;PHL;1999;0.2838526;2.8493931;4.502447;0.33708134;0.088066876;74.6865;85640171045.0;3.758;69.298
Philippines;PHL;2000;0.28387108;2.8262997;4.504359;0.3370764;0.08824198;75.0427;83669788255.0;3.77;69.413
Philippines;PHL;2001;0.2840762;2.8070855;4.5035667;0.33707184;0.08834694;72.385;78921234458.0;3.698;69.614
Philippines;PHL;2002;0.28446615;2.7843943;4.501296;0.3370681;0.08844125;73.478;84307345888.0;3.615;69.781
Philippines;PHL;2003;0.28491628;2.7624452;4.4986567;0.337063;0.0886119;75.4786;87039092974.0;3.527;69.924
Philippines;PHL;2004;0.28530073;2.7456374;4.4967046;0.33705893;0.088803254;76.5742;95001999685.0;3.554;70.037
Philippines;PHL;2005;0.28549284;2.738012;4.4964633;0.33705777;0.08901048;79.5928;107000000000.0;3.795;70.24
Philippines;PHL;2006;0.28545585;2.738072;4.500732;0.3370539;0.08939576;71.8075;128000000000.0;4.052;70.282
Philippines;PHL;2007;0.28530073;2.740022;4.5095506;0.33704984;0.089890584;77.9852;156000000000.0;3.434;70.483
Philippines;PHL;2008;0.28512007;2.7428935;4.52022;0.3370427;0.090537764;78.6107;182000000000.0;3.72;70.564
Philippines;PHL;2009;0.28500772;2.7456355;4.52992;0.3370347;0.09122104;79.5128;176000000000.0;3.858;70.633
Philippines;PHL;2010;0.28505886;2.748024;4.53577;0.33702838;0.09190072;85.5175;208000000000.0;3.605;70.754
Philippines;PHL;2011;0.28575647;2.7503269;4.53881;0.3370175;0.09282775;85.1512;234000000000.0;3.592;70.788
Philippines;PHL;2012;0.2872003;2.7530975;4.541696;0.33700612;0.09392222;90.1255;262000000000.0;3.504;70.881
Philippines;PHL;2013;0.28891438;2.7557788;4.5441694;0.33699363;0.09520329;98.2481;284000000000.0;3.497;70.835
Philippines;PHL;2014;0.29042134;2.7577374;4.54598;0.33698168;0.09659156;104.7799;297000000000.0;3.6;71.151
Philippines;PHL;2015;0.2912436;2.7582357;4.546857;0.33697242;0.09801375;113.9087;306000000000.0;3.068;71.268
Philippines;PHL;2016;0.29061964;2.7569807;4.5470963;0.33696288;0.09989991;122.2148;319000000000.0;2.695;71.387
Philippines;PHL;2017;0.28987786;2.7566988;4.5474305;0.3369557;0.10179992;136.584;328000000000.0;2.552;71.516
Philippines;PHL;2018;0.29051557;2.763898;4.552434;0.33695036;0.1032403;142.3094;347000000000.0;2.338;71.689
Philippines;PHL;2019;0.29213402;2.779254;4.563437;0.3369464;0.10456553;148.8007;377000000000.0;2.237;71.865
Poland;POL;1990;0.28482124;2.279973;3.11552;0.5513604;0.13007233;370.9895;65977748211.0;;70.8902439
Poland;POL;1991;0.2850058;2.282644;3.1177778;0.5513702;0.1296061;368.2514;85500935935.0;13.635;70.58780488
Poland;POL;1992;0.28523713;2.2851567;3.1198978;0.55138046;0.129463;359.3907;94337050693.0;13.645;71.0902439
Poland;POL;1993;0.28548315;2.2881339;3.1215782;0.5513822;0.12948725;359.3034;96043157273.0;14.393;71.59512195
Poland;POL;1994;0.28571063;2.2906184;3.122654;0.551375;0.12982336;353.4407;111000000000.0;14.825;71.69512195
Poland;POL;1995;0.2858863;2.2928047;3.123217;0.5513657;0.13015993;355.8155;142000000000.0;13.695;71.89268293
Poland;POL;1996;0.28615814;2.295819;3.123788;0.55135626;0.13103867;370.5151;160000000000.0;12.684;72.24634146
Poland;POL;1997;0.28662294;2.3001008;3.1245387;0.55134225;0.13259983;361.7019;159000000000.0;10.964;72.64634146
Poland;POL;1998;0.2871698;2.3044722;3.125226;0.5513267;0.13466376;333.201;175000000000.0;9.935;72.99756098
Poland;POL;1999;0.28768805;2.3070683;3.125532;0.5513092;0.13696864;324.118;170000000000.0;12.29;73.04390244
Poland;POL;2000;0.2880676;2.3073173;3.1251338;0.55128634;0.13907082;312.2992;172000000000.0;16.314;73.74878049
Poland;POL;2001;0.28838763;2.2902215;3.1236281;0.55125815;0.14118288;309.2261;191000000000.0;18.373;74.2
Poland;POL;2002;0.2887692;2.2518246;3.1212137;0.5512276;0.14346926;302.3305;199000000000.0;19.895;74.49756098
Poland;POL;2003;0.28916383;2.205623;3.1185129;0.55119705;0.14587799;315.0757;218000000000.0;19.37;74.59756098
Poland;POL;2004;0.28952307;2.1651654;3.1161613;0.5511684;0.14830156;317.2852;255000000000.0;19.074;74.84634146
Poland;POL;2005;0.2897989;2.1439219;3.1148078;0.5511421;0.15085414;317.0197;306000000000.0;17.746;74.99512195
Poland;POL;2006;0.29007557;2.1378796;3.1149752;0.5511161;0.15366651;330.7233;345000000000.0;13.841;75.14390244
Poland;POL;2007;0.29043695;2.1332617;3.1162524;0.5510904;0.15659137;330.4293;429000000000.0;9.602;75.24390244
Poland;POL;2008;0.29083458;2.1296732;3.1178298;0.5510637;0.15968096;324.7491;534000000000.0;7.118;75.54390244
Poland;POL;2009;0.2912203;2.1269224;3.1188688;0.5510328;0.16253358;311.3923;440000000000.0;8.167;75.69512195
Poland;POL;2010;0.2915458;2.1246493;3.1186213;0.55099785;0.16522764;329.2826;476000000000.0;9.637;76.24634146
Poland;POL;2011;0.291965;2.1224542;3.1162906;0.55096006;0.16778192;327.0922;524000000000.0;9.632;76.69512195
Poland;POL;2012;0.2925741;2.118935;3.1121585;0.5509217;0.17050603;319.8054;495000000000.0;10.088;76.74634146
Poland;POL;2013;0.29323727;2.1157718;3.1070929;0.55088454;0.1731666;315.4796;516000000000.0;10.326;77.0
Poland;POL;2014;0.29381895;2.11352;3.1019056;0.55084735;0.17553602;302.9716;539000000000.0;8.99;77.60243902
Poland;POL;2015;0.29418284;2.1118062;3.0975196;0.5508126;0.17776369;306.1332;477000000000.0;7.501;77.45121951
Poland;POL;2016;0.29407313;2.1114995;3.0851579;0.5507802;0.18004344;317.1916;470000000000.0;6.161;77.85121951
Poland;POL;2017;0.2939007;2.1144452;3.0739503;0.550749;0.18200578;330.7494;525000000000.0;4.888;77.75365854
Poland;POL;2018;0.29409933;2.1671112;3.0749567;0.55071974;0.18387282;330.0904;589000000000.0;3.846;77.60243902
Poland;POL;2019;0.2945265;2.2779574;3.082497;0.5506919;0.18609495;312.3389;596000000000.0;3.277;77.90487805
Portugal;PRT;1990;0.26840022;4.9210196;7.763925;0.87817717;0.337414;43.7277;78713860217.0;;73.96585366
Portugal;PRT;1991;0.26820377;4.885789;7.798745;0.87814444;0.33955616;45.2262;89233599278.0;3.919;74.01463415
Portugal;PRT;1992;0.26808876;4.8633137;7.8292356;0.8780913;0.3426769;48.9311;108000000000.0;3.985;74.31219512
Portugal;PRT;1993;0.26804304;4.846315;7.853483;0.8780086;0.34607765;47.8618;95009751901.0;5.301;74.51219512
Portugal;PRT;1994;0.2680526;4.835036;7.869734;0.87789357;0.34907034;49.3008;99688641304.0;6.709;74.91463415
Portugal;PRT;1995;0.2681044;4.827235;7.876446;0.87776494;0.35202718;52.7623;118000000000.0;7.064;75.31219512
Portugal;PRT;1996;0.26834244;4.874984;7.875635;0.87762576;0.3573617;51.0333;123000000000.0;7.298;75.26097561
Portugal;PRT;1997;0.26881155;5.005043;7.871669;0.87749374;0.36417645;53.5636;117000000000.0;6.571;75.41219512
Portugal;PRT;1998;0.26934847;5.1579514;7.866373;0.87736803;0.37144667;57.9821;124000000000.0;4.64;75.71219512
Portugal;PRT;1999;0.26979232;5.282907;7.8619156;0.87725616;0.3780354;64.6551;127000000000.0;4.579;75.96341463
Portugal;PRT;2000;0.2699818;5.3350477;7.8600864;0.8771669;0.38287786;64.2078;119000000000.0;3.806;76.31463415
Portugal;PRT;2001;0.26987007;5.287515;7.864825;0.8765889;0.38602597;63.4704;122000000000.0;3.829;76.81463415
Portugal;PRT;2002;0.26958853;5.176188;7.87656;0.8753468;0.38898262;67.649;135000000000.0;4.497;77.06585366
Portugal;PRT;2003;0.26924005;5.0438786;7.8914094;0.87390006;0.39147484;62.7347;165000000000.0;6.132;77.2195122
Portugal;PRT;2004;0.26892865;4.92649;7.90544;0.8727154;0.3933084;64.4998;189000000000.0;6.319;77.67073171
Portugal;PRT;2005;0.26875818;4.869705;7.9147243;0.8722635;0.39508528;67.7504;197000000000.0;7.582;78.07073171
Portugal;PRT;2006;0.26872262;4.8595424;7.927827;0.8723413;0.39723727;62.7559;209000000000.0;7.649;78.4195122
Portugal;PRT;2007;0.26873258;4.85206;7.950923;0.872435;0.39865035;61.2427;240000000000.0;7.966;78.32195122
Portugal;PRT;2008;0.2687631;4.846215;7.9762425;0.8725344;0.40079522;59.153;263000000000.0;7.553;78.52439024
Portugal;PRT;2009;0.26878792;4.840737;7.9960637;0.8726382;0.40315774;58.3974;245000000000.0;9.432;78.72682927
Portugal;PRT;2010;0.26878256;4.828421;8.002524;0.8727376;0.40458274;53.1664;238000000000.0;10.771;79.02682927
Portugal;PRT;2011;0.26870367;4.764278;7.9884386;0.87282634;0.40570438;51.3708;245000000000.0;12.682;80.47073171
Portugal;PRT;2012;0.26856288;4.635066;7.959323;0.8728997;0.40678427;49.7211;216000000000.0;15.531;80.37317073
Portugal;PRT;2013;0.26840907;4.482408;7.925675;0.8729597;0.40834382;48.1165;226000000000.0;16.188;80.72195122
Portugal;PRT;2014;0.26828983;4.353216;7.8983483;0.87300664;0.40972131;47.6466;230000000000.0;13.897;81.12195122
Portugal;PRT;2015;0.26825646;4.29289;7.8879485;0.8730353;0.41112322;51.674;199000000000.0;12.447;81.12439024
Portugal;PRT;2016;0.2687009;4.329962;7.933356;0.8730472;0.4146451;50.5005;206000000000.0;11.068;81.12439024
Portugal;PRT;2017;0.2691811;4.3763237;7.9895625;0.8730484;0.41807154;55.117;221000000000.0;8.869;81.42439024
Portugal;PRT;2018;0.2692192;4.3857136;8.012169;0.8730411;0.42035228;51.0801;242000000000.0;6.994;81.32439024
Portugal;PRT;2019;0.26907453;4.3940663;8.02761;0.87302935;0.42184258;46.4038;240000000000.0;6.464;81.67560976
Puerto Rico;PRI;1990;0.28633806;2.9802823;4.3293304;0.9480916;0.26638222;18.5922;30603919000.0;;73.89
Puerto Rico;PRI;1991;0.28682107;2.9747913;4.3570933;0.94803804;0.2683417;19.1675;32287031000.0;16.18;73.913
Puerto Rico;PRI;1992;0.2872932;2.9685206;4.382489;0.9479887;0.27072805;19.8958;34630430000.0;16.93;73.939
Puerto Rico;PRI;1993;0.2877268;2.9642823;4.4036336;0.9479415;0.27319634;20.4472;36922456000.0;16.91;74.029
Puerto Rico;PRI;1994;0.2880944;2.9598727;4.418617;0.9478938;0.27514565;20.9195;39690630000.0;14.6;74.083
Puerto Rico;PRI;1995;0.28836796;2.9553545;4.4256415;0.9478509;0.2771932;21.4115;42647331000.0;13.93;74.364
Puerto Rico;PRI;1996;0.28863975;2.9494119;4.4275713;0.9477933;0.27969092;21.735;45340835000.0;13.64;74.585
Puerto Rico;PRI;1997;0.28898844;2.9412947;4.428678;0.9477229;0.28222933;22.2787;48187039000.0;13.8;74.92
Puerto Rico;PRI;1998;0.289364;2.930624;4.4292803;0.94764966;0.28460628;22.6469;54086400000.0;13.46;75.194
Puerto Rico;PRI;1999;0.28971758;2.920285;4.4295564;0.94757515;0.28707796;24.342;57841000000.0;11.81;75.536
Puerto Rico;PRI;2000;0.29000065;2.9137173;4.429677;0.94750124;0.28955343;24.3883;61701800000.0;10.08;75.977
Puerto Rico;PRI;2001;0.29037538;2.910527;4.430005;0.947432;0.29284343;24.1959;69208400000.0;11.4;76.456
Puerto Rico;PRI;2002;0.29094112;2.9075372;4.430575;0.94737047;0.29606244;19.6765;71623500000.0;11.94;76.728
Puerto Rico;PRI;2003;0.29155377;2.901003;4.431104;0.9473084;0.30058333;25.5631;74827400000.0;11.78;76.874
Puerto Rico;PRI;2004;0.29206738;2.895032;4.4315286;0.94725055;0.30378693;25.7874;80322313000.0;10.31;77.143
Puerto Rico;PRI;2005;0.29233566;2.8876987;4.431799;0.947203;0.30553922;25.6939;83914521300.0;11.35;77.237
Puerto Rico;PRI;2006;0.29237315;2.8710318;4.42415;0.94715923;0.30597812;16.3424;87276164400.0;11.01;77.415
Puerto Rico;PRI;2007;0.29231972;2.8402588;4.4061427;0.9471176;0.30592602;17.2918;89524131600.0;10.93;77.621
Puerto Rico;PRI;2008;0.29221845;2.808084;4.3853917;0.9470755;0.30615637;14.873;93639300000.0;11.48;77.841
Puerto Rico;PRI;2009;0.2921116;2.7825832;4.3696065;0.947035;0.30666518;13.4752;96385600000.0;15.0;77.877
Puerto Rico;PRI;2010;0.2920417;2.7706647;4.3663836;0.9469933;0.30628726;12.8695;98381300000.0;16.1;78.01
Puerto Rico;PRI;2011;0.29194292;2.7746656;4.3761883;0.94694513;0.30634406;11.2436;100000000000.0;15.7;78.316
Puerto Rico;PRI;2012;0.2917639;2.7853913;4.391823;0.9468945;0.3068823;10.8824;102000000000.0;14.5;78.461
Puerto Rico;PRI;2013;0.29157177;2.7998211;4.4089537;0.94683635;0.30786777;10.9327;102000000000.0;14.3;78.777
Puerto Rico;PRI;2014;0.29143336;2.8145478;4.423298;0.9467686;0.3088831;11.2553;102000000000.0;13.9;78.929
Puerto Rico;PRI;2015;0.29141542;2.8211546;4.4306417;0.9466947;0.30873728;11.4969;103000000000.0;12.0;79.695
Puerto Rico;PRI;2016;0.29212028;2.824632;4.4265194;0.94661576;0.3105882;10.7149;104000000000.0;11.8;80.27
Puerto Rico;PRI;2017;0.29287085;2.8300204;4.4244056;0.9468807;0.3123851;11.312;103000000000.0;10.8;79.258
Puerto Rico;PRI;2018;0.2929613;2.8492835;4.4317355;0.9471449;0.31199372;13.5137;101000000000.0;9.2;79.77
Puerto Rico;PRI;2019;0.29279828;2.8828056;4.442561;0.94706076;0.310856;12.263;105000000000.0;8.3;79.063
Qatar;QAT;1990;0.28287247;4.199023;4.29936;0.75323874;0.3186037;16.9944;7360439423.0;;73.982
Qatar;QAT;1991;0.2814898;4.2030964;4.3025045;0.7536076;0.31171688;18.0391;6883516484.0;0.87;73.966
Qatar;QAT;1992;0.28036925;4.2070913;4.306679;0.75398195;0.30702448;18.9864;7646153984.0;0.87;74.122
Qatar;QAT;1993;0.27953482;4.2121735;4.311097;0.7543754;0.30329505;19.4829;7156593654.0;0.87;74.243
Qatar;QAT;1994;0.27899766;4.2175183;4.3154306;0.7548431;0.30118245;20.5178;7374450769.0;0.87;74.348
Qatar;QAT;1995;0.27875298;4.22428;4.320622;0.7554342;0.30160934;20.9921;8137911978.0;0.87;74.25
Qatar;QAT;1996;0.27897674;4.232416;4.326641;0.7561164;0.30382523;22.7955;9059340385.0;0.87;74.685
Qatar;QAT;1997;0.27961853;4.2463264;4.334871;0.7569195;0.3077635;27.9142;11297802115.0;0.87;74.787
Qatar;QAT;1998;0.28043717;4.2598734;4.344215;0.757841;0.31358674;30.0598;10255495027.0;0.87;74.809
Qatar;QAT;1999;0.28118923;4.267944;4.352112;0.75865173;0.31977516;32.5507;12393131868.0;0.87;74.8
Qatar;QAT;2000;0.28162247;4.270573;4.3568497;0.7591458;0.3249058;31.7716;17759890110.0;0.87;74.828
Qatar;QAT;2001;0.28185764;4.2612123;4.356985;0.75925124;0.33039832;32.4497;17538461538.0;0.87;75.263
Qatar;QAT;2002;0.2821256;4.2400446;4.353702;0.7589893;0.33623028;36.2212;19363736264.0;0.87;75.412
Qatar;QAT;2003;0.2824349;4.2139654;4.3453255;0.75832516;0.34090358;38.2895;23533791209.0;0.87;75.565
Qatar;QAT;2004;0.28278875;4.178072;4.3302827;0.7571582;0.34444362;41.1923;31734065934.0;0.87;75.961
Qatar;QAT;2005;0.2831731;4.14417;4.308553;0.75542414;0.34452075;43.5827;44530494505.0;0.87;76.064
Qatar;QAT;2006;0.28361285;4.1080523;4.2835474;0.753427;0.3432152;49.0111;60882142857.0;0.87;76.57
Qatar;QAT;2007;0.28408948;4.0660706;4.2599626;0.7513676;0.34132972;55.2063;79712087912.0;0.52;77.016
Qatar;QAT;2008;0.28455284;4.0226555;4.2380137;0.74934;0.33911917;59.7769;115000000000.0;0.31;77.427
Qatar;QAT;2009;0.2849443;3.9862585;4.2188272;0.7474581;0.3372064;61.2409;97798351648.0;0.31;77.878
Qatar;QAT;2010;0.28518325;3.96233;4.2057004;0.74593717;0.33563605;69.2721;125000000000.0;0.45;78.425
Qatar;QAT;2011;0.28524494;3.9466424;4.201815;0.74492943;0.33640116;78.2509;168000000000.0;0.56;78.891
Qatar;QAT;2012;0.28515315;3.9364865;4.209256;0.7443501;0.33817598;81.909;187000000000.0;0.48;79.227
Qatar;QAT;2013;0.2849896;3.9260387;4.221409;0.7440238;0.3400509;88.873;199000000000.0;0.28;79.536
Qatar;QAT;2014;0.28481936;3.920304;4.2333336;0.74383056;0.342324;95.2995;206000000000.0;0.2;79.768
Qatar;QAT;2015;0.2846868;3.9174216;4.2422414;0.7437574;0.34411168;98.8829;162000000000.0;0.17;80.064
Qatar;QAT;2016;0.28462133;3.9136562;4.240043;0.74382836;0.3453544;100.4703;152000000000.0;0.15;80.433
Qatar;QAT;2017;0.2846033;3.9126074;4.237298;0.7440222;0.34634855;101.5323;161000000000.0;0.14;80.717
Qatar;QAT;2018;0.28471062;3.9245157;4.245882;0.74428827;0.34632927;101.1643;183000000000.0;0.11;80.898
Qatar;QAT;2019;0.28495243;3.9513783;4.26387;0.7445955;0.3464426;102.6446;176000000000.0;0.1;80.99
Romania;ROU;1990;0.28248024;2.717381;3.2760122;0.63806486;0.1322986;186.3651;38247882300.0;;69.74121951
Romania;ROU;1991;0.28207108;2.7088573;3.2797456;0.63804686;0.12992308;151.1057;28850634900.0;8.244;69.78439024
Romania;ROU;1992;0.28171426;2.702762;3.2821374;0.6380344;0.12793978;135.386;25121666667.0;8.26;69.78439024
Romania;ROU;1993;0.28142345;2.6967309;3.2837214;0.63804036;0.12632048;127.3538;26361160450.0;8.24;69.56341463
Romania;ROU;1994;0.28121513;2.69302;3.2845418;0.6380507;0.12481026;124.1521;30072805104.0;8.17;69.5097561
Romania;ROU;1995;0.28110325;2.6906297;3.2847672;0.6380648;0.12411408;130.137;37430162103.0;8.01;69.45609756
Romania;ROU;1996;0.28107476;2.6905932;3.2779481;0.6380881;0.12381234;133.8852;36937074278.0;6.74;69.10487805
Romania;ROU;1997;0.28109625;2.691261;3.2614338;0.63811123;0.123426154;122.695;35575214078.0;5.515;69.00487805
Romania;ROU;1998;0.28115016;2.6915638;3.241797;0.638132;0.12330278;107.6391;41696091974.0;5.63;69.80731707
Romania;ROU;1999;0.28122082;2.6908066;3.225392;0.63813543;0.12283645;91.2515;35953156754.0;6.239;70.51219512
Romania;ROU;2000;0.28128952;2.6903744;3.2188354;0.63812506;0.12290316;96.1582;37253739511.0;6.969;71.16341463
Romania;ROU;2001;0.28139246;2.689418;3.2213411;0.63811284;0.123538464;102.9616;40395116581.0;6.562;71.16097561
Romania;ROU;2002;0.28156507;2.6887438;3.226113;0.63809085;0.12506586;101.7091;46065502703.0;8.112;71.0097561
Romania;ROU;2003;0.28178456;2.6864638;3.2315843;0.6380626;0.12718211;105.8046;57806384143.0;6.95;71.3097561
Romania;ROU;2004;0.28202984;2.683977;3.2360575;0.63802224;0.12918134;103.678;74973656852.0;7.719;71.56097561
Romania;ROU;2005;0.28227752;2.6805084;3.2378204;0.6379673;0.13112709;102.361;98454380120.0;7.174;71.91219512
Romania;ROU;2006;0.28269592;2.674843;3.2367566;0.6379019;0.13321528;107.9789;122000000000.0;7.27;72.16341463
Romania;ROU;2007;0.28336957;2.6673124;3.2342188;0.63782734;0.13589096;105.3674;175000000000.0;6.413;72.56585366
Romania;ROU;2008;0.2841463;2.6572752;3.231349;0.6377617;0.13860935;103.8612;214000000000.0;5.788;72.56585366
Romania;ROU;2009;0.2848791;2.6527238;3.2289662;0.6376991;0.14093602;84.8545;174000000000.0;6.859;73.3097561
Romania;ROU;2010;0.28542027;2.6463637;3.2278728;0.63763493;0.14323983;82.3001;170000000000.0;6.959;73.45853659
Romania;ROU;2011;0.28587744;2.6454294;3.2354736;0.6375818;0.14535205;88.8281;193000000000.0;7.177;74.4097561
Romania;ROU;2012;0.28641093;2.64365;3.2531416;0.6375242;0.1474501;86.7375;179000000000.0;6.794;74.41219512
Romania;ROU;2013;0.2869477;2.6421728;3.2734997;0.6374616;0.14925551;79.0999;190000000000.0;7.096;75.06341463
Romania;ROU;2014;0.28741324;2.6415224;3.2895129;0.63741404;0.15123485;78.693;200000000000.0;6.802;74.9097561
Romania;ROU;2015;0.28773344;2.640764;3.2939792;0.63739026;0.1526677;79.9271;178000000000.0;6.812;74.91219512
Romania;ROU;2016;0.28795123;2.64304;3.2813609;0.63735974;0.15514188;78.2478;185000000000.0;5.901;75.2097561
Romania;ROU;2017;0.2881417;2.6455603;3.2700632;0.6373071;0.15743588;81.2563;210000000000.0;4.927;75.2097561
Romania;ROU;2018;0.28847417;2.646944;3.27324;0.63725877;0.15966469;82.3672;243000000000.0;4.187;75.35853659
Romania;ROU;2019;0.28902072;2.6501622;3.2856169;0.6372142;0.16204906;80.5788;251000000000.0;3.912;75.60731707
Russia;RUS;1990;0.28009927;3.241062;3.1702216;0.5139285;0.15237215;2353.9668;517000000000.0;;68.88609756
Russia;RUS;1991;0.27980283;3.258231;3.1688678;0.51388174;0.1501109;2328.6161;518000000000.0;5.133;68.47439024
Russia;RUS;1992;0.27946213;3.27202;3.167355;0.51384306;0.14774783;2144.7465;460000000000.0;5.181;66.87317073
Russia;RUS;1993;0.27908698;3.2835665;3.1666431;0.51385534;0.1452625;1960.8937;435000000000.0;5.883;64.93585366
Russia;RUS;1994;0.27870622;3.2927015;3.1663897;0.51390046;0.14294368;1767.0572;395000000000.0;8.131;64.46707317
Russia;RUS;1995;0.27835354;3.2996657;3.166244;0.51395357;0.14048198;1725.0304;396000000000.0;9.449;64.69073171
Russia;RUS;1996;0.27784434;3.3023443;3.1651385;0.51398164;0.13750836;1684.0402;392000000000.0;9.665;65.85414634
Russia;RUS;1997;0.27710232;3.299733;3.1628475;0.5139812;0.13394268;1572.8607;405000000000.0;11.813;66.69878049
Russia;RUS;1998;0.27631456;3.2938154;3.1605256;0.5139921;0.13069005;1577.6822;271000000000.0;13.261;67.0297561
Russia;RUS;1999;0.27568105;3.2857587;3.15852;0.5140139;0.12819597;1623.0347;196000000000.0;13.036;65.98219512
Russia;RUS;2000;0.27540407;3.277789;3.1574104;0.5140496;0.12728167;1658.7939;260000000000.0;10.581;65.48365854
Russia;RUS;2001;0.2754816;3.265066;3.1562889;0.5140805;0.12772863;1666.4651;307000000000.0;8.978;65.38341463
Russia;RUS;2002;0.27572984;3.2450867;3.154534;0.514101;0.12883452;1657.09;345000000000.0;7.875;65.12878049
Russia;RUS;2003;0.27607042;3.2212381;3.1530912;0.5141444;0.13043448;1718.9829;430000000000.0;8.21;65.02756098
Russia;RUS;2004;0.27643642;3.1969006;3.151803;0.5141915;0.1321789;1719.1019;591000000000.0;7.763;65.47097561
Russia;RUS;2005;0.27675995;3.1754677;3.1509013;0.5142374;0.13393264;1719.005;764000000000.0;7.124;65.5297561
Russia;RUS;2006;0.27717954;3.1515152;3.1494207;0.5142662;0.13595243;1755.3481;990000000000.0;7.055;66.72756098
Russia;RUS;2007;0.27780312;3.1209452;3.146745;0.5142661;0.13857396;1758.5107;1300000000000.0;6.002;67.58682927
Russia;RUS;2008;0.27850685;3.0901327;3.144317;0.51427823;0.14136605;1744.612;1660000000000.0;6.205;67.94926829
Russia;RUS;2009;0.27917835;3.0647538;3.1423109;0.5142891;0.14415579;1642.9749;1220000000000.0;8.301;68.68463415
Russia;RUS;2010;0.27970508;3.0503109;3.1410604;0.51429087;0.14660911;1719.8096;1520000000000.0;7.369;68.84121951
Russia;RUS;2011;0.28022552;3.0531652;3.1408744;0.51427937;0.14887266;1806.4603;2050000000000.0;6.536;69.68390244
Russia;RUS;2012;0.2808793;3.0691469;3.1413288;0.51424986;0.15121071;1793.6343;2210000000000.0;5.436;70.07219512
Russia;RUS;2013;0.28154734;3.0906923;3.142499;0.51423055;0.15350844;1738.0707;2290000000000.0;5.458;70.57878049
Russia;RUS;2014;0.2821191;3.1089082;3.1434622;0.5142143;0.15558718;1720.489;2060000000000.0;5.16;70.74365854
Russia;RUS;2015;0.28248546;3.1158228;3.143293;0.51419336;0.15740685;1726.8321;1360000000000.0;5.571;71.18341463
Russia;RUS;2016;0.28234234;3.1153;3.1418722;0.51416504;0.15927324;1700.3653;1280000000000.0;5.559;71.65121951
Russia;RUS;2017;0.28207;3.1131277;3.1396313;0.5141259;0.16057414;1730.5225;1570000000000.0;5.212;72.45146341
Russia;RUS;2018;0.28196478;3.1021059;3.1370676;0.51409256;0.16121347;1806.8014;1660000000000.0;4.846;72.66219512
Russia;RUS;2019;0.281813;3.0799155;3.1336958;0.51406276;0.16156821;1877.0238;1690000000000.0;4.496;73.08390244
Rwanda;RWA;1990;0.20532008;5.76922;3.5271065;0.588754;0.07909059;0.553;2550185679.0;;48.431
Rwanda;RWA;1991;0.20485772;5.8015413;3.5293932;0.5887528;0.07775314;0.4977;1911600237.0;12.304;46.519
Rwanda;RWA;1992;0.20443523;5.8228164;3.5309627;0.5887488;0.076284505;0.499;2029026962.0;12.118;44.319
Rwanda;RWA;1993;0.2040755;5.835242;3.5318885;0.5887445;0.07537073;0.5006;1971525712.0;12.167;42.166
Rwanda;RWA;1994;0.20363571;5.873476;3.5480397;0.58881956;0.07533583;0.4794;753636370.5;12.287;14.098
Rwanda;RWA;1995;0.20330925;5.9000177;3.562623;0.58888465;0.075076014;0.4704;1293535193.0;12.094;39.969
Rwanda;RWA;1996;0.20316142;5.882169;3.562351;0.5888734;0.07439809;0.4716;1382334879.0;11.696;40.698
Rwanda;RWA;1997;0.20297645;5.852438;3.5625405;0.5888666;0.07346302;0.4818;1851558197.0;11.31;40.64
Rwanda;RWA;1998;0.20280123;5.817671;3.5632324;0.58886313;0.0732633;0.497;1989343546.0;11.438;41.681
Rwanda;RWA;1999;0.20268723;5.778095;3.5639315;0.58886003;0.07301941;0.5135;2157108767.0;11.711;44.616
Rwanda;RWA;2000;0.20268035;5.7377887;3.5646775;0.5888569;0.072974205;0.6805;2068837212.0;11.805;47.129
Rwanda;RWA;2001;0.20293824;5.69382;3.56558;0.5888499;0.07319755;0.6955;1966600292.0;11.828;49.021
Rwanda;RWA;2002;0.20347211;5.6386685;3.5670195;0.5888434;0.07379198;0.8184;1966004243.0;11.557;51.032
Rwanda;RWA;2003;0.20411883;5.5798764;3.568419;0.5888357;0.07472057;0.7083;2138237346.0;11.751;53.368
Rwanda;RWA;2004;0.20471567;5.5175815;3.5692716;0.5888282;0.0757122;0.6865;2376495587.0;11.78;55.491
Rwanda;RWA;2005;0.20509996;5.458673;3.5692031;0.58882236;0.07646733;0.7417;2933819820.0;11.901;57.316
Rwanda;RWA;2006;0.20532873;5.3897443;3.5670943;0.58881354;0.07746007;0.7443;3319783952.0;11.669;58.714
Rwanda;RWA;2007;0.20556206;5.301246;3.5636253;0.5888048;0.07832488;0.6773;4070508543.0;11.661;59.965
Rwanda;RWA;2008;0.20579492;5.212864;3.560039;0.58879536;0.07928452;0.6774;5179853221.0;11.601;61.134
Rwanda;RWA;2009;0.20602244;5.140589;3.557586;0.5887872;0.08029721;0.6952;5674476707.0;11.694;61.958
Rwanda;RWA;2010;0.20623882;5.102427;3.5575917;0.5887824;0.08173584;0.7302;6124756894.0;11.7;62.54
Rwanda;RWA;2011;0.206523;5.088559;3.5632315;0.5887769;0.08309811;0.7616;6884912957.0;11.801;63.261
Rwanda;RWA;2012;0.20690773;5.073805;3.5755754;0.5887718;0.08467848;0.8462;7654762345.0;11.72;64.009
Rwanda;RWA;2013;0.2073204;5.0663123;3.5917466;0.58876705;0.08633738;0.9411;7819963627.0;11.802;64.426
Rwanda;RWA;2014;0.20769063;5.058595;3.6088026;0.58876294;0.087741956;0.957;8238966247.0;11.858;64.94
Rwanda;RWA;2015;0.20794787;5.054237;3.6238823;0.5887604;0.08905336;1.1045;8543759089.0;11.849;65.298
Rwanda;RWA;2016;0.20819739;5.058182;3.6499035;0.5887575;0.09075553;1.2084;8695272095.0;11.805;65.737
Rwanda;RWA;2017;0.2085332;5.0666885;3.6708448;0.5887551;0.091615774;1.3093;9252834120.0;11.875;65.941
Rwanda;RWA;2018;0.20910707;5.0763636;3.6686664;0.5887528;0.09293908;1.4571;9637904553.0;10.759;66.251
Rwanda;RWA;2019;0.20999436;5.0970206;3.6533618;0.58875066;0.09405708;1.5098;10349299856.0;11.236;66.437
Saint Kitts and Nevis;KNA;1990;0.27421567;3.9543138;4.264954;0.9108871;0.21936631;0.0195;217259259.3;;65.188
Saint Kitts and Nevis;KNA;1991;0.2747742;3.9445682;4.253653;0.9107764;0.22250101;0.0264;220540740.7;;66.15
Saint Kitts and Nevis;KNA;1992;0.27532184;3.93879;4.2441363;0.91068107;0.22559029;0.0266;242137037.0;;66.972
Saint Kitts and Nevis;KNA;1993;0.2758336;3.9329815;4.235849;0.91058594;0.22878395;0.0322;263755555.6;;67.58
Saint Kitts and Nevis;KNA;1994;0.27628228;3.9273489;4.228974;0.9104852;0.23204568;0.0372;295159259.3;;67.294
Saint Kitts and Nevis;KNA;1995;0.27664065;3.924191;4.223709;0.9103704;0.23504618;0.0315;313485185.2;;67.152
Saint Kitts and Nevis;KNA;1996;0.2770135;3.926714;4.2204313;0.9102653;0.2383184;0.0365;333944444.4;;67.313
Saint Kitts and Nevis;KNA;1997;0.27749124;3.9343276;4.217909;0.91016376;0.24136123;0.0371;374641308.0;;67.853
Saint Kitts and Nevis;KNA;1998;0.27799752;3.9435759;4.21585;0.9100648;0.24404447;0.038;383257331.4;;67.69
Saint Kitts and Nevis;KNA;1999;0.27845538;3.9506938;4.2139854;0.90996575;0.24741217;0.0368;406595484.4;;68.709
Saint Kitts and Nevis;KNA;2000;0.27878857;3.9515307;4.212023;0.90986365;0.2504485;0.0454;421695769.8;;69.781
Saint Kitts and Nevis;KNA;2001;0.27910727;3.9500422;4.2099338;0.9097819;0.25297976;0.0472;458643829.0;;70.2
Saint Kitts and Nevis;KNA;2002;0.2795333;3.9513814;4.207312;0.9097165;0.25617042;0.0529;481077373.7;;70.452
Saint Kitts and Nevis;KNA;2003;0.27998948;3.9479418;4.204764;0.9096622;0.25885335;0.0555;469869869.9;;70.768
Saint Kitts and Nevis;KNA;2004;0.28039673;3.9466493;4.202908;0.9096169;0.2613381;0.0611;506900000.0;;71.303
Saint Kitts and Nevis;KNA;2005;0.2806775;3.9424412;4.2023935;0.9095769;0.26392943;0.0565;547203703.7;;71.362
Saint Kitts and Nevis;KNA;2006;0.28085986;3.9352212;4.2057796;0.90955436;0.26689237;0.0629;644414814.8;;71.288
Saint Kitts and Nevis;KNA;2007;0.2810269;3.9247532;4.2132373;0.9095453;0.27020407;0.0709;689285185.2;;71.367
Saint Kitts and Nevis;KNA;2008;0.28117627;3.9139628;4.222671;0.9095472;0.2736779;0.0745;777691333.3;;71.374
Saint Kitts and Nevis;KNA;2009;0.28130278;3.905595;4.232018;0.90955716;0.27638376;0.084;774273111.1;;71.393
Saint Kitts and Nevis;KNA;2010;0.28139925;3.9002194;4.2391796;0.9095694;0.27760088;0.0922;778718518.5;;71.27
Saint Kitts and Nevis;KNA;2011;0.28151292;3.90164;4.2486734;0.9095926;0.2782692;0.0737;836092592.6;;71.538
Saint Kitts and Nevis;KNA;2012;0.28167453;3.9021356;4.263432;0.9096229;0.27876753;0.0784;825381481.5;;71.669
Saint Kitts and Nevis;KNA;2013;0.28184775;3.9061413;4.279532;0.90965784;0.27956098;0.0937;874896296.3;;71.457
Saint Kitts and Nevis;KNA;2014;0.28199646;3.9081457;4.293085;0.9096957;0.28031495;0.096;952111111.1;;70.966
Saint Kitts and Nevis;KNA;2015;0.28208438;3.9097104;4.300184;0.9097336;0.281093;0.0962;957222222.2;;70.763
Saint Kitts and Nevis;KNA;2016;0.28211373;3.91282;4.292861;0.9097775;0.2829227;0.1042;1006818519.0;;71.74
Saint Kitts and Nevis;KNA;2017;0.2822399;3.9161062;4.284662;0.9098225;0.28511637;0.095;1056977778.0;;71.84
Saint Kitts and Nevis;KNA;2018;0.2828799;3.9200797;4.291773;0.90986764;0.2863818;0.1076;1076548148.0;;71.467
Saint Kitts and Nevis;KNA;2019;0.28408948;3.9269922;4.308869;0.90990686;0.28756824;0.1196;1107855556.0;;71.572
Saint Lucia;LCA;1990;0.2727123;3.282895;4.2585645;0.926842;0.19401631;0.0667;579629629.6;;70.326
Saint Lucia;LCA;1991;0.27312154;3.2631118;4.248329;0.92676765;0.19600318;0.0677;613703703.7;16.528;70.602
Saint Lucia;LCA;1992;0.2735072;3.2455428;4.239495;0.9266953;0.19845867;0.0683;674074074.1;16.544;70.799
Saint Lucia;LCA;1993;0.2738475;3.229661;4.2324114;0.92662275;0.20015565;0.0669;684814814.8;16.8;71.114
Saint Lucia;LCA;1994;0.27412;3.2207336;4.227317;0.92654127;0.20153846;0.0786;713703703.7;17.0;70.992
Saint Lucia;LCA;1995;0.2743025;3.2174928;4.224385;0.9264383;0.20197088;0.0777;762962963.0;15.83;71.002
Saint Lucia;LCA;1996;0.27446657;3.218099;4.224034;0.9263436;0.2026831;0.0772;788888888.9;16.33;70.904
Saint Lucia;LCA;1997;0.27466992;3.2221143;4.225648;0.9262495;0.20286104;0.0784;805925925.9;20.47;70.775
Saint Lucia;LCA;1998;0.2748759;3.2273154;4.227995;0.9261582;0.20382802;0.0802;877407407.4;21.6;70.69
Saint Lucia;LCA;1999;0.2750492;3.2335188;4.229761;0.92606544;0.20385164;0.0777;921851851.9;18.09;70.709
Saint Lucia;LCA;2000;0.27515453;3.2364013;4.2297482;0.9259656;0.20419145;0.0884;932592592.6;16.49;70.768
Saint Lucia;LCA;2001;0.27523783;3.2385273;4.2271423;0.9258748;0.20430039;0.0967;892592592.6;18.556;71.135
Saint Lucia;LCA;2002;0.27535477;3.2418687;4.222673;0.92578644;0.20487288;0.0894;900000000.0;20.39;71.472
Saint Lucia;LCA;2003;0.27548382;3.2429585;4.217717;0.92569774;0.20517576;0.1048;987407407.4;22.18;71.771
Saint Lucia;LCA;2004;0.27560392;3.244026;4.2135854;0.9256032;0.20534521;0.1027;1066666667.0;20.97;72.028
Saint Lucia;LCA;2005;0.27569383;3.2431326;4.2115746;0.9254973;0.20558433;0.1072;1135555556.0;18.7;72.245
Saint Lucia;LCA;2006;0.27578086;3.2360754;4.2145276;0.9253871;0.20680214;0.1163;1268319185.0;16.0;72.465
Saint Lucia;LCA;2007;0.2758952;3.2258537;4.22258;0.9252758;0.2085802;0.1282;1336088815.0;14.0;72.599
Saint Lucia;LCA;2008;0.27601618;3.2134275;4.2331667;0.9251668;0.20922002;0.1385;1437731111.0;12.72;72.698
Saint Lucia;LCA;2009;0.2761245;3.205509;4.2435026;0.9250593;0.2112481;0.1497;1401507889.0;15.37;72.722
Saint Lucia;LCA;2010;0.27620083;3.2014325;4.250855;0.92495453;0.21185644;0.1703;1482385185.0;17.116;72.72
Saint Lucia;LCA;2011;0.2762541;3.2061882;4.2587295;0.92485994;0.21270561;0.1337;1568370370.0;18.86;72.944
Saint Lucia;LCA;2012;0.27631032;3.216063;4.2704434;0.9247713;0.21333463;0.1432;1598207407.0;19.06;72.882
Saint Lucia;LCA;2013;0.27636817;3.2290876;4.2834673;0.9246905;0.21357831;0.1715;1660222222.0;22.21;72.735
Saint Lucia;LCA;2014;0.2764278;3.2408953;4.2951045;0.92461455;0.21387224;0.1753;1749185185.0;21.592;72.864
Saint Lucia;LCA;2015;0.27648997;3.2474663;4.3025293;0.92453843;0.21414255;0.1722;1807640741.0;20.851;73.138
Saint Lucia;LCA;2016;0.2769069;3.2485464;4.3061876;0.924466;0.21620734;0.1835;1868544444.0;19.928;73.112
Saint Lucia;LCA;2017;0.27732158;3.2501278;4.3075786;0.92439437;0.2180769;0.1793;1998503704.0;19.136;73.127
Saint Lucia;LCA;2018;0.27725357;3.2719467;4.3077927;0.924326;0.21873455;0.1852;2060955556.0;19.329;73.357
Saint Lucia;LCA;2019;0.27692154;3.3162744;4.307126;0.92425954;0.21924117;0.2985;2092081549.0;15.613;73.445
Saint Vincent and the Grenadines;VCT;1990;0.2675017;3.2612157;4.237141;0.9100328;0.17227753;0.0275;240366666.7;;72.38
Saint Vincent and the Grenadines;VCT;1991;0.2678558;3.232637;4.2256556;0.9098392;0.17389582;0.0266;254829629.6;19.77;72.937
Saint Vincent and the Grenadines;VCT;1992;0.26819178;3.2103987;4.2155294;0.9096742;0.17555438;0.0323;277955555.6;19.541;72.624
Saint Vincent and the Grenadines;VCT;1993;0.26849237;3.1928313;4.2070446;0.9095347;0.17702918;0.0263;286307407.4;19.66;72.458
Saint Vincent and the Grenadines;VCT;1994;0.26874048;3.183321;4.200427;0.9094161;0.17857713;0.0471;289437037.0;19.958;71.922
Saint Vincent and the Grenadines;VCT;1995;0.26891807;3.1793327;4.1961675;0.90931696;0.17936449;0.0517;316007407.4;19.984;72.097
Saint Vincent and the Grenadines;VCT;1996;0.26907638;3.184182;4.1936746;0.90923995;0.18071984;0.0462;331488888.9;20.328;71.266
Saint Vincent and the Grenadines;VCT;1997;0.2692623;3.195883;4.1919017;0.90917784;0.18135099;0.0551;347770370.4;20.106;70.922
Saint Vincent and the Grenadines;VCT;1998;0.2694574;3.210107;4.1905565;0.9091268;0.18254358;0.0616;373618518.5;20.503;71.097
Saint Vincent and the Grenadines;VCT;1999;0.26964292;3.2235184;4.1894283;0.9090852;0.18386534;0.0597;390718518.5;20.524;71.3
Saint Vincent and the Grenadines;VCT;2000;0.26979965;3.2332432;4.188342;0.90905267;0.18494388;0.0381;427946037.0;20.792;71.377
Saint Vincent and the Grenadines;VCT;2001;0.27001247;3.2431197;4.186658;0.90903133;0.18659618;0.0452;462072333.3;21.1;71.938
Saint Vincent and the Grenadines;VCT;2002;0.270336;3.2537913;4.1843815;0.9090195;0.18868034;0.0509;487763851.9;20.617;72.168
Saint Vincent and the Grenadines;VCT;2003;0.2707075;3.265137;4.1822143;0.90901524;0.19106644;0.0554;509090888.9;19.967;72.352
Saint Vincent and the Grenadines;VCT;2004;0.2710644;3.274928;4.180735;0.9090163;0.19345064;0.0601;549900185.2;19.524;73.035
Saint Vincent and the Grenadines;VCT;2005;0.27134368;3.2772822;4.1805806;0.9090251;0.1952749;0.0614;579948925.9;19.449;73.516
Saint Vincent and the Grenadines;VCT;2006;0.2716325;3.2757206;4.1844893;0.90904;0.19772623;0.0662;643501148.1;19.15;74.017
Saint Vincent and the Grenadines;VCT;2007;0.2720102;3.2681947;4.193115;0.90905577;0.20029412;0.0723;713596666.7;18.927;74.703
Saint Vincent and the Grenadines;VCT;2008;0.272403;3.259806;4.2039027;0.90906656;0.2024692;0.0754;732663259.3;18.79;75.053
Saint Vincent and the Grenadines;VCT;2009;0.2727365;3.2513957;4.214359;0.9090724;0.2045353;0.1152;714300259.3;19.378;75.083
Saint Vincent and the Grenadines;VCT;2010;0.272936;3.2496624;4.2220736;0.90907544;0.20537646;0.0906;720447888.9;19.951;74.718
Saint Vincent and the Grenadines;VCT;2011;0.27306613;3.2559257;4.230382;0.9090732;0.20646155;0.065;713796370.4;20.03;74.596
Saint Vincent and the Grenadines;VCT;2012;0.27322206;3.267341;4.2424617;0.9090678;0.20721738;0.0857;730032592.6;19.846;74.146
Saint Vincent and the Grenadines;VCT;2013;0.27337477;3.285416;4.2555532;0.9090632;0.20818248;0.0846;764781259.3;19.347;73.798
Saint Vincent and the Grenadines;VCT;2014;0.27349624;3.2984493;4.26675;0.9090587;0.20824556;0.0909;770900000.0;19.229;74.473
Saint Vincent and the Grenadines;VCT;2015;0.2735581;3.3062103;4.273169;0.909054;0.20925242;0.0897;786555555.6;19.121;74.407
Saint Vincent and the Grenadines;VCT;2016;0.27339986;3.30316;4.272804;0.9090527;0.210672;0.0945;814303703.7;19.01;74.28
Saint Vincent and the Grenadines;VCT;2017;0.27326104;3.3010902;4.2726574;0.90905243;0.21200176;0.0997;844040740.7;18.988;74.305
Saint Vincent and the Grenadines;VCT;2018;0.27356347;3.3225784;4.281775;0.9090532;0.21254711;0.1007;884329629.6;18.968;74.128
Saint Vincent and the Grenadines;VCT;2019;0.2742307;3.3676143;4.2993255;0.9090553;0.21304461;0.0971;910766666.7;19.22;72.835
Samoa;WSM;1990;0.2844045;2.9751747;3.9052362;0.27485725;0.08279893;0.1208;125766269.8;;67.658
Samoa;WSM;1991;0.28498828;2.9703803;3.9077075;0.2748364;0.08259631;0.1221;125597205.4;2.1;67.881
Samoa;WSM;1992;0.28542683;2.9651277;3.9103074;0.27481675;0.08201999;0.1096;132303041.4;2.438;68.385
Samoa;WSM;1993;0.28572503;2.959068;3.9127915;0.27479854;0.08174264;0.1205;133122897.2;2.686;68.701
Samoa;WSM;1994;0.2858871;2.9532812;3.915012;0.27478218;0.081469655;0.1268;221098106.5;2.995;68.98
Samoa;WSM;1995;0.28591785;2.9460928;3.9168344;0.274768;0.081650145;0.1215;224865731.4;3.239;69.298
Samoa;WSM;1996;0.28561777;2.9371502;3.9195871;0.27475646;0.08167168;0.1245;249907868.8;3.51;69.588
Samoa;WSM;1997;0.2849523;2.9263568;3.9238694;0.2747455;0.08176866;0.1321;285475591.9;3.775;69.875
Samoa;WSM;1998;0.2841746;2.9127672;3.928418;0.27473623;0.08197189;0.1369;269485244.2;4.123;70.171
Samoa;WSM;1999;0.2835368;2.9013143;3.932012;0.27472863;0.08230834;0.1328;255408060.3;4.487;70.456
Samoa;WSM;2000;0.2832916;2.8912137;3.9334147;0.2747227;0.082553275;0.208;258856139.8;4.732;70.746
Samoa;WSM;2001;0.28386936;2.8820632;3.9312196;0.2747189;0.083134465;0.2185;266299591.5;4.96;71.019
Samoa;WSM;2002;0.28520492;2.8731291;3.9263356;0.27471468;0.08406527;0.2226;281790134.2;4.978;71.276
Samoa;WSM;2003;0.2868108;2.8633657;3.9207838;0.27471045;0.08530138;0.2281;333426188.4;5.04;71.496
Samoa;WSM;2004;0.2881992;2.8544672;3.9166021;0.2747059;0.086200565;0.2236;407747565.1;5.165;71.696
Samoa;WSM;2005;0.28888264;2.8457634;3.9158382;0.27470124;0.08719951;0.2314;476801793.2;5.214;71.754
Samoa;WSM;2006;0.28899103;2.8344631;3.9210682;0.27469823;0.08784671;0.2314;499923757.8;5.323;72.021
Samoa;WSM;2007;0.28900558;2.8213205;3.9315739;0.27469623;0.0887541;0.2379;573548459.8;5.426;72.1
Samoa;WSM;2008;0.2889641;2.8071675;3.944469;0.27469528;0.08944479;0.2447;641346191.7;5.538;72.155
Samoa;WSM;2009;0.2889003;2.7969825;3.9570355;0.27469563;0.09000289;0.2576;628006115.4;5.646;70.066
Samoa;WSM;2010;0.28885233;2.7902493;3.96634;0.27469695;0.090149485;0.2675;680260907.2;5.62;72.249
Samoa;WSM;2011;0.2887552;2.788849;3.9755507;0.27470124;0.09079875;0.2732;744097050.2;5.68;72.26
Samoa;WSM;2012;0.2885534;2.789341;3.988135;0.27470958;0.09116622;0.2731;773141661.2;8.752;72.167
Samoa;WSM;2013;0.28830728;2.788686;4.001183;0.27472052;0.091465935;0.2817;797736334.3;8.772;72.391
Samoa;WSM;2014;0.28807753;2.7885072;4.0117545;0.274733;0.0916238;0.2898;796683519.6;8.72;72.463
Samoa;WSM;2015;0.28792423;2.7889104;4.016929;0.27474642;0.09194078;0.3372;824150498.7;8.9;72.515
Samoa;WSM;2016;0.2878865;2.7842088;4.0080247;0.2747614;0.0923448;0.3627;843924796.7;9.062;72.54
Samoa;WSM;2017;0.28784317;2.7820952;3.9990788;0.2747785;0.09329958;0.369;884844384.5;9.4;72.59
Samoa;WSM;2018;0.28744543;2.787925;4.0073843;0.27479684;0.09385673;0.3613;878448433.4;9.512;72.636
Samoa;WSM;2019;0.2866452;2.8027563;4.027854;0.2748158;0.09448495;0.413;912950466.1;9.601;72.157
San Marino;SMR;1990;0.28428882;4.04946;5.426944;0.9131857;0.45813456;;;;
San Marino;SMR;1991;0.283807;4.0519514;5.4338;0.9134164;0.46051657;;;;
San Marino;SMR;1992;0.28342155;4.0528154;5.4406;0.9136781;0.4639558;;;;
San Marino;SMR;1993;0.28313288;4.0559583;5.4471416;0.91396284;0.46763435;;;;
San Marino;SMR;1994;0.28294152;4.0586047;5.453234;0.9142654;0.47118536;;;;
San Marino;SMR;1995;0.28284734;4.061423;5.458681;0.9145828;0.4754563;;;;
San Marino;SMR;1996;0.28295878;4.0641146;5.464059;0.9149106;0.48074794;;;;
San Marino;SMR;1997;0.28328663;4.0661836;5.4698396;0.91524994;0.48769763;;;;
San Marino;SMR;1998;0.28368753;4.0680923;5.4755793;0.9155918;0.4952287;;;;
San Marino;SMR;1999;0.2840195;4.0717716;5.480883;0.91593194;0.50308627;;1109098658.0;;
San Marino;SMR;2000;0.2841416;4.0741014;5.4853935;0.91627085;0.5099026;;1005159388.0;;
San Marino;SMR;2001;0.28399315;4.0752745;5.490246;0.91647846;0.5160942;;1077413479.0;;
San Marino;SMR;2002;0.28368115;4.0759797;5.4961796;0.9164993;0.52270705;;1168269231.0;;
San Marino;SMR;2003;0.2833163;4.07636;5.5021462;0.91644096;0.5298213;;1464326161.0;;
San Marino;SMR;2004;0.28300878;4.0787373;5.5071473;0.9164215;0.53501487;;1723750000.0;;
San Marino;SMR;2005;0.28286752;4.0786476;5.51022;0.91656655;0.54008085;;1785847531.0;;
San Marino;SMR;2006;0.28297114;4.0804725;5.509282;0.9168288;0.5429535;;1908167106.0;;
San Marino;SMR;2007;0.28324884;4.080268;5.5046754;0.91708124;0.545868;;2185874624.0;;
San Marino;SMR;2008;0.28358367;4.0803356;5.498985;0.91732013;0.54857236;;2393437820.0;;
San Marino;SMR;2009;0.28385857;4.081591;5.4948;0.917544;0.55048335;;2056126702.0;;
San Marino;SMR;2010;0.28395638;4.082509;5.4947157;0.91775405;0.55051506;;1881191950.0;;
San Marino;SMR;2011;0.28372657;4.0831385;5.5014095;0.91794866;0.54780537;;1813717695.0;;
San Marino;SMR;2012;0.28321028;4.085105;5.5134583;0.91812783;0.54048204;;1604701051.0;;
San Marino;SMR;2013;0.28257772;4.085575;5.5272756;0.91828984;0.53136253;;1678741202.0;;
San Marino;SMR;2014;0.28199995;4.08449;5.5393167;0.9184343;0.5232666;;1673910988.0;;
San Marino;SMR;2015;0.2816486;4.084571;5.5460873;0.9185623;0.5175254;;1419400404.0;;
San Marino;SMR;2016;0.28157577;4.0876093;5.547377;0.9186737;0.5149223;;1468342431.0;;
San Marino;SMR;2017;0.28154105;4.0877786;5.546829;0.9187675;0.51205164;;1528621195.0;;
San Marino;SMR;2018;0.2810688;4.089612;5.5453506;0.9188432;0.50937545;;1655354304.0;;
San Marino;SMR;2019;0.28010872;4.0918827;5.542622;0.9189005;0.50515896;;1616188702.0;;
Sao Tome and Principe;STP;1990;0.21996185;3.6944606;3.0704925;0.5650405;0.10122168;0.0393;119297935.7;;61.471
Sao Tome and Principe;STP;1991;0.21992362;3.6809888;3.067451;0.56504583;0.100766525;0.0529;107484142.7;14.417;61.429
Sao Tome and Principe;STP;1992;0.21987993;3.6680975;3.0647783;0.5650488;0.09993021;0.0449;94861780.62;14.576;61.284
Sao Tome and Principe;STP;1993;0.21983519;3.6577322;3.062506;0.5650515;0.099298045;0.0436;125742228.8;14.413;61.138
Sao Tome and Principe;STP;1994;0.21979554;3.6526825;3.0607312;0.5650541;0.09912937;0.0533;131338414.6;14.376;61.069
Sao Tome and Principe;STP;1995;0.21976678;3.6496794;3.0596557;0.5650563;0.09869356;0.0542;103695236.8;14.323;61.056
Sao Tome and Principe;STP;1996;0.21971959;3.6493657;3.0594928;0.5650579;0.09838072;0.0565;135188165.7;14.319;61.097
Sao Tome and Principe;STP;1997;0.21964599;3.655318;3.0599725;0.5650577;0.09768659;0.0564;91920274.24;14.404;61.181
Sao Tome and Principe;STP;1998;0.21956953;3.660808;3.0606837;0.5650566;0.09722326;0.0576;72285403.84;14.393;61.187
Sao Tome and Principe;STP;1999;0.2195158;3.6662912;3.0611725;0.5650545;0.09672621;0.0587;77302211.92;14.353;61.393
Sao Tome and Principe;STP;2000;0.21951091;3.6708565;3.0609622;0.5650509;0.09669956;0.0565;76198394.82;14.4;61.655
Sao Tome and Principe;STP;2001;0.21959838;3.6719935;3.0591974;0.56504446;0.09671677;0.0564;75951133.38;15.73;62.032
Sao Tome and Principe;STP;2002;0.21977498;3.6745443;3.0558512;0.56503516;0.09707098;0.0646;85171073.88;17.63;62.6
Sao Tome and Principe;STP;2003;0.2199859;3.6764772;3.0519729;0.56502384;0.097232714;0.0728;102085769.1;16.36;63.166
Sao Tome and Principe;STP;2004;0.22017717;3.675728;3.0485716;0.5650107;0.09764952;0.0834;114582283.9;16.12;63.731
Sao Tome and Principe;STP;2005;0.22029306;3.6743402;3.0466697;0.5649961;0.09786802;0.0899;136450662.4;16.47;63.709
Sao Tome and Principe;STP;2006;0.22032197;3.6683667;3.0460067;0.56497943;0.098281845;0.0964;142775104.1;16.65;64.398
Sao Tome and Principe;STP;2007;0.22031128;3.6558375;3.0455184;0.5649622;0.09875292;0.0988;149146918.9;16.098;64.724
Sao Tome and Principe;STP;2008;0.22028796;3.642232;3.045294;0.5649451;0.099925414;0.1059;188021165.0;15.573;65.079
Sao Tome and Principe;STP;2009;0.22028278;3.6314576;3.0453904;0.564928;0.10066466;0.1136;200668065.0;15.4;65.116
Sao Tome and Principe;STP;2010;0.22032754;3.6246483;3.04587;0.56491137;0.10159035;0.1248;190021192.5;14.66;65.249
Sao Tome and Principe;STP;2011;0.22045352;3.6261482;3.0481746;0.5648954;0.102369785;0.1266;226455001.2;14.196;64.902
Sao Tome and Principe;STP;2012;0.22064741;3.631514;3.0527463;0.5648811;0.10344747;0.1332;229371348.2;13.59;65.746
Sao Tome and Principe;STP;2013;0.22087245;3.6384728;3.0584126;0.5648688;0.10455178;0.1328;267041747.6;13.711;66.328
Sao Tome and Principe;STP;2014;0.22109309;3.6457372;3.0639532;0.5648582;0.105693385;0.1325;293119143.2;13.619;66.845
Sao Tome and Principe;STP;2015;0.22127281;3.6497588;3.0681646;0.56484944;0.10690937;0.1404;259999643.0;13.598;67.249
Sao Tome and Principe;STP;2016;0.2215737;3.650318;3.0756378;0.564842;0.108161084;0.1414;292267272.2;13.65;67.492
Sao Tome and Principe;STP;2017;0.22190548;3.6538966;3.0824304;0.56483614;0.10916981;0.1408;322002845.2;13.811;68.267
Sao Tome and Principe;STP;2018;0.22227123;3.6726847;3.084049;0.5648317;0.11027925;0.1405;383717327.8;13.878;68.355
Sao Tome and Principe;STP;2019;0.22281662;3.7094643;3.0837884;0.56482846;0.11107093;0.1586;412976064.5;13.998;68.523
Saudi Arabia;SAU;1990;0.26494485;4.015477;4.352495;0.7617487;0.25409365;173.597;118000000000.0;;68.948
Saudi Arabia;SAU;1991;0.2646841;4.0074687;4.3504653;0.76164705;0.25418368;177.2327;132000000000.0;7.29;69.366
Saudi Arabia;SAU;1992;0.26442176;4.00088;4.3508453;0.76168007;0.2535322;190.5712;137000000000.0;7.2;69.925
Saudi Arabia;SAU;1993;0.26417553;3.9975069;4.353284;0.7618439;0.25318697;200.6952;133000000000.0;7.075;70.303
Saudi Arabia;SAU;1994;0.26396582;3.9980576;4.357077;0.7621112;0.2534269;218.3805;135000000000.0;6.88;70.705
Saudi Arabia;SAU;1995;0.26381397;3.9978688;4.361585;0.7624723;0.25333825;216.7761;143000000000.0;6.44;71.011
Saudi Arabia;SAU;1996;0.26366857;4.002176;4.3684983;0.76286584;0.25332087;230.1344;159000000000.0;5.845;71.273
Saudi Arabia;SAU;1997;0.2634902;4.0103064;4.3786583;0.76331073;0.25272477;232.8365;166000000000.0;5.322;71.483
Saudi Arabia;SAU;1998;0.26330137;4.0196815;4.389816;0.76376814;0.25225878;249.1073;147000000000.0;4.769;71.879
Saudi Arabia;SAU;1999;0.26312077;4.0292764;4.3998723;0.7642139;0.25172022;253.9547;162000000000.0;4.346;72.136
Saudi Arabia;SAU;2000;0.26296723;4.037167;4.4067154;0.7646374;0.25197995;264.8499;190000000000.0;4.57;72.467
Saudi Arabia;SAU;2001;0.26272622;4.0462174;4.4116745;0.7649934;0.25224474;275.413;184000000000.0;4.618;72.974
Saudi Arabia;SAU;2002;0.26235223;4.0543137;4.4162683;0.7652851;0.25138468;293.3802;190000000000.0;5.265;73.337
Saudi Arabia;SAU;2003;0.2619488;4.0638766;4.4202504;0.76548654;0.2508148;307.9214;216000000000.0;5.563;73.628
Saudi Arabia;SAU;2004;0.26161587;4.0745873;4.4234548;0.76557595;0.2507737;326.5888;259000000000.0;5.822;74.153
Saudi Arabia;SAU;2005;0.26145443;4.081944;4.4254932;0.7655302;0.2514623;345.9323;328000000000.0;6.051;74.588
Saudi Arabia;SAU;2006;0.26144722;4.0944386;4.4302883;0.7653696;0.25160232;366.2985;377000000000.0;6.254;74.81
Saudi Arabia;SAU;2007;0.26150167;4.1112223;4.439092;0.76512367;0.25378412;387.4531;416000000000.0;5.734;75.046
Saudi Arabia;SAU;2008;0.26159522;4.1307817;4.449881;0.7648146;0.255395;420.0467;520000000000.0;5.085;75.274
Saudi Arabia;SAU;2009;0.2617028;4.1441846;4.460768;0.7644744;0.25766167;443.6227;429000000000.0;5.377;75.431
Saudi Arabia;SAU;2010;0.2617996;4.154132;4.4696746;0.7641308;0.25953245;486.4797;528000000000.0;5.55;75.763
Saudi Arabia;SAU;2011;0.2619344;4.1616974;4.4819765;0.7638265;0.26166114;508.763;677000000000.0;5.77;76.234
Saudi Arabia;SAU;2012;0.2621425;4.173484;4.4999495;0.7635451;0.264838;538.8674;742000000000.0;5.622;76.461
Saudi Arabia;SAU;2013;0.2623758;4.181795;4.519109;0.7632827;0.26780942;546.7325;754000000000.0;5.6;76.626
Saudi Arabia;SAU;2014;0.2625849;4.1890936;4.5350432;0.76304173;0.27054113;585.4596;767000000000.0;5.877;76.757
Saudi Arabia;SAU;2015;0.26271945;4.192158;4.543237;0.7628268;0.2728482;610.9546;669000000000.0;5.6;76.918
Saudi Arabia;SAU;2016;0.2629914;4.1810503;4.537617;0.7626379;0.27610958;608.9979;666000000000.0;5.6;77.064
Saudi Arabia;SAU;2017;0.2632245;4.171316;4.5301;0.76247424;0.27746344;602.8419;715000000000.0;5.89;77.16
Saudi Arabia;SAU;2018;0.26313922;4.1837606;4.536592;0.76234096;0.27877355;579.541;847000000000.0;6.029;77.212
Saudi Arabia;SAU;2019;0.2628555;4.216069;4.5544286;0.7622446;0.27899438;579.8861;839000000000.0;5.636;77.304
Senegal;SEN;1990;0.21512029;4.003507;2.891671;0.5529106;0.096735;2.3648;7390967360.0;;56.948
Senegal;SEN;1991;0.21523742;3.999169;2.8896232;0.5529081;0.09634733;2.378;7255210470.0;2.86;57.139
Senegal;SEN;1992;0.21532859;3.9951913;2.8878183;0.55290365;0.09632252;2.6134;7769817840.0;2.919;57.112
Senegal;SEN;1993;0.21539365;3.9894552;2.8863292;0.5528982;0.09589332;2.5522;7367986241.0;2.872;56.996
Senegal;SEN;1994;0.21543168;3.9873822;2.8852968;0.55289215;0.09559199;2.6064;5034588196.0;2.932;56.955
Senegal;SEN;1995;0.2154414;3.983689;2.8848202;0.5528849;0.09558576;2.7544;6326342633.0;2.84;56.839
Senegal;SEN;1996;0.21539527;3.9788344;2.8850148;0.5528776;0.094901614;2.9711;6559712166.0;2.826;56.672
Senegal;SEN;1997;0.21528813;3.9686704;2.8858287;0.5528695;0.09476131;3.2685;6041478726.0;2.76;56.591
Senegal;SEN;1998;0.21516383;3.957128;2.8868458;0.5528612;0.09420057;3.6675;6505607909.0;2.751;56.418
Senegal;SEN;1999;0.21506631;3.9464793;2.8877585;0.55285347;0.09406457;4.0467;6592834933.0;2.665;56.609
Senegal;SEN;2000;0.21503843;3.9434748;2.8882577;0.5528459;0.09381468;3.9898;6013185004.0;2.648;56.943
Senegal;SEN;2001;0.21513535;3.944246;2.8883982;0.5528386;0.09399164;4.513;6507824829.0;2.68;57.564
Senegal;SEN;2002;0.21533297;3.9451904;2.8885887;0.55283225;0.09429893;4.6821;7006402320.0;2.808;58.231
Senegal;SEN;2003;0.21556129;3.947439;2.8886511;0.5528266;0.0949818;4.5434;8768721563.0;2.774;59.122
Senegal;SEN;2004;0.21575128;3.946817;2.888524;0.55282164;0.09578515;5.1766;10076816667.0;2.77;60.027
Senegal;SEN;2005;0.21583033;3.947818;2.8881066;0.5528181;0.09598966;5.7483;11009033438.0;2.685;60.915
Senegal;SEN;2006;0.21573773;3.9467227;2.8856735;0.55281466;0.09597515;5.6142;11697918243.0;2.755;61.75
Senegal;SEN;2007;0.2155155;3.942617;2.8808906;0.5528121;0.09662174;6.2189;13994218413.0;2.796;62.543
Senegal;SEN;2008;0.21524835;3.93737;2.8754222;0.5528099;0.09712035;6.4436;16853989628.0;2.813;63.242
Senegal;SEN;2009;0.21502297;3.9347472;2.8709962;0.5528071;0.097136445;6.5922;16145867495.0;2.807;63.923
Senegal;SEN;2010;0.21492364;3.93281;2.8692546;0.5528046;0.09767511;6.9774;16121315909.0;2.798;64.615
Senegal;SEN;2011;0.21497087;3.9411235;2.8711972;0.55280083;0.09792456;7.4782;17814283639.0;2.853;65.262
Senegal;SEN;2012;0.21510041;3.9590747;2.8758802;0.5527969;0.09857358;7.3632;17660870412.0;3.887;65.457
Senegal;SEN;2013;0.21526909;3.9783332;2.8817406;0.55279225;0.0989822;7.8401;18918667725.0;4.989;66.072
Senegal;SEN;2014;0.21543488;3.9937816;2.8872273;0.55278575;0.099305585;8.3821;19797253440.0;5.842;66.452
Senegal;SEN;2015;0.21555348;3.999768;2.8907769;0.5527781;0.09976134;9.2176;17774766696.0;6.757;66.879
Senegal;SEN;2016;0.2158841;3.9968534;2.8942425;0.5527699;0.10105647;10.2962;19040312333.0;4.455;67.497
Senegal;SEN;2017;0.21621746;3.991513;2.896549;0.5527615;0.101933196;9.9778;20996562944.0;4.078;67.75
Senegal;SEN;2018;0.21627313;4.0040107;2.8957472;0.5527529;0.1026303;10.3232;23116701556.0;3.567;68.097
Senegal;SEN;2019;0.21622801;4.0294;2.8934357;0.55274326;0.10354699;12.3969;23403995992.0;2.863;68.526
Serbia;SRB;1990;0.28391153;3.0980194;3.298805;0.540626;0.13087903;;;;70.22921951
Serbia;SRB;1991;0.2835955;3.0900764;3.301039;0.54052263;0.1275429;;;13.348;70.61770732
Serbia;SRB;1992;0.28327143;3.0839071;3.3046837;0.54048234;0.12454399;;;13.447;70.80092683
Serbia;SRB;1993;0.28297082;3.0757797;3.3089528;0.540485;0.12226438;;19374911220.0;13.555;70.96556098
Serbia;SRB;1994;0.28273013;3.0689569;3.31216;0.5404671;0.12023792;;20302145339.0;13.509;71.25065854
Serbia;SRB;1995;0.28256184;3.0626123;3.3154256;0.5404908;0.118746914;;16832598870.0;13.4;71.6894878
Serbia;SRB;1996;0.28239366;3.0554667;3.3200147;0.5405241;0.11787099;;21818007449.0;13.2;71.4852439
Serbia;SRB;1997;0.28214324;3.0466144;3.329775;0.54070115;0.117472395;;25676488000.0;13.8;71.58436585
Serbia;SRB;1998;0.28187937;3.0389056;3.3409157;0.5409159;0.11674941;;19457979423.0;13.7;71.18729268
Serbia;SRB;1999;0.28172007;3.0252264;3.3446522;0.5408169;0.11605915;;19388663551.0;13.7;69.71543902
Serbia;SRB;2000;0.28166893;3.0092037;3.3457527;0.54069465;0.115679815;;6875845987.0;12.6;71.58292683
Serbia;SRB;2001;0.28173384;2.99539;3.3501468;0.5407558;0.116436474;;12960546471.0;12.8;72.23414634
Serbia;SRB;2002;0.28192544;2.9775953;3.35524;0.5407883;0.117787324;;17120906918.0;13.8;72.28536585
Serbia;SRB;2003;0.28218403;2.956505;3.3597996;0.5407778;0.119659364;;22482365322.0;15.2;72.43658537
Serbia;SRB;2004;0.28243154;2.9374812;3.3643441;0.5407989;0.12173406;;26141968161.0;18.5;72.68292683
Serbia;SRB;2005;0.28261274;2.9202738;3.3671875;0.5408186;0.12355641;;27683225959.0;20.85;72.83414634
Serbia;SRB;2006;0.2827815;2.9037662;3.3685405;0.54081154;0.12561597;;32482070360.0;20.85;73.38536585
Serbia;SRB;2007;0.28300402;2.8852015;3.3700407;0.5408024;0.1273359;;43170990616.0;18.06;73.63170732
Serbia;SRB;2008;0.28325164;2.8666155;3.3714156;0.54079264;0.1293934;;52194221469.0;13.67;73.88536585
Serbia;SRB;2009;0.2834988;2.8507;3.3720725;0.54076844;0.13136601;;45162894381.0;16.116;73.98536585
Serbia;SRB;2010;0.28371772;2.839741;3.3716702;0.5407289;0.13288817;;41819468692.0;19.204;74.33658537
Serbia;SRB;2011;0.2840543;2.8318923;3.3694704;0.5406678;0.13434955;;49258136129.0;22.959;74.53658537
Serbia;SRB;2012;0.2845795;2.8229446;3.365633;0.5405978;0.1361638;;43309252921.0;24.0;74.83658537
Serbia;SRB;2013;0.2851511;2.8167434;3.3617408;0.54055643;0.13700922;;48394239475.0;22.154;75.18536585
Serbia;SRB;2014;0.2856391;2.8110495;3.3580794;0.540523;0.13842759;;47062202419.0;19.223;75.33658537
Serbia;SRB;2015;0.28591478;2.8073838;3.3545988;0.54047257;0.13928807;;39655949731.0;17.66;75.28780488
Serbia;SRB;2016;0.2857797;2.8106384;3.3464797;0.5404228;0.14055094;;40692661657.0;15.257;75.68780488
Serbia;SRB;2017;0.2855267;2.8161287;3.3387032;0.5403768;0.14121008;;44179075779.0;13.477;75.53902439
Serbia;SRB;2018;0.28533348;2.815798;3.3362787;0.54033136;0.1423078;;50640662859.0;12.733;75.8902439
Serbia;SRB;2019;0.28505;2.814907;3.33539;0.540287;0.14359924;;51514242939.0;10.395;75.93658537
Seychelles;SYC;1990;0.3003364;2.8112023;3.6724496;0.3348541;0.12212997;0.2707;392163560.9;;68.10731707
Seychelles;SYC;1991;0.30145916;2.801976;3.6795852;0.33485034;0.123512454;0.3902;398307169.9;;70.71219512
Seychelles;SYC;1992;0.30249393;2.7923174;3.6859736;0.33484882;0.12514766;0.3288;461409398.9;;71.21463415
Seychelles;SYC;1993;0.30338907;2.7834795;3.691325;0.3348398;0.12622274;0.3291;504230620.6;;69.46829268
Seychelles;SYC;1994;0.30408013;2.7750912;3.6958005;0.33483908;0.12728679;0.3289;517570058.2;;70.72926829
Seychelles;SYC;1995;0.30450478;2.765676;3.6994805;0.33486113;0.12855871;0.3464;540733047.7;;72.48292683
Seychelles;SYC;1996;0.30477604;2.7583275;3.7018666;0.3348914;0.12961225;0.3613;535250347.1;;71.56097561
Seychelles;SYC;1997;0.30503395;2.746274;3.7027204;0.33491513;0.13132146;0.3831;598966982.4;;71.21219512
Seychelles;SYC;1998;0.3052788;2.7339315;3.701383;0.33490688;0.13274303;0.3907;647287375.8;;71.74634146
Seychelles;SYC;1999;0.30548552;2.722215;3.6985762;0.33488315;0.13397491;0.3981;662838614.9;;72.66829268
Seychelles;SYC;2000;0.3056302;2.7122633;3.6949332;0.3348615;0.13425086;0.7798;654212394.3;;72.77804878
Seychelles;SYC;2001;0.30578288;2.7037706;3.6896179;0.3348346;0.13409086;0.8481;662064155.9;;73.25365854
Seychelles;SYC;2002;0.3059945;2.6941288;3.6825297;0.3348;0.13444676;0.761;742134837.5;;71.08780488
Seychelles;SYC;2003;0.30622634;2.685257;3.674889;0.33475134;0.13429539;0.7635;750847230.1;;71.02926829
Seychelles;SYC;2004;0.30642968;2.674123;3.6679156;0.33469886;0.13424894;1.0712;893012218.2;;72.66097561
Seychelles;SYC;2005;0.30655247;2.666924;3.6629534;0.33465314;0.13430203;0.9705;977899381.8;;72.13170732
Seychelles;SYC;2006;0.30652985;2.6573365;3.6631038;0.33460274;0.13451593;1.0626;1081441283.0;;72.21707317
Seychelles;SYC;2007;0.30639097;2.64392;3.6686122;0.3345507;0.13528457;0.8756;1077308814.0;;73.14390244
Seychelles;SYC;2008;0.30623257;2.6313956;3.6765597;0.33450055;0.13556081;0.9316;979597394.3;;73.16341463
Seychelles;SYC;2009;0.30614534;2.620959;3.6843796;0.33445075;0.13661233;1.011;850901620.4;;73.08292683
Seychelles;SYC;2010;0.30622235;2.6154761;3.6892297;0.3344063;0.13720837;0.9255;981616542.3;;73.19756098
Seychelles;SYC;2011;0.3069391;2.6157045;3.692962;0.33436656;0.13854514;0.7776;1058918707.0;;72.72439024
Seychelles;SYC;2012;0.30839333;2.6167803;3.698759;0.33432746;0.13964525;0.8894;1089407839.0;;74.27560976
Seychelles;SYC;2013;0.3101186;2.619188;3.7052233;0.3342918;0.1414508;0.7985;1333160407.0;;73.1195122
Seychelles;SYC;2014;0.31163824;2.6223254;3.7109265;0.33425984;0.14339304;0.9324;1387577870.0;;73.22926829
Seychelles;SYC;2015;0.31247005;2.6231592;3.7146425;0.33423054;0.14510871;0.9844;1432403352.0;;74.29512195
Seychelles;SYC;2016;0.31190345;2.6212308;3.7208812;0.33420283;0.14686012;1.0623;1568513348.0;;74.3097561
Seychelles;SYC;2017;0.31122857;2.6207454;3.7265923;0.3341761;0.14920126;1.0885;1675370641.0;;74.3
Seychelles;SYC;2018;0.31192645;2.6285365;3.7308533;0.3341527;0.15025266;0.9791;1784313927.0;;72.84146341
Seychelles;SYC;2019;0.31363437;2.644615;3.7375588;0.3341308;0.1512988;1.0162;1868690097.0;;74.04634146
Sierra Leone;SLE;1990;0.20785803;4.1790104;3.5970297;0.5383761;0.08752865;0.644;649644097.6;;44.057
Sierra Leone;SLE;1991;0.20860747;4.1882224;3.597032;0.5384036;0.08753988;0.8642;780098205.2;4.056;43.506
Sierra Leone;SLE;1992;0.20916787;4.197473;3.5960362;0.53841615;0.08756417;0.5347;679997997.6;4.248;43.621
Sierra Leone;SLE;1993;0.20954514;4.2054124;3.595094;0.5384207;0.08730486;0.5198;768812334.8;4.27;43.594
Sierra Leone;SLE;1994;0.20974572;4.2178483;3.596028;0.5384276;0.08717279;0.5387;911915970.7;4.316;42.925
Sierra Leone;SLE;1995;0.20978533;4.2274694;3.5968812;0.5384319;0.08673432;0.5778;870758739.4;4.21;42.716
Sierra Leone;SLE;1996;0.2094316;4.246351;3.6009302;0.5384402;0.08564823;0.6544;941742152.7;4.21;43.68
Sierra Leone;SLE;1997;0.20861319;4.276182;3.6087236;0.53845537;0.08366375;0.6383;850218033.6;4.251;43.715
Sierra Leone;SLE;1998;0.20764306;4.307215;3.6157355;0.53845847;0.08149255;0.6714;672375927.3;4.159;42.789
Sierra Leone;SLE;1999;0.20680422;4.333508;3.6203234;0.5384472;0.079429634;0.6832;669384768.9;4.198;42.071
Sierra Leone;SLE;2000;0.20635654;4.3528967;3.621347;0.53843397;0.07838193;0.4442;635874002.2;4.081;45.05
Sierra Leone;SLE;2001;0.20623115;4.367847;3.6206634;0.5384199;0.077906735;0.5551;1074851475.0;4.161;45.661
Sierra Leone;SLE;2002;0.20615406;4.3839474;3.620562;0.5384091;0.077542126;0.5814;1236235827.0;3.901;46.359
Sierra Leone;SLE;2003;0.20611188;4.39913;3.620976;0.538402;0.07745424;0.6157;1369685677.0;3.879;46.963
Sierra Leone;SLE;2004;0.20609301;4.411987;3.6216228;0.5383938;0.077244736;0.6172;1430217081.0;3.42;47.577
Sierra Leone;SLE;2005;0.20608647;4.41973;3.6218376;0.5383896;0.07700314;0.5705;1627058425.0;3.724;48.237
Sierra Leone;SLE;2006;0.20610566;4.4229546;3.6222115;0.5383851;0.07717398;0.7191;1862116291.0;3.9;49.323
Sierra Leone;SLE;2007;0.20616187;4.424466;3.622886;0.53838;0.0778236;0.6725;2126679544.0;4.018;50.365
Sierra Leone;SLE;2008;0.20624849;4.4250445;3.6236804;0.53837425;0.078409895;0.6529;2451896435.0;4.14;51.526
Sierra Leone;SLE;2009;0.20635334;4.424382;3.624634;0.53836566;0.07909232;0.6479;2419014960.0;4.282;52.626
Sierra Leone;SLE;2010;0.20646766;4.423879;3.6255171;0.5383598;0.07975822;0.7159;2578159804.0;4.427;53.693
Sierra Leone;SLE;2011;0.20667371;4.4206114;3.6285887;0.53835315;0.08091493;0.8648;2932274309.0;4.554;54.62
Sierra Leone;SLE;2012;0.20700058;4.4172144;3.6347582;0.5383466;0.08252632;0.9771;3789251613.0;4.56;55.451
Sierra Leone;SLE;2013;0.20736434;4.4145293;3.642446;0.5383403;0.08387902;1.1179;4920343317.0;4.538;56.313
Sierra Leone;SLE;2014;0.20767938;4.41009;3.650083;0.53833413;0.08506771;1.2142;5015180725.0;4.678;56.393
Sierra Leone;SLE;2015;0.20786299;4.4049;3.6559048;0.53832996;0.08594697;1.0199;4252029354.0;4.621;57.189
Sierra Leone;SLE;2016;0.20787953;4.401088;3.6671956;0.53832525;0.08668121;1.0269;3862721266.0;4.312;58.404
Sierra Leone;SLE;2017;0.20786215;4.3985505;3.6765845;0.53832054;0.08682065;0.9995;3719443418.0;3.848;58.652
Sierra Leone;SLE;2018;0.20792463;4.397339;3.6738265;0.53831583;0.08681842;1.0026;4085114388.0;3.193;59.796
Sierra Leone;SLE;2019;0.20804136;4.392157;3.6633224;0.53831226;0.08656057;0.9604;4076578699.0;3.204;60.255
Singapore;SGP;1990;0.30697882;2.845314;2.7740934;0.70748;0.31957847;31.5805;36144336769.0;;75.29512195
Singapore;SGP;1991;0.30835968;2.832694;2.7724035;0.70729685;0.32396132;33.4026;45466164978.0;2.18;75.64634146
Singapore;SGP;1992;0.30954802;2.8180907;2.7735167;0.70717955;0.32933185;34.1182;52131320033.0;3.09;75.94634146
Singapore;SGP;1993;0.3106092;2.802814;2.7740533;0.70700556;0.33435336;39.3865;60603815716.0;3.07;76.04634146
Singapore;SGP;1994;0.31149304;2.783255;2.772838;0.70681405;0.33807707;41.5545;73688724431.0;3.03;76.19756098
Singapore;SGP;1995;0.3120441;2.764544;2.7717888;0.706671;0.34237048;41.25;87812540788.0;3.3;76.29512195
Singapore;SGP;1996;0.31276503;2.737338;2.7657323;0.7061575;0.3450578;42.4212;96293086513.0;3.57;76.59512195
Singapore;SGP;1997;0.3132709;2.7136137;2.7652113;0.7058528;0.34847805;42.0956;100000000000.0;2.5;76.89756098
Singapore;SGP;1998;0.31372702;2.6839213;2.7646332;0.70556355;0.3521291;40.9666;85728207782.0;3.41;77.3
Singapore;SGP;1999;0.31356153;2.6579828;2.7729456;0.7058804;0.35722956;41.2994;86286849755.0;4.85;77.55121951
Singapore;SGP;2000;0.3136643;2.6220262;2.7748604;0.70583045;0.3611897;45.3971;96076539926.0;3.7;77.95121951
Singapore;SGP;2001;0.31395847;2.5498486;2.775783;0.70715576;0.3642933;45.7791;89793790670.0;3.76;78.25121951
Singapore;SGP;2002;0.31418592;2.4294057;2.781132;0.7107879;0.36780906;45.1035;92538372870.0;5.65;78.55121951
Singapore;SGP;2003;0.31423664;2.2970865;2.7892072;0.71533144;0.3721646;42.329;97646401096.0;5.93;79.03902439
Singapore;SGP;2004;0.31457818;2.1752803;2.7908938;0.71886766;0.37586904;44.4112;115000000000.0;5.84;79.4902439
Singapore;SGP;2005;0.3150185;2.102099;2.7887921;0.7201153;0.37948942;41.6184;128000000000.0;5.59;79.9902439
Singapore;SGP;2006;0.31564757;2.0655632;2.7798078;0.71964407;0.38361543;41.8542;149000000000.0;4.48;80.14146341
Singapore;SGP;2007;0.31648988;2.0343976;2.7625926;0.71903616;0.3879345;43.3583;181000000000.0;3.9;80.44146341
Singapore;SGP;2008;0.31743485;2.0079503;2.7403893;0.71835554;0.39134055;42.92;194000000000.0;3.96;80.7902439
Singapore;SGP;2009;0.31786546;1.9930092;2.7273026;0.7181183;0.39704093;43.7624;194000000000.0;5.86;81.24146341
Singapore;SGP;2010;0.318007;1.9849573;2.720861;0.71806157;0.4021088;48.8907;240000000000.0;4.12;81.54146341
Singapore;SGP;2011;0.31788614;1.9787933;2.7188978;0.7181219;0.40891522;51.3439;279000000000.0;3.89;81.74390244
Singapore;SGP;2012;0.31777892;1.9686414;2.7139595;0.71808857;0.4146344;50.1614;295000000000.0;3.72;81.99512195
Singapore;SGP;2013;0.3177358;1.9567744;2.7072175;0.7179858;0.42006242;52.6352;308000000000.0;3.86;82.24634146
Singapore;SGP;2014;0.31765857;1.9477776;2.7022684;0.71795315;0.42510414;53.8747;315000000000.0;3.74;82.49512195
Singapore;SGP;2015;0.31742936;1.9435817;2.7010484;0.71811366;0.4304964;55.1901;308000000000.0;3.79;82.74390244
Singapore;SGP;2016;0.31662214;1.9546286;2.6995094;0.7184167;0.43828207;52.9839;319000000000.0;4.08;82.84634146
Singapore;SGP;2017;0.31562033;1.966585;2.7036145;0.71907353;0.44648263;56.8974;343000000000.0;4.2;83.09512195
Singapore;SGP;2018;0.31651697;1.980659;2.7074525;0.71953475;0.45098594;54.3556;377000000000.0;3.613;83.29756098
Singapore;SGP;2019;0.3191951;2.0081315;2.7080863;0.7197487;0.453674;55.9882;377000000000.0;3.1;83.59512195
Slovakia;SVK;1990;0.2887255;2.9265432;3.4548378;0.54316795;0.14707577;60.1181;12747380650.0;;70.93268293
Slovakia;SVK;1991;0.28833556;2.926137;3.4567719;0.5431874;0.14494403;52.057;14272201755.0;12.154;70.88292683
Slovakia;SVK;1992;0.2880517;2.9223967;3.4586635;0.5432015;0.14351402;48.6438;15495514297.0;12.206;71.79512195
Slovakia;SVK;1993;0.2878708;2.919811;3.4603515;0.5432103;0.14205824;47.3509;16520676974.0;12.2;72.44878049
Slovakia;SVK;1994;0.2877899;2.9156985;3.461601;0.54321116;0.14122628;44.8762;20162936291.0;13.654;72.3
Slovakia;SVK;1995;0.28780612;2.9127612;3.4624782;0.5432053;0.14076175;45.2271;25840146405.0;13.109;72.25365854
Slovakia;SVK;1996;0.2880282;2.90875;3.4639943;0.5431936;0.1409816;45.4177;27925036755.0;11.341;72.65365854
Slovakia;SVK;1997;0.2884739;2.9024482;3.4664793;0.5431766;0.14166246;45.2686;27706028096.0;11.894;72.70487805
Slovakia;SVK;1998;0.289003;2.8958678;3.4692652;0.5431605;0.14222874;44.309;29856000671.0;12.421;72.55121951
Slovakia;SVK;1999;0.28947645;2.8871415;3.4715078;0.54314476;0.14258887;43.7523;30463670124.0;16.099;72.90243902
Slovakia;SVK;2000;0.28975654;2.877292;3.4723582;0.5431237;0.14348006;41.2976;29242558797.0;18.546;73.05121951
Slovakia;SVK;2001;0.28984782;2.8680182;3.471976;0.5430953;0.14446281;41.691;30778781607.0;19.149;73.40243902
Slovakia;SVK;2002;0.28988153;2.859049;3.4711547;0.54306203;0.14591862;41.4006;35297794386.0;18.541;73.60487805
Slovakia;SVK;2003;0.28990924;2.8473759;3.4701512;0.54302776;0.14741059;41.6862;46919965224.0;17.55;73.60487805
Slovakia;SVK;2004;0.28998363;2.8349662;3.4689987;0.54298854;0.14925972;41.1705;57437444469.0;18.206;73.95853659
Slovakia;SVK;2005;0.29015675;2.822717;3.4679728;0.54294574;0.15122125;41.8061;62808723477.0;16.276;73.90487805
Slovakia;SVK;2006;0.29061568;2.8081121;3.4669056;0.5429009;0.15345936;41.2088;70767338922.0;13.395;74.20487805
Slovakia;SVK;2007;0.2913802;2.7911031;3.4654307;0.5428536;0.1560524;40.6768;86563986799.0;11.16;74.20731707
Slovakia;SVK;2008;0.2922494;2.773399;3.463822;0.542808;0.15914044;40.6952;101000000000.0;9.514;74.70487805
Slovakia;SVK;2009;0.2930242;2.7572942;3.4621809;0.5427626;0.1620102;36.8926;89399303222.0;12.023;74.9097561
Slovakia;SVK;2010;0.29350546;2.742725;3.4605832;0.54271483;0.16429439;39.3279;91162836320.0;14.387;75.11219512
Slovakia;SVK;2011;0.29375234;2.7322502;3.457906;0.5426656;0.16675645;37.5573;99922685425.0;13.634;75.95853659
Slovakia;SVK;2012;0.293966;2.7200491;3.4534981;0.54261553;0.16867748;35.8384;94623731086.0;13.966;76.1097561
Slovakia;SVK;2013;0.2941598;2.7100556;3.4483354;0.54256624;0.17076997;36.1493;98935222175.0;14.227;76.41219512
Slovakia;SVK;2014;0.29434726;2.702602;3.4433794;0.542519;0.17259449;33.6589;101000000000.0;11.537;76.81219512
Slovakia;SVK;2015;0.29454166;2.6960647;3.4395785;0.5424747;0.17460677;34.1112;88900883131.0;11.492;76.56341463
Slovakia;SVK;2016;0.29527995;2.6932156;3.4296978;0.54242957;0.17710134;35.0566;89952699525.0;9.679;77.16585366
Slovakia;SVK;2017;0.29598767;2.6921725;3.4204469;0.5423847;0.17899124;37.3056;95649966261.0;8.142;77.16585366
Slovakia;SVK;2018;0.29599878;2.692408;3.4206145;0.5423434;0.1810499;36.6487;106000000000.0;6.544;77.26585366
Slovakia;SVK;2019;0.29567876;2.695262;3.4256656;0.54230446;0.18270175;34.4752;106000000000.0;5.761;77.66585366
Slovenia;SVN;1990;0.29433712;3.779249;3.4201221;0.5483297;0.16267575;14.9405;19817923036.0;;73.20487805
Slovenia;SVN;1991;0.29439417;3.7824721;3.4192302;0.548297;0.16037928;13.8631;14444213920.0;7.08;73.35365854
Slovenia;SVN;1992;0.29448265;3.7806234;3.4184716;0.5482557;0.15878937;13.2798;14267106464.0;7.823;73.30487805
Slovenia;SVN;1993;0.2945902;3.7749689;3.4174907;0.5482015;0.15717413;13.9803;14439020929.0;8.51;73.25365854
Slovenia;SVN;1994;0.294704;3.7670622;3.4165697;0.5481454;0.15608084;14.0777;16389101594.0;8.24;73.40487805
Slovenia;SVN;1995;0.29481214;3.7597392;3.4157934;0.5480902;0.15564717;14.9777;21352224019.0;7.15;73.95853659
Slovenia;SVN;1996;0.29497465;3.743182;3.415419;0.5480421;0.1558942;15.7312;21507232649.0;6.886;74.45853659
Slovenia;SVN;1997;0.29523066;3.7157915;3.415553;0.54798603;0.15651421;16.2302;20763101741.0;6.658;74.70731707
Slovenia;SVN;1998;0.2955267;3.6781166;3.4156392;0.54792005;0.15723932;16.0428;22146231968.0;7.4;74.80731707
Slovenia;SVN;1999;0.29580837;3.6407268;3.4154978;0.5478539;0.15830022;15.4373;22711384311.0;7.33;75.0097561
Slovenia;SVN;2000;0.29602134;3.609061;3.4148707;0.54778534;0.15960872;15.0374;20289627637.0;6.92;75.41219512
Slovenia;SVN;2001;0.2962314;3.5811453;3.4146807;0.5477201;0.16065343;16.8958;20876309970.0;5.685;75.75853659
Slovenia;SVN;2002;0.29651693;3.5528603;3.4154725;0.5476495;0.16242416;17.2059;23489890274.0;5.927;76.00731707
Slovenia;SVN;2003;0.29683208;3.5234346;3.4163406;0.5475685;0.1646438;17.054;29634713641.0;6.481;76.85853659
Slovenia;SVN;2004;0.29712954;3.4906077;3.4166489;0.5474863;0.16660479;17.3987;34414784504.0;6.017;77.20731707
Slovenia;SVN;2005;0.29736274;3.458315;3.4155588;0.5473989;0.16811678;17.6361;36206395971.0;6.515;77.61219512
Slovenia;SVN;2006;0.29760498;3.4168038;3.412923;0.54731697;0.16993526;17.9447;39481045038.0;5.957;78.08658537
Slovenia;SVN;2007;0.2979254;3.365157;3.4092996;0.5472392;0.17160432;17.9222;48067401207.0;4.828;78.56097561
Slovenia;SVN;2008;0.298263;3.3104546;3.4051182;0.5471558;0.17345054;18.8881;55779427740.0;4.379;78.76585366
Slovenia;SVN;2009;0.29855317;3.2616494;3.4013062;0.54708517;0.17497812;16.8902;50567734886.0;5.869;78.97073171
Slovenia;SVN;2010;0.29873276;3.2262132;3.3985589;0.54702723;0.17599195;17.1627;48208240226.0;7.248;79.42195122
Slovenia;SVN;2011;0.29887468;3.198042;3.396629;0.5469755;0.17654982;16.0823;51583869785.0;8.182;79.97073171
Slovenia;SVN;2012;0.2990663;3.170064;3.3948138;0.5469312;0.17746557;15.5193;46577793184.0;8.852;80.12439024
Slovenia;SVN;2013;0.29926476;3.1455755;3.3929334;0.5468908;0.17795832;15.5139;48415657265.0;10.116;80.32195122
Slovenia;SVN;2014;0.2994261;3.1279106;3.3910072;0.5468587;0.17820108;14.1302;49997186439.0;9.692;81.07804878
Slovenia;SVN;2015;0.29950804;3.1176937;3.3889303;0.54683584;0.17944098;14.2991;43107506024.0;8.975;80.77560976
Slovenia;SVN;2016;0.29934824;3.1237047;3.3792083;0.54681283;0.18036084;15.0252;44766722791.0;8.007;81.17560976
Slovenia;SVN;2017;0.29917935;3.1313162;3.3704271;0.54679406;0.18203017;15.3483;48589100043.0;6.573;81.02926829
Slovenia;SVN;2018;0.29926845;3.1262515;3.3750324;0.5467767;0.18319431;15.3301;54177882426.0;5.116;81.37804878
Slovenia;SVN;2019;0.2995073;3.1152232;3.3891728;0.5467665;0.1849328;14.8845;54386654314.0;4.448;81.52926829
Solomon Islands;SLB;1990;0.25653237;3.0817962;3.8883524;0.25514415;0.06556662;0.1561;214877666.7;;65.392
Solomon Islands;SLB;1991;0.2575276;3.0805588;3.8906646;0.25513145;0.06571428;0.1577;227540473.3;1.976;65.579
Solomon Islands;SLB;1992;0.25829968;3.0803835;3.8938315;0.255119;0.06629944;0.1591;269034595.8;1.864;65.767
Solomon Islands;SLB;1993;0.25884992;3.0792093;3.8974164;0.25510648;0.06658494;0.1557;300746361.1;1.842;65.958
Solomon Islands;SLB;1994;0.25917616;3.0770593;3.9011598;0.25509372;0.06675006;0.1638;402837005.3;1.816;66.188
Solomon Islands;SLB;1995;0.259278;3.075001;3.9046912;0.25508067;0.0667948;0.157;469443201.5;1.849;66.381
Solomon Islands;SLB;1996;0.25895596;3.072885;3.9105084;0.25506696;0.06692972;0.1609;510586430.2;1.88;66.59
Solomon Islands;SLB;1997;0.25819284;3.0682685;3.919952;0.2550522;0.06679232;0.1707;526554006.0;2.003;66.742
Solomon Islands;SLB;1998;0.25726742;3.0624068;3.930292;0.2550367;0.06692728;0.1769;457579840.2;2.136;66.92
Solomon Islands;SLB;1999;0.25645697;3.0562432;3.9389043;0.2550208;0.066897646;0.1717;488024514.4;2.17;67.069
Solomon Islands;SLB;2000;0.2560384;3.0514803;3.9430888;0.2550053;0.06678674;0.2603;419842674.2;2.402;67.225
Solomon Islands;SLB;2001;0.25591993;3.0473907;3.9400828;0.25499415;0.06639716;0.2779;409508553.0;2.583;67.364
Solomon Islands;SLB;2002;0.2558203;3.0422046;3.9316607;0.25497952;0.06547151;0.2871;346406738.9;2.635;67.515
Solomon Islands;SLB;2003;0.25573257;3.036344;3.9215562;0.2549639;0.064350344;0.296;417668983.4;2.256;67.644
Solomon Islands;SLB;2004;0.25565046;3.0312743;3.9135845;0.25494802;0.06346546;0.3041;468005318.6;2.015;67.801
Solomon Islands;SLB;2005;0.25556937;3.0275679;3.9115083;0.25493413;0.063161135;0.3176;552864570.2;1.879;67.936
Solomon Islands;SLB;2006;0.25541872;3.0239773;3.9177668;0.2549288;0.06332504;0.3173;617258154.3;1.915;68.09
Solomon Islands;SLB;2007;0.2551782;3.0179956;3.930186;0.25491965;0.063308574;0.3235;695295347.6;1.975;67.986
Solomon Islands;SLB;2008;0.25491458;3.013383;3.945391;0.25490937;0.06350387;0.3291;776337691.8;1.996;68.404
Solomon Islands;SLB;2009;0.254694;3.008056;3.9600418;0.2548984;0.06338551;0.3401;805557562.6;2.02;68.466
Solomon Islands;SLB;2010;0.2545809;3.0051765;3.9707766;0.25488868;0.06383056;0.3645;898133684.9;1.622;68.732
Solomon Islands;SLB;2011;0.25462756;3.0038598;3.9801195;0.25488555;0.06424456;0.3805;1063895361.0;1.297;68.908
Solomon Islands;SLB;2012;0.2547996;3.00334;3.991609;0.2548802;0.06472914;0.3788;1185215418.0;0.987;69.084
Solomon Islands;SLB;2013;0.25502494;3.0026934;4.0031896;0.25487405;0.06566637;0.3972;1285911586.0;0.694;69.188
Solomon Islands;SLB;2014;0.2552339;3.0017138;4.012813;0.25486723;0.06630221;0.3788;1335571421.0;0.728;69.234
Solomon Islands;SLB;2015;0.25535864;3.0018363;4.018382;0.25486073;0.066945925;0.3422;1307909888.0;0.735;69.583
Solomon Islands;SLB;2016;0.25607684;2.9994853;4.0123305;0.25485766;0.0678326;0.3315;1379490304.0;0.735;69.801
Solomon Islands;SLB;2017;0.25672227;2.9963453;4.0058246;0.25485384;0.06884851;0.3402;1469789119.0;0.727;69.988
Solomon Islands;SLB;2018;0.25632688;2.9986305;4.0126333;0.25484994;0.069027044;0.3574;1615478393.0;0.723;70.173
Solomon Islands;SLB;2019;0.25524026;3.0039446;4.0285625;0.2548458;0.0693035;0.3696;1619155017.0;0.746;70.382
Somalia;SOM;1990;0.19224207;4.8742127;3.3330522;0.5811455;0.052337904;0.6398;1031282081.0;;47.105
Somalia;SOM;1991;0.1920428;4.8799467;3.33604;0.5811616;0.051799282;0.4919;717974929.8;19.037;26.565
Somalia;SOM;1992;0.19184203;4.8796268;3.3358493;0.58115745;0.05120663;0.3886;709297578.5;19.247;27.312
Somalia;SOM;1993;0.19163556;4.8801503;3.335628;0.58115584;0.050622642;0.3974;1260132956.0;19.208;50.648
Somalia;SOM;1994;0.19144133;4.879301;3.3354948;0.5811556;0.05001359;0.3972;1481205098.0;19.686;50.327
Somalia;SOM;1995;0.19127809;4.8805842;3.3354616;0.58115506;0.049350746;0.4038;1534756135.0;19.477;50.6
Somalia;SOM;1996;0.19103168;4.8835077;3.3350968;0.5811554;0.04859227;0.4209;1792234297.0;19.394;50.447
Somalia;SOM;1997;0.19065043;4.8808146;3.3336434;0.5811538;0.04771085;0.4208;2191749014.0;19.033;50.195
Somalia;SOM;1998;0.19023815;4.8806295;3.3317585;0.5811515;0.047142968;0.4296;2962047564.0;18.947;50.66
Somalia;SOM;1999;0.1898959;4.881369;3.330426;0.5811519;0.046308372;0.4379;3045751528.0;18.951;50.525
Somalia;SOM;2000;0.18972783;4.8800006;3.3301518;0.581154;0.04600569;0.6456;3412797450.0;18.781;50.66
Somalia;SOM;2001;0.18973069;4.88069;3.3308654;0.58115536;0.04568133;0.6702;2252847465.0;18.883;50.74
Somalia;SOM;2002;0.18980312;4.8796983;3.332052;0.5811557;0.045296587;0.7408;2192684135.0;18.893;50.731
Somalia;SOM;2003;0.18990181;4.8799877;3.333403;0.5811564;0.045280933;0.7509;2836724352.0;18.914;50.614
Somalia;SOM;2004;0.18998294;4.8802385;3.334597;0.58115876;0.04506631;0.7487;3859592813.0;18.846;50.538
Somalia;SOM;2005;0.19000426;4.877953;3.3350432;0.58116233;0.044993833;0.759;4683246454.0;18.873;50.661
Somalia;SOM;2006;0.18986504;4.8722057;3.3323102;0.581166;0.044844713;0.7888;5026743282.0;18.9;50.597
Somalia;SOM;2007;0.18955949;4.8572083;3.3260207;0.5811712;0.04495019;0.7968;5430713729.0;18.834;50.515
Somalia;SOM;2008;0.18919052;4.8394966;3.318294;0.5811771;0.04495888;0.7716;5913620293.0;18.88;51.12
Somalia;SOM;2009;0.18885954;4.827308;3.311578;0.5811852;0.045059144;0.7691;2948594552.0;18.926;51.853
Somalia;SOM;2010;0.18867041;4.82116;3.3081534;0.58119565;0.04497196;0.7959;2687807004.0;18.973;50.563
Somalia;SOM;2011;0.18859686;4.8258295;3.304986;0.581202;0.044780303;0.7846;2906000097.0;19.021;51.304
Somalia;SOM;2012;0.18853909;4.8294444;3.2991533;0.58120376;0.045058154;0.7806;4041702389.0;19.078;53.161
Somalia;SOM;2013;0.1884944;4.836973;3.2925484;0.58120495;0.04517282;0.7788;5836021227.0;18.995;53.843
Somalia;SOM;2014;0.1884628;4.841509;3.2866974;0.58120584;0.04524795;0.7779;6537360533.0;18.847;54.277
Somalia;SOM;2015;0.18844575;4.8432784;3.2828972;0.5812053;0.045267213;0.8202;6984947145.0;18.444;54.857
Somalia;SOM;2016;0.1884501;4.8463817;3.2818964;0.5812047;0.04552547;0.8098;7390796617.0;18.372;55.044
Somalia;SOM;2017;0.18845762;4.8480835;3.2814424;0.58120525;0.04569091;0.7916;8252394373.0;18.545;55.654
Somalia;SOM;2018;0.18844457;4.8465858;3.2784734;0.58120674;0.045659933;0.8061;8278212314.0;18.783;56.375
Somalia;SOM;2019;0.18841599;4.84665;3.2728631;0.5812081;0.045336246;0.8319;9420431258.0;18.828;57.078
South Africa;ZAF;1990;0.2227212;4.277712;3.7751315;0.55665237;0.153319;313.3623;126000000000.0;;63.375
South Africa;ZAF;1991;0.22250457;4.2322583;3.7750154;0.5566618;0.15193544;305.2647;135000000000.0;20.105;63.265
South Africa;ZAF;1992;0.2223153;4.1900816;3.776015;0.55666876;0.1509129;298.7835;147000000000.0;20.369;63.341
South Africa;ZAF;1993;0.22216369;4.1541343;3.777796;0.5566754;0.1498963;300.5828;147000000000.0;20.295;63.045
South Africa;ZAF;1994;0.22205777;4.1268163;3.780073;0.55668175;0.1491842;307.3535;154000000000.0;20.073;62.612
South Africa;ZAF;1995;0.22200315;4.1116304;3.7827303;0.5566891;0.14867586;323.9707;172000000000.0;19.799;62.262
South Africa;ZAF;1996;0.22198449;4.1029973;3.7944856;0.55670166;0.14828362;335.2505;163000000000.0;19.643;61.459
South Africa;ZAF;1997;0.22198091;4.095846;3.8181856;0.556715;0.1479961;350.2308;169000000000.0;19.679;60.805
South Africa;ZAF;1998;0.22199541;4.0890923;3.8458629;0.55673045;0.14759003;356.4444;153000000000.0;19.821;60.001
South Africa;ZAF;1999;0.22202985;4.082544;3.8692262;0.5567469;0.14767402;339.6987;152000000000.0;19.926;59.241
South Africa;ZAF;2000;0.22208366;4.075087;3.8799691;0.55676305;0.14771979;346.3028;152000000000.0;19.841;58.47
South Africa;ZAF;2001;0.22224027;4.061786;3.881269;0.5567828;0.14813979;356.1103;135000000000.0;19.725;57.261
South Africa;ZAF;2002;0.22253159;4.0399656;3.8812897;0.5568033;0.14888237;369.5049;129000000000.0;19.658;55.666
South Africa;ZAF;2003;0.22288378;4.0166864;3.8802397;0.55682474;0.14989169;392.8233;197000000000.0;19.728;54.331
South Africa;ZAF;2004;0.2232228;3.999079;3.8782837;0.5568469;0.15104002;423.7824;256000000000.0;19.634;54.043
South Africa;ZAF;2005;0.22347493;3.994201;3.875625;0.5568689;0.15176381;434.3115;289000000000.0;19.557;53.98
South Africa;ZAF;2006;0.22375676;4.0052514;3.8645263;0.5568922;0.15276815;438.6976;304000000000.0;19.425;54.278
South Africa;ZAF;2007;0.22416326;4.0291123;3.842222;0.55691427;0.1538951;457.5028;333000000000.0;19.39;54.992
South Africa;ZAF;2008;0.22459619;4.057042;3.8166;0.55693334;0.15509464;485.3732;316000000000.0;19.507;56.022
South Africa;ZAF;2009;0.2249563;4.086276;3.795438;0.5569492;0.15628581;454.7383;330000000000.0;20.512;57.447
South Africa;ZAF;2010;0.22514494;4.108706;3.786362;0.556962;0.15735991;462.1532;417000000000.0;23.181;58.899
South Africa;ZAF;2011;0.22514525;4.129126;3.7870722;0.5569722;0.15858875;443.1288;458000000000.0;21.416;60.651
South Africa;ZAF;2012;0.22504047;4.1539626;3.7895062;0.5569795;0.15985069;459.2297;434000000000.0;21.786;61.846
South Africa;ZAF;2013;0.22489165;4.180546;3.7926724;0.556984;0.16111644;471.1209;401000000000.0;22.038;62.533
South Africa;ZAF;2014;0.22476043;4.2062464;3.7955866;0.5569868;0.162355;482.5898;381000000000.0;22.606;63.38
South Africa;ZAF;2015;0.22470798;4.2300396;3.7973688;0.55698884;0.1632405;458.5794;347000000000.0;22.869;63.95
South Africa;ZAF;2016;0.22484522;4.2943344;3.8023183;0.55699044;0.16450869;459.363;324000000000.0;24.023;64.747
South Africa;ZAF;2017;0.22499675;4.3467665;3.8060372;0.5569926;0.16544971;468.9648;381000000000.0;23.992;65.402
South Africa;ZAF;2018;0.2249654;4.3358927;3.799989;0.55699354;0.165294;473.1858;405000000000.0;24.218;65.674
South Africa;ZAF;2019;0.22481367;4.298678;3.786144;0.5569932;0.16455814;478.3499;389000000000.0;25.538;66.175
South Korea;KOR;1990;0.292689;1.9650272;3.238053;0.48940578;0.23723678;272.1238;283000000000.0;;71.59756098
South Korea;KOR;1991;0.2936218;1.9477364;3.236293;0.48938504;0.24180745;299.1142;331000000000.0;2.407;72.04634146
South Korea;KOR;1992;0.29448867;1.9345614;3.2363312;0.48937234;0.24619076;318.9316;356000000000.0;2.513;72.49756098
South Korea;KOR;1993;0.2952412;1.9243889;3.2377481;0.4893701;0.25055966;346.4259;393000000000.0;2.878;72.99756098
South Korea;KOR;1994;0.2958188;1.9160974;3.240185;0.48936915;0.2551261;373.3352;464000000000.0;2.476;73.39756098
South Korea;KOR;1995;0.2961554;1.9132;3.2434456;0.48938024;0.25874335;404.7418;567000000000.0;2.063;73.7
South Korea;KOR;1996;0.2963801;1.9135857;3.2749493;0.48939532;0.26277554;431.6152;610000000000.0;2.048;74.15121951
South Korea;KOR;1997;0.29663342;1.9179922;3.344402;0.48941574;0.2674881;455.5125;570000000000.0;2.608;74.60243902
South Korea;KOR;1998;0.2968859;1.9248674;3.4247732;0.48944816;0.27081716;389.426;383000000000.0;6.963;75.00487805
South Korea;KOR;1999;0.29710898;1.9317307;3.4889643;0.48946726;0.27534005;424.3853;498000000000.0;6.342;75.4097561
South Korea;KOR;2000;0.297258;1.9375029;3.5103843;0.48949036;0.27875003;474.1579;576000000000.0;4.063;75.9097561
South Korea;KOR;2001;0.297386;1.9433454;3.475708;0.4906989;0.28260806;482.4925;548000000000.0;3.699;76.41219512
South Korea;KOR;2002;0.2975477;1.9511049;3.406075;0.4935542;0.2863687;491.271;627000000000.0;3.046;76.76585366
South Korea;KOR;2003;0.29771614;1.9589672;3.32659;0.49697417;0.2898731;495.4968;703000000000.0;3.348;77.21463415
South Korea;KOR;2004;0.29787132;1.9647453;3.2617216;0.49983618;0.29323253;515.7025;793000000000.0;3.42;77.66585366
South Korea;KOR;2005;0.2979833;1.9686481;3.2362666;0.50104624;0.29647627;515.3955;935000000000.0;3.482;78.16829268
South Korea;KOR;2006;0.29815632;1.9788059;3.2484915;0.5010596;0.30023378;521.8783;1050000000000.0;3.254;78.66829268
South Korea;KOR;2007;0.2984598;2.001345;3.275684;0.50108266;0.30295807;532.9601;1170000000000.0;3.013;79.1195122
South Korea;KOR;2008;0.2988178;2.0307343;3.311071;0.5010987;0.30619997;543.2243;1050000000000.0;2.959;79.51707317
South Korea;KOR;2009;0.29913753;2.0596359;3.347628;0.5010939;0.3093328;551.2822;944000000000.0;3.363;79.96829268
South Korea;KOR;2010;0.2993311;2.0781655;3.3784516;0.50106794;0.31287393;597.7645;1140000000000.0;3.324;80.11707317
South Korea;KOR;2011;0.299393;2.0921218;3.408517;0.5010244;0.31704602;628.4729;1250000000000.0;2.992;80.56829268
South Korea;KOR;2012;0.29940864;2.1055675;3.4424362;0.50096184;0.32138288;631.6459;1280000000000.0;2.812;80.8195122
South Korea;KOR;2013;0.29941794;2.1190007;3.4731467;0.50087225;0.32610947;628.9052;1370000000000.0;2.747;81.27073171
South Korea;KOR;2014;0.29943326;2.12976;3.493538;0.5007655;0.33138984;623.6855;1480000000000.0;3.082;81.72195122
South Korea;KOR;2015;0.29947987;2.136813;3.4968655;0.50065994;0.33653268;642.8893;1470000000000.0;3.546;82.02439024
South Korea;KOR;2016;0.29945716;2.1219714;3.3655744;0.50056434;0.34217376;660.09;1500000000000.0;3.65;82.27560976
South Korea;KOR;2017;0.29947233;2.1005013;3.234224;0.50048304;0.34597564;668.1396;1620000000000.0;3.653;82.62682927
South Korea;KOR;2018;0.2998694;2.0961022;3.2268293;0.5003912;0.34932303;670.8691;1730000000000.0;3.824;82.62682927
South Korea;KOR;2019;0.30063236;2.091181;3.2213244;0.5002964;0.35135385;651.4543;1650000000000.0;3.746;83.22682927
South Sudan;SSD;1990;0.22974153;4.6261563;4.7338877;0.6098211;0.14768724;;;;29.935
South Sudan;SSD;1991;0.22942156;4.625013;4.7358317;0.60983324;0.14687294;;;12.203;30.148
South Sudan;SSD;1992;0.22912923;4.625999;4.7384357;0.60984886;0.14614473;;;12.267;22.724
South Sudan;SSD;1993;0.2288794;4.627974;4.741508;0.60986763;0.14577256;;;12.102;22.704
South Sudan;SSD;1994;0.22868611;4.6311646;4.7450104;0.6098909;0.14537519;;;12.224;44.384
South Sudan;SSD;1995;0.22856463;4.633502;4.7486377;0.6099175;0.14511123;;;12.238;30.948
South Sudan;SSD;1996;0.22846305;4.635792;4.75331;0.6099465;0.14441873;;;12.217;31.297
South Sudan;SSD;1997;0.2283373;4.6394277;4.759863;0.6099806;0.14377879;;;11.909;32.242
South Sudan;SSD;1998;0.22821882;4.643019;4.7672567;0.6100187;0.14275424;;;11.939;18.385
South Sudan;SSD;1999;0.22813971;4.6473308;4.774296;0.61005694;0.14254348;;;11.989;43.223
South Sudan;SSD;2000;0.22812846;4.650156;4.7799687;0.6100955;0.14218487;;;12.205;46.028
South Sudan;SSD;2001;0.22835226;4.652461;4.785678;0.61013323;0.14258507;;;12.166;46.881
South Sudan;SSD;2002;0.22883794;4.653022;4.7929773;0.6101706;0.14290456;;;12.116;47.492
South Sudan;SSD;2003;0.22940388;4.653734;4.8007708;0.6102075;0.14364626;;;12.118;50.253
South Sudan;SSD;2004;0.22987103;4.6539383;4.8080425;0.6102438;0.1441913;;;12.142;50.917
South Sudan;SSD;2005;0.23006353;4.6546454;4.8137326;0.61027896;0.14459604;;;12.145;51.545
South Sudan;SSD;2006;0.22993872;4.6568155;4.8190064;0.6103128;0.14515038;;;12.137;52.016
South Sudan;SSD;2007;0.22964692;4.6537933;4.825843;0.61034435;0.14600691;;;12.121;52.856
South Sudan;SSD;2008;0.22929733;4.652348;4.833968;0.61037314;0.14667006;;14586253383.0;12.15;53.538
South Sudan;SSD;2009;0.22899535;4.6509666;4.8432093;0.6104001;0.14732978;;12231264525.0;12.319;53.891
South Sudan;SSD;2010;0.22884461;4.6508074;4.8532023;0.610425;0.14769529;;14602072411.0;12.35;54.812
South Sudan;SSD;2011;0.22882369;4.6565433;4.868254;0.6104493;0.14802986;;14907308933.0;12.48;54.94
South Sudan;SSD;2012;0.22882044;4.6622066;4.891739;0.6104894;0.14845598;;11931472169.0;12.754;55.865
South Sudan;SSD;2013;0.22880693;4.6716666;4.9199533;0.6105523;0.14965236;;18426469017.0;12.578;55.751
South Sudan;SSD;2014;0.22876379;4.68019;4.9480853;0.6106304;0.150014;;13962212847.0;12.462;54.973
South Sudan;SSD;2015;0.22864588;4.693591;4.975225;0.6107643;0.1507044;;11997800760.0;12.355;55.566
South Sudan;SSD;2016;0.22816782;4.7088447;5.004526;0.6109072;0.15202649;;;12.876;55.544
South Sudan;SSD;2017;0.22780673;4.7219462;5.020987;0.61095554;0.15279846;;;13.079;55.309
South Sudan;SSD;2018;0.22825797;4.7317224;5.009685;0.61095864;0.15281141;;;12.918;55.95
South Sudan;SSD;2019;0.22934605;4.749942;4.9776773;0.6109647;0.15204576;;;12.642;55.912
Spain;ESP;1990;0.26533097;4.083788;4.6099052;0.9199943;0.4630874;231.5581;537000000000.0;;76.83756098
Spain;ESP;1991;0.26524615;4.0061064;4.6215096;0.91996837;0.46896124;238.904;577000000000.0;15.929;76.97121951
Spain;ESP;1992;0.26517737;3.9369006;4.6264596;0.9199487;0.47503522;247.3969;631000000000.0;17.697;77.41
Spain;ESP;1993;0.26512778;3.8762555;4.62621;0.9199226;0.4808841;232.8388;525000000000.0;22.156;77.54658537
Spain;ESP;1994;0.26510474;3.8312209;4.6221313;0.9198759;0.48714554;243.6626;531000000000.0;24.209;77.90146341
Spain;ESP;1995;0.26510584;3.799392;4.6159086;0.9198195;0.49087846;256.1324;615000000000.0;22.675;77.98073171
Spain;ESP;1996;0.26515076;3.7810774;4.5625477;0.919729;0.4948218;246.9205;643000000000.0;22.142;78.1204878
Spain;ESP;1997;0.26523796;3.769322;4.4448476;0.91961086;0.49939618;266.5573;590000000000.0;20.698;78.60414634
Spain;ESP;1998;0.26535118;3.7594347;4.3053117;0.9194538;0.5036295;274.4394;619000000000.0;18.673;78.66585366
Spain;ESP;1999;0.2654692;3.7525496;4.186335;0.9192558;0.5084452;296.4716;635000000000.0;15.475;78.71707317
Spain;ESP;2000;0.26556897;3.7428038;4.1303062;0.91902083;0.51308703;312.6547;598000000000.0;13.785;78.96585366
Spain;ESP;2001;0.2656444;3.738759;4.1491303;0.9193592;0.5186707;313.3843;628000000000.0;10.348;79.36829268
Spain;ESP;2002;0.26569927;3.7476277;4.2152863;0.920559;0.52531534;330.957;709000000000.0;11.146;79.56829268
Spain;ESP;2003;0.26573914;3.766802;4.311017;0.9220768;0.53182846;339.3579;907000000000.0;11.283;79.6195122
Spain;ESP;2004;0.26577577;3.7885585;4.418193;0.9233383;0.5387039;354.9792;1070000000000.0;11.09;79.87073171
Spain;ESP;2005;0.2658265;3.8114219;4.5191884;0.9237578;0.5446762;369.9158;1150000000000.0;9.146;80.17073171
Spain;ESP;2006;0.2658833;3.8760362;4.650517;0.923595;0.55223906;361.1296;1260000000000.0;8.452;80.82195122
Spain;ESP;2007;0.26592594;3.9983077;4.832557;0.92350537;0.56145084;374.3183;1470000000000.0;8.232;80.87317073
Spain;ESP;2008;0.265951;4.146153;5.02229;0.923487;0.57133406;342.716;1630000000000.0;11.255;81.17560976
Spain;ESP;2009;0.26594946;4.281249;5.1769824;0.9235392;0.57930857;303.4514;1490000000000.0;17.857;81.47560976
Spain;ESP;2010;0.26592284;4.3695283;5.2538624;0.9236527;0.58327866;290.5488;1420000000000.0;19.86;81.62682927
Spain;ESP;2011;0.26588783;4.4169974;5.275168;0.923807;0.5835277;292.657;1480000000000.0;21.391;82.47560976
Spain;ESP;2012;0.26586136;4.459497;5.29284;0.9239837;0.582039;286.6176;1320000000000.0;24.788;82.42682927
Spain;ESP;2013;0.26583636;4.494284;5.3067756;0.92416084;0.5783364;259.9319;1360000000000.0;26.094;83.07804878
Spain;ESP;2014;0.26580942;4.524759;5.3172936;0.9243143;0.576135;257.3207;1370000000000.0;24.442;83.22926829
Spain;ESP;2015;0.26577014;4.549931;5.3248467;0.9244504;0.57605064;273.2968;1200000000000.0;22.058;82.83170732
Spain;ESP;2016;0.2656553;4.5881457;5.3299813;0.9245631;0.58009267;264.5244;1230000000000.0;19.635;83.32926829
Spain;ESP;2017;0.2655436;4.6281743;5.331112;0.92466897;0.58482724;281.0535;1310000000000.0;17.224;83.28292683
Spain;ESP;2018;0.2655401;4.661225;5.1842403;0.9247574;0.5868674;274.3705;1420000000000.0;15.255;83.43170732
Spain;ESP;2019;0.2656171;4.704455;4.8611727;0.92482716;0.59025174;257.113;1390000000000.0;14.104;83.83170732
Sri Lanka;LKA;1990;0.28513813;3.3687038;3.803308;0.33548442;0.082203805;4.2373;8032551173.0;;71.927
Sri Lanka;LKA;1991;0.28601098;3.3694372;3.811312;0.33549106;0.08284108;4.4238;9000362582.0;14.661;71.751
Sri Lanka;LKA;1992;0.2868356;3.3626518;3.81875;0.33550078;0.08365916;5.5101;9703011636.0;14.22;72.53
Sri Lanka;LKA;1993;0.28757197;3.3568707;3.8252761;0.33550903;0.08407745;5.3943;10338679636.0;13.82;73.052
Sri Lanka;LKA;1994;0.28817534;3.346541;3.830792;0.33551523;0.084603235;6.2085;11717604209.0;13.03;72.882
Sri Lanka;LKA;1995;0.28860003;3.3366287;3.8353674;0.33552185;0.08567629;6.2415;13029697561.0;12.27;72.26
Sri Lanka;LKA;1996;0.2889318;3.3126354;3.8396606;0.33552995;0.08665714;8.8024;13897738375.0;11.35;72.261
Sri Lanka;LKA;1997;0.28926754;3.2663913;3.8441863;0.33553964;0.08771207;8.7796;15091913884.0;10.6;72.136
Sri Lanka;LKA;1998;0.28958282;3.2096324;3.8486054;0.33554906;0.08881084;9.0699;15794972847.0;9.17;72.081
Sri Lanka;LKA;1999;0.28985205;3.1533577;3.8525836;0.33555308;0.090051375;10.0133;15656327860.0;8.88;72.618
Sri Lanka;LKA;2000;0.2900476;3.1054337;3.855888;0.33555725;0.09105519;11.4488;16330814180.0;7.74;70.355
Sri Lanka;LKA;2001;0.29030702;3.0672226;3.8577883;0.33556175;0.09219955;11.3562;15749753805.0;7.9;70.787
Sri Lanka;LKA;2002;0.29071534;3.0287066;3.8582819;0.3355649;0.093020536;11.8808;16536535647.0;8.76;71.117
Sri Lanka;LKA;2003;0.29116765;2.9930906;3.858359;0.33556914;0.093824685;12.8476;18881765437.0;8.22;71.373
Sri Lanka;LKA;2004;0.29155627;2.9602394;3.8593562;0.33557272;0.094703026;13.2768;20662525941.0;8.38;67.091
Sri Lanka;LKA;2005;0.29177994;2.931717;3.8619037;0.3355785;0.09533864;14.4186;24405791045.0;7.67;72.118
Sri Lanka;LKA;2006;0.2918636;2.9047809;3.8685918;0.3355806;0.096682265;12.8886;28279802406.0;6.5;71.969
Sri Lanka;LKA;2007;0.29192606;2.8774006;3.8801677;0.33558026;0.09777207;14.1129;32350238760.0;5.97;72.049
Sri Lanka;LKA;2008;0.29201397;2.8531585;3.8941774;0.3355835;0.09931618;13.3;40713826215.0;5.22;71.729
Sri Lanka;LKA;2009;0.2921754;2.834642;3.9079688;0.33558586;0.10075338;12.7759;42066224093.0;5.85;69.187
Sri Lanka;LKA;2010;0.2924561;2.8257906;3.918913;0.33559063;0.102201395;13.5168;58636161082.0;4.784;73.215
Sri Lanka;LKA;2011;0.29341263;2.8281;3.9292452;0.33559132;0.1040396;15.9065;67753284044.0;4.118;73.38
Sri Lanka;LKA;2012;0.29519564;2.8334346;3.94189;0.33558786;0.106691584;17.8929;70447216891.0;3.88;73.906
Sri Lanka;LKA;2013;0.29724213;2.8434148;3.955406;0.33558595;0.10876905;14.8356;77000578167.0;4.186;74.239
Sri Lanka;LKA;2014;0.29898968;2.8516665;3.9685087;0.3355835;0.111072265;17.8791;82528535714.0;4.157;74.651
Sri Lanka;LKA;2015;0.2998731;2.8567615;3.979954;0.33558363;0.1134213;19.7083;85140955389.0;4.519;74.927
Sri Lanka;LKA;2016;0.29940882;2.859035;3.9985235;0.3355842;0.11520672;23.4839;88012282206.0;4.243;75.331
Sri Lanka;LKA;2017;0.29884103;2.8593588;4.0158405;0.33558396;0.117383815;23.4029;94376237797.0;4.046;75.403
Sri Lanka;LKA;2018;0.29940757;2.8623793;4.025531;0.33558547;0.11867576;21.9788;94493871201.0;4.318;75.748
Sri Lanka;LKA;2019;0.3008161;2.8662298;4.0355477;0.33558726;0.120000996;23.6342;89014978344.0;4.67;76.008
Sudan;SDN;1990;0.23066828;4.5052524;4.6662936;0.73290735;0.117963836;5.5465;33641222222.0;;49.732
Sudan;SDN;1991;0.23056777;4.4989495;4.664764;0.732756;0.11742047;4.9434;44168918919.0;14.899;50.213
Sudan;SDN;1992;0.2304842;4.4939127;4.6637197;0.7326569;0.11724461;4.6814;7031909434.0;14.971;45.891
Sudan;SDN;1993;0.23042141;4.490882;4.663132;0.7326125;0.11708872;3.3442;8881005436.0;14.803;46.575
Sudan;SDN;1994;0.23038188;4.4877415;4.6627555;0.73260236;0.11688617;4.915;12793794737.0;14.923;56.644
Sudan;SDN;1995;0.2303709;4.488677;4.662434;0.7326326;0.11689442;4.5965;13830363900.0;14.931;51.991
Sudan;SDN;1996;0.23039722;4.4913845;4.661251;0.7326134;0.1171821;4.5301;9018300725.0;14.902;52.276
Sudan;SDN;1997;0.230454;4.4973655;4.659921;0.7325813;0.11754044;5.4777;11681175864.0;14.577;52.833
Sudan;SDN;1998;0.2305228;4.5063777;4.65916;0.7325918;0.11813861;4.9202;11250221537.0;14.603;48.81
Sudan;SDN;1999;0.2305924;4.515301;4.658576;0.73260367;0.11848762;5.4355;10682028340.0;14.651;57.015
Sudan;SDN;2000;0.23064928;4.515387;4.6580496;0.7326361;0.119486414;5.9809;12257299147.0;14.869;58.319
Sudan;SDN;2001;0.2307405;4.511262;4.6594515;0.7327022;0.120465495;6.5257;15716361792.0;14.825;58.562
Sudan;SDN;2002;0.23089485;4.498966;4.6632934;0.73280203;0.12169872;7.972;18137128388.0;14.767;58.976
Sudan;SDN;2003;0.23106676;4.484097;4.667593;0.7328773;0.12309434;8.185;21355298460.0;14.766;58.2
Sudan;SDN;2004;0.23121049;4.469834;4.6709204;0.73289734;0.12518808;9.1382;26646007251.0;14.788;56.773
Sudan;SDN;2005;0.23127444;4.46039;4.672264;0.7328873;0.1267576;10.8345;35182711988.0;14.791;57.279
Sudan;SDN;2006;0.23123765;4.451887;4.671487;0.73284334;0.12816656;13.2423;45263831634.0;14.783;60.281
Sudan;SDN;2007;0.23113912;4.442831;4.6696067;0.7327731;0.12986618;14.3488;59440139775.0;14.769;61.256
Sudan;SDN;2008;0.23101969;4.4370227;4.6677604;0.7326965;0.13190639;15.3261;64833083257.0;14.8;61.206
Sudan;SDN;2009;0.23092012;4.4284368;4.667458;0.73265326;0.13361844;15.875;51621044077.0;13.0;62.644
Sudan;SDN;2010;0.23088278;4.4228067;4.669342;0.73263264;0.1352044;16.8606;58962978034.0;15.156;63.016
Sudan;SDN;2011;0.23095998;4.4160686;4.67703;0.7325914;0.13691369;16.188;55018567211.0;17.44;63.246
Sudan;SDN;2012;0.23113447;4.409163;4.690967;0.7325227;0.13791324;17.5017;37632919967.0;17.068;63.792
Sudan;SDN;2013;0.2313501;4.399127;4.706804;0.732433;0.13923752;17.5945;43024018082.0;16.414;63.678
Sudan;SDN;2014;0.2315506;4.391478;4.720418;0.7323377;0.14080863;18.4964;49516748618.0;15.558;64.269
Sudan;SDN;2015;0.23167941;4.3897004;4.7269845;0.7322102;0.14216202;21.536;51726758677.0;14.512;64.659
Sudan;SDN;2016;0.23183379;4.3877373;4.718628;0.7320486;0.14345671;23.8669;42630376000.0;13.812;64.78
Sudan;SDN;2017;0.23200709;4.3873577;4.7097893;0.73192906;0.144264;23.635;41283617976.0;13.206;65.445
Sudan;SDN;2018;0.23225896;4.3990607;4.720341;0.7318642;0.14499553;23.903;32333780383.0;12.605;65.681
Sudan;SDN;2019;0.23268405;4.4230967;4.745971;0.73181224;0.14551556;23.7616;32338079165.0;12.014;65.876
Suriname;SUR;1990;0.27128673;4.46826;4.10715;0.8958869;0.1954934;0.6347;388400000.0;;64.23
Suriname;SUR;1991;0.27108762;4.4711857;4.100826;0.8959089;0.19384623;0.5914;448100000.0;17.085;64.453
Suriname;SUR;1992;0.27089554;4.4774957;4.095248;0.89594626;0.19224428;0.5623;404600000.0;17.28;64.65
Suriname;SUR;1993;0.2707208;4.486083;4.09109;0.8960208;0.19093174;0.5688;428764705.9;15.64;64.98
Suriname;SUR;1994;0.2705815;4.4948993;4.087929;0.8960727;0.18985221;0.5572;605492537.3;12.7;65.272
Suriname;SUR;1995;0.27049685;4.5051155;4.085247;0.8960456;0.18939911;0.5763;691590497.7;8.39;65.337
Suriname;SUR;1996;0.270404;4.518155;4.08291;0.8959966;0.18925945;0.5631;861372806.2;10.88;65.668
Suriname;SUR;1997;0.2702642;4.5412693;4.080497;0.8959583;0.18903877;0.5888;926422500.0;10.56;65.697
Suriname;SUR;1998;0.27012077;4.5670886;4.07854;0.8959418;0.18895873;0.6051;1110850000.0;10.63;65.594
Suriname;SUR;1999;0.27002072;4.5941095;4.07704;0.8959318;0.18874376;0.5531;886290697.7;13.6;65.443
Suriname;SUR;2000;0.27000964;4.6174254;4.0762773;0.89593107;0.18922865;1.4787;947671969.7;12.975;65.508
Suriname;SUR;2001;0.2701906;4.6399827;4.076311;0.8959483;0.18976294;1.5189;834279357.8;12.137;65.482
Suriname;SUR;2002;0.2705677;4.670139;4.0766125;0.89597505;0.1914686;1.1165;1093574468.0;11.233;65.531
Suriname;SUR;2003;0.27103302;4.698114;4.077305;0.8960236;0.19369385;1.2331;1274190311.0;10.351;65.596
Suriname;SUR;2004;0.27148148;4.7206154;4.0784645;0.8960982;0.19631526;1.3923;1484092538.0;9.49;66.416
Suriname;SUR;2005;0.2718078;4.734284;4.080016;0.8961918;0.1986835;1.6871;1793410397.0;9.263;67.002
Suriname;SUR;2006;0.27207828;4.736209;4.0823507;0.8962958;0.20118377;1.5296;2626380435.0;9.096;67.571
Suriname;SUR;2007;0.27240032;4.736495;4.0858507;0.8964154;0.20428742;1.4128;2936612022.0;9.005;68.204
Suriname;SUR;2008;0.27273113;4.73323;4.0901146;0.89654;0.20807338;1.4579;3532969035.0;8.832;68.816
Suriname;SUR;2009;0.2730295;4.729715;4.0946736;0.8966633;0.2114913;1.4496;3875409836.0;8.72;69.505
Suriname;SUR;2010;0.27325782;4.7280545;4.098597;0.89674264;0.21417487;1.7475;4368370998.0;7.15;69.894
Suriname;SUR;2011;0.27358946;4.725827;4.1048203;0.8968004;0.21677952;1.9538;4422276622.0;7.54;69.914
Suriname;SUR;2012;0.27412817;4.7245193;4.1150036;0.8968744;0.2194073;2.4425;4980000000.0;8.1;69.764
Suriname;SUR;2013;0.27472976;4.722177;4.126542;0.89695686;0.22158416;2.286;5145757576.0;6.6;69.682
Suriname;SUR;2014;0.27524853;4.721392;4.1369367;0.89705306;0.22345048;2.6188;5240606061.0;6.94;69.782
Suriname;SUR;2015;0.27554032;4.722758;4.143137;0.89713734;0.22536553;2.7232;5126237646.0;7.22;70.8
Suriname;SUR;2016;0.275722;4.7286196;4.138445;0.89720845;0.22715543;2.9583;3317421648.0;7.917;71.592
Suriname;SUR;2017;0.27582678;4.7311587;4.1324973;0.89726514;0.22812231;2.448;3591679431.0;7.883;72.417
Suriname;SUR;2018;0.27577627;4.71931;4.1351695;0.89730805;0.22850771;2.1501;3996198867.0;7.685;72.553
Suriname;SUR;2019;0.2756343;4.6881685;4.141955;0.8973406;0.22762749;2.6605;4016040575.0;7.545;72.242
Sweden;SWE;1990;0.28247505;4.1926537;4.7261386;0.9692423;0.41253954;56.5374;262000000000.0;;77.53682927
Sweden;SWE;1991;0.28243864;4.219642;4.731818;0.9692026;0.4118109;57.07;274000000000.0;3.243;77.66682927
Sweden;SWE;1992;0.28238055;4.2393165;4.7370696;0.9691628;0.41127172;59.8629;284000000000.0;5.722;77.99878049
Sweden;SWE;1993;0.2823004;4.254111;4.7416477;0.9691405;0.41101903;59.7027;213000000000.0;9.33;78.0604878
Sweden;SWE;1994;0.2822003;4.2628856;4.7453403;0.9691259;0.41121778;62.0515;229000000000.0;9.58;78.6502439
Sweden;SWE;1995;0.28208625;4.26665;4.747839;0.9691266;0.41209525;61.8738;267000000000.0;8.897;78.7404878
Sweden;SWE;1996;0.2819342;4.2602377;4.7498245;0.96913195;0.41467625;67.3899;292000000000.0;9.547;78.95902439
Sweden;SWE;1997;0.28174186;4.2432218;4.751873;0.9691258;0.41965687;61.5772;268000000000.0;10.359;79.19756098
Sweden;SWE;1998;0.28153095;4.224361;4.7537622;0.9691176;0.4261799;62.7139;271000000000.0;8.941;79.33902439
Sweden;SWE;1999;0.28133804;4.2076826;4.755499;0.9691066;0.43276325;61.3551;274000000000.0;7.607;79.44146341
Sweden;SWE;2000;0.28119302;4.1992197;4.75691;0.96909446;0.43789804;57.7442;263000000000.0;5.466;79.64390244
Sweden;SWE;2001;0.2810993;4.1991477;4.7599525;0.9697314;0.4413976;57.946;242000000000.0;4.73;79.79512195
Sweden;SWE;2002;0.2810437;4.2021055;4.765343;0.9712562;0.44641316;59.3924;267000000000.0;4.965;79.84634146
Sweden;SWE;2003;0.28100553;4.2052155;4.771241;0.97305906;0.45151484;60.0295;334000000000.0;5.555;80.09512195
Sweden;SWE;2004;0.28096583;4.2103257;4.7759933;0.9745604;0.45612034;58.3737;385000000000.0;6.693;80.49756098
Sweden;SWE;2005;0.2808977;4.2129164;4.777713;0.97516423;0.45930645;55.0238;392000000000.0;7.486;80.54634146
Sweden;SWE;2006;0.28073454;4.217909;4.7738914;0.9751218;0.46289718;55.3928;423000000000.0;7.066;80.74878049
Sweden;SWE;2007;0.2804766;4.225591;4.7653008;0.9750791;0.46599296;53.1643;491000000000.0;6.161;80.9
Sweden;SWE;2008;0.28018516;4.234264;4.7554255;0.9750263;0.46931773;52.1376;518000000000.0;6.235;81.1
Sweden;SWE;2009;0.27991498;4.2407866;4.7479687;0.97497815;0.47211382;47.5792;437000000000.0;8.351;81.35121951
Sweden;SWE;2010;0.2797282;4.2407126;4.7463956;0.97492015;0.47481048;53.5567;496000000000.0;8.61;81.45121951
Sweden;SWE;2011;0.27963156;4.22631;4.7557306;0.974864;0.47831133;49.2663;574000000000.0;7.804;81.80243902
Sweden;SWE;2012;0.27958226;4.1989436;4.7743897;0.9747945;0.48268986;46.874;552000000000.0;7.976;81.70487805
Sweden;SWE;2013;0.2795508;4.1665277;4.7959495;0.97469544;0.48728612;45.1071;587000000000.0;8.052;81.95609756
Sweden;SWE;2014;0.27949017;4.1359577;4.814231;0.9745827;0.4914327;43.786;582000000000.0;7.954;82.25365854
Sweden;SWE;2015;0.27936536;4.120638;4.8231792;0.97445;0.49534827;44.1553;505000000000.0;7.432;82.20487805
Sweden;SWE;2016;0.27535465;4.11966;4.815395;0.9743236;0.50228727;43.6925;516000000000.0;6.99;82.30731707
Sweden;SWE;2017;0.27111426;4.121651;4.804309;0.9741993;0.5089513;43.3125;541000000000.0;6.718;82.4097561
Sweden;SWE;2018;0.27053487;4.1201286;4.7994685;0.9740638;0.511898;40.9315;555000000000.0;6.365;82.55853659
Sweden;SWE;2019;0.27025598;4.116486;4.795127;0.97393054;0.51417124;40.2031;534000000000.0;6.833;83.1097561
Switzerland;CHE;1990;0.28226843;4.3947945;6.4558086;0.93338865;0.45546156;44.7738;266000000000.0;;77.24243902
Switzerland;CHE;1991;0.2819431;4.3783665;6.463797;0.93336517;0.45821488;47.0869;269000000000.0;1.818;77.51463415
Switzerland;CHE;1992;0.28161117;4.3597436;6.4718676;0.93339217;0.46133587;47.0436;280000000000.0;2.344;77.80609756
Switzerland;CHE;1993;0.28129566;4.341369;6.479186;0.9334592;0.46458197;44.7287;272000000000.0;3.551;78.08536585
Switzerland;CHE;1994;0.28101903;4.3204045;6.4852715;0.9335733;0.4676375;43.7959;301000000000.0;3.58;78.35
Switzerland;CHE;1995;0.2808057;4.299311;6.4897356;0.9337286;0.47043008;44.5828;353000000000.0;3.094;78.41707317
Switzerland;CHE;1996;0.28054866;4.2780943;6.493734;0.93390846;0.4741584;45.1337;340000000000.0;3.684;78.89609756
Switzerland;CHE;1997;0.28018326;4.252891;6.4987364;0.93409544;0.47823626;43.848;295000000000.0;4.127;79.0795122
Switzerland;CHE;1998;0.27979368;4.223983;6.5038986;0.93427557;0.48181355;45.3088;303000000000.0;3.568;79.32439024
Switzerland;CHE;1999;0.2794646;4.189216;6.508471;0.9344479;0.48490757;45.5752;298000000000.0;3.053;79.5804878
Switzerland;CHE;2000;0.2792799;4.142584;6.5116677;0.9345964;0.48670807;44.7702;279000000000.0;2.658;79.6804878
Switzerland;CHE;2001;0.27923554;4.011878;6.5124407;0.93560815;0.48651457;46.1957;287000000000.0;2.49;80.1804878
Switzerland;CHE;2002;0.27924976;3.7771919;6.511807;0.93784195;0.48370346;44.5718;309000000000.0;2.924;80.38536585
Switzerland;CHE;2003;0.2792986;3.5133593;6.5112557;0.9404432;0.48048544;45.8632;362000000000.0;4.117;80.53658537
Switzerland;CHE;2004;0.27935764;3.2970288;6.512515;0.94258314;0.47820917;46.4063;404000000000.0;4.316;81.08780488
Switzerland;CHE;2005;0.2794013;3.2073069;6.5172462;0.9434283;0.47727862;47.04;418000000000.0;4.437;81.23658537
Switzerland;CHE;2006;0.27947813;3.2654638;6.557234;0.9433202;0.4792302;46.6083;442000000000.0;3.995;81.4902439
Switzerland;CHE;2007;0.27961886;3.403029;6.6427507;0.9431916;0.4818434;44.6274;491000000000.0;3.641;81.74146341
Switzerland;CHE;2008;0.27978534;3.5664945;6.7428365;0.94303626;0.48557788;45.9985;567000000000.0;3.35;81.99268293
Switzerland;CHE;2009;0.27993673;3.703967;6.826749;0.94287515;0.4887165;44.6352;554000000000.0;4.109;82.04390244
Switzerland;CHE;2010;0.28002983;3.7600088;6.863533;0.9427256;0.49069282;46.3149;599000000000.0;4.808;82.24634146
Switzerland;CHE;2011;0.2800994;3.754557;6.8639407;0.94258153;0.49119282;42.2793;716000000000.0;4.409;82.69512195
Switzerland;CHE;2012;0.2801868;3.7400513;6.860276;0.9424577;0.49222958;43.5915;686000000000.0;4.491;82.69756098
Switzerland;CHE;2013;0.28028223;3.722054;6.8540144;0.9423424;0.4915266;44.601;706000000000.0;4.747;82.79756098
Switzerland;CHE;2014;0.28037176;3.7073913;6.846777;0.9422369;0.4922007;40.8946;727000000000.0;4.826;83.19756098
Switzerland;CHE;2015;0.28043953;3.6999056;6.8399982;0.9421385;0.49183723;40.2179;694000000000.0;4.801;82.89756098
Switzerland;CHE;2016;0.28062987;3.7047162;6.817221;0.9420403;0.4904624;40.7745;688000000000.0;4.918;83.60243902
Switzerland;CHE;2017;0.28076303;3.7103853;6.7933817;0.94194055;0.4894723;39.7921;695000000000.0;4.797;83.55121951
Switzerland;CHE;2018;0.28052408;3.7097785;6.78825;0.94183946;0.48961532;38.4872;726000000000.0;4.713;83.75365854
Switzerland;CHE;2019;0.2799828;3.705447;6.79061;0.9417426;0.4910716;38.3837;721000000000.0;4.394;83.90487805
Syria;SYR;1990;0.24556965;4.112071;5.25451;0.76737016;0.14537823;32.96;12308624284.0;;69.817
Syria;SYR;1991;0.24571797;4.093559;5.262732;0.7673732;0.14582826;36.0596;12981833333.0;6.75;70.036
Syria;SYR;1992;0.2458598;4.0767336;5.270075;0.7673769;0.14642231;35.8247;13253565899.0;6.955;70.263
Syria;SYR;1993;0.24598448;4.0609455;5.2763224;0.76739633;0.14673;36.8136;13695962019.0;7.4;70.193
Syria;SYR;1994;0.24608311;4.0479994;5.2808757;0.7674296;0.14725296;38.8212;10122020000.0;7.5;70.141
Syria;SYR;1995;0.24614806;4.0393043;5.28294;0.76745963;0.14755662;40.4472;11396706587.0;7.2;70.416
Syria;SYR;1996;0.24621996;4.0302014;5.2837462;0.76748157;0.1476138;43.4655;13789560878.0;7.225;70.347
Syria;SYR;1997;0.24632262;4.0208163;5.284846;0.7674982;0.14830689;43.2731;14505233463.0;7.314;70.283
Syria;SYR;1998;0.24642594;4.0133758;5.2860155;0.76751095;0.14828385;45.9529;15200846154.0;7.382;70.196
Syria;SYR;1999;0.24649979;4.006579;5.286967;0.767517;0.14891876;45.1459;15873875969.0;7.6;70.425
Syria;SYR;2000;0.24651293;4.003344;5.2876725;0.767518;0.1494149;45.8428;18937052543.0;9.589;70.764
Syria;SYR;2001;0.2463666;3.9984822;5.2905235;0.76751506;0.14971842;45.951;20237024725.0;11.63;71.644
Syria;SYR;2002;0.24606258;3.9970515;5.295967;0.7674426;0.15084746;45.7606;20669357462.0;10.94;71.939
Syria;SYR;2003;0.24571149;3.995061;5.302089;0.7673051;0.15253066;45.9166;21828144686.0;10.28;72.414
Syria;SYR;2004;0.24542427;3.9914768;5.3068705;0.76710284;0.15407284;47.9831;25086950495.0;9.518;72.475
Syria;SYR;2005;0.2453272;3.9852338;5.3065543;0.76671296;0.15563457;58.7642;28858965517.0;8.816;72.769
Syria;SYR;2006;0.24540302;3.972715;5.308115;0.7663926;0.15713046;61.5261;33751788856.0;8.17;73.35
Syria;SYR;2007;0.24551909;3.955014;5.3192;0.7664156;0.15952468;64.9822;40465318382.0;8.42;73.709
Syria;SYR;2008;0.24564989;3.9357684;5.33398;0.76652384;0.16206534;66.6386;52557913193.0;10.94;73.551
Syria;SYR;2009;0.24575453;3.92109;5.3488417;0.7666132;0.16410312;62.3686;54111735242.0;8.14;73.853
Syria;SYR;2010;0.24575496;3.9163485;5.3656163;0.7669167;0.16489868;62.6479;61390831318.0;8.61;73.881
Syria;SYR;2011;0.24556512;3.9282024;5.396182;0.76782554;0.16490315;58.6262;67539427671.0;8.612;73.305
Syria;SYR;2012;0.24518502;3.9527407;5.4464083;0.76947033;0.16572529;46.1108;43190317725.0;13.8;66.769
Syria;SYR;2013;0.24472778;3.9801238;5.500404;0.7711784;0.1662196;31.1896;21361254648.0;14.479;63.827
Syria;SYR;2014;0.24429666;4.004641;5.544481;0.7724549;0.1658061;26.9706;21502061462.0;14.768;63.153
Syria;SYR;2015;0.24394187;4.0190196;5.5730925;0.7733116;0.16542745;25.6165;16466863097.0;14.29;65.124
Syria;SYR;2016;0.24337566;4.0246024;5.577325;0.7739394;0.16390045;24.6546;12597854884.0;13.867;65.993
Syria;SYR;2017;0.24283765;4.0250025;5.5742683;0.774231;0.16194311;26.5275;16369843341.0;13.67;68.481
Syria;SYR;2018;0.24257739;4.061715;5.5849195;0.77407384;0.16002867;28.9218;21497782881.0;13.554;70.145
Syria;SYR;2019;0.24236715;4.132855;5.60757;0.77377516;0.15828523;27.6056;22583045053.0;13.393;71.822
Taiwan;TWN;1990;0.29491174;2.4643881;3.9140468;0.19388777;0.12285947;;;;
Taiwan;TWN;1991;0.29538062;2.466249;3.8540366;0.19390798;0.12519293;;;;
Taiwan;TWN;1992;0.29579815;2.4702513;3.8002563;0.19392596;0.12758778;;;;
Taiwan;TWN;1993;0.296132;2.4740856;3.7570157;0.19394037;0.13035698;;;;
Taiwan;TWN;1994;0.29637253;2.4772372;3.7278712;0.19395602;0.13258708;;;;
Taiwan;TWN;1995;0.2964643;2.4816089;3.7175274;0.19396116;0.134457;;;;
Taiwan;TWN;1996;0.2964369;2.486516;3.7214985;0.19396004;0.13682675;;;;
Taiwan;TWN;1997;0.2963609;2.4941137;3.7307284;0.19395484;0.13832845;;;;
Taiwan;TWN;1998;0.29629433;2.5047166;3.7419403;0.19394699;0.1399359;;;;
Taiwan;TWN;1999;0.29630548;2.5144653;3.751164;0.19394766;0.14185074;;;;
Taiwan;TWN;2000;0.2964408;2.5236475;3.755418;0.19393642;0.14378415;;;;
Taiwan;TWN;2001;0.29731417;2.533164;3.7473059;0.19392297;0.14547646;;;;
Taiwan;TWN;2002;0.29907438;2.5446858;3.7273781;0.19390714;0.14714459;;;;
Taiwan;TWN;2003;0.30109635;2.556286;3.7034314;0.19389133;0.1488094;;;;
Taiwan;TWN;2004;0.30275315;2.5651302;3.6829162;0.19389291;0.15025066;;;;
Taiwan;TWN;2005;0.30341995;2.571733;3.6741533;0.19388148;0.15142784;;;;
Taiwan;TWN;2006;0.3030084;2.5730937;3.6723363;0.19387212;0.15277798;;;;
Taiwan;TWN;2007;0.30207685;2.5739336;3.6687465;0.19386305;0.15407865;;;;
Taiwan;TWN;2008;0.30097318;2.5712206;3.66481;0.19385421;0.155096;;;;
Taiwan;TWN;2009;0.30004162;2.5688415;3.661672;0.19386494;0.15648039;;;;
Taiwan;TWN;2010;0.29964763;2.5719993;3.6611485;0.19385885;0.15779077;;;;
Taiwan;TWN;2011;0.3008897;2.5752518;3.6642144;0.19384992;0.15932994;;;;
Taiwan;TWN;2012;0.3039525;2.579227;3.6696846;0.19383743;0.16139746;;;;
Taiwan;TWN;2013;0.30780765;2.583701;3.6756203;0.1938229;0.16315362;;;;
Taiwan;TWN;2014;0.31141537;2.5878139;3.6799946;0.19382364;0.16508651;;;;
Taiwan;TWN;2015;0.31376752;2.5891738;3.6813078;0.19381157;0.16683172;;;;
Taiwan;TWN;2016;0.31567347;2.5833325;3.6510024;0.19379833;0.16880834;;;;
Taiwan;TWN;2017;0.31674987;2.574691;3.6210475;0.19378453;0.17060523;;;;
Taiwan;TWN;2018;0.31572646;2.5693512;3.6313531;0.19377181;0.17234246;;;;
Taiwan;TWN;2019;0.31342354;2.564065;3.6654854;0.19377136;0.173583;;;;
Tajikistan;TJK;1990;0.26935932;3.004995;2.373344;0.51623213;0.10320671;12.3241;2603571429.0;;61.879
Tajikistan;TJK;1991;0.26861778;2.9929056;2.3729165;0.51619554;0.10032229;11.6327;2550943396.0;1.9;61.379
Tajikistan;TJK;1992;0.26782745;2.979819;2.3728073;0.51618403;0.097500354;8.5593;1908554572.0;2.1;55.074
Tajikistan;TJK;1993;0.26701865;2.9664843;2.373306;0.516195;0.09444191;5.8012;1646623195.0;6.2;52.867
Tajikistan;TJK;1994;0.26623398;2.9536452;2.373548;0.5161991;0.091185875;3.5895;1522001206.0;8.8;57.48
Tajikistan;TJK;1995;0.26550457;2.9389253;2.3731706;0.51618224;0.088047765;3.0457;1231561860.0;10.3;59.338
Tajikistan;TJK;1996;0.26460937;2.9246213;2.372755;0.51615787;0.08465125;2.7014;1043654822.0;13.4;59.129
Tajikistan;TJK;1997;0.26345405;2.905502;2.3724427;0.5161527;0.08069073;2.9774;921518032.9;13.9;60.348
Tajikistan;TJK;1998;0.26228458;2.8868654;2.371959;0.5161486;0.07688002;3.216;1320199582.0;16.5;61.519
Tajikistan;TJK;1999;0.26134163;2.869711;2.3711233;0.5161366;0.07392668;2.9964;1086612290.0;15.4;62.621
Tajikistan;TJK;2000;0.26086304;2.8569806;2.3699644;0.51611304;0.072808675;2.7847;860541842.3;14.972;63.26
Tajikistan;TJK;2001;0.26075882;2.8489761;2.3688378;0.5160813;0.07285513;2.7423;1080772551.0;14.566;64.057
Tajikistan;TJK;2002;0.2607407;2.8426387;2.368187;0.5160687;0.0729481;2.7557;1221106220.0;14.148;64.846
Tajikistan;TJK;2003;0.2607808;2.8361266;2.3679924;0.51606536;0.07368593;2.8165;1555318261.0;13.751;65.552
Tajikistan;TJK;2004;0.26084933;2.830986;2.3678758;0.51606;0.07381751;3.3522;2076176869.0;13.364;66.028
Tajikistan;TJK;2005;0.2609108;2.825725;2.3677762;0.51605016;0.074458525;3.1913;2312352021.0;12.995;66.514
Tajikistan;TJK;2006;0.26098874;2.81473;2.3679514;0.5160384;0.07491698;3.4899;2830213849.0;12.627;67.013
Tajikistan;TJK;2007;0.26110864;2.799175;2.3687034;0.5160408;0.07613873;4.0505;3719524541.0;12.254;67.217
Tajikistan;TJK;2008;0.26125327;2.7831044;2.369926;0.5160475;0.07715708;3.791;5161299725.0;11.869;67.688
Tajikistan;TJK;2009;0.26140425;2.7690935;2.3712564;0.51605076;0.07837699;3.0502;4979472364.0;11.5;68.039
Tajikistan;TJK;2010;0.26154009;2.7633934;2.3726559;0.5160487;0.079556234;3.0712;5642221099.0;10.844;67.742
Tajikistan;TJK;2011;0.26174393;2.7647972;2.3760438;0.5160449;0.080587156;3.0826;6522756255.0;10.187;68.148
Tajikistan;TJK;2012;0.2620665;2.7711563;2.3821778;0.51604784;0.08205194;3.5024;7633036903.0;9.519;68.484
Tajikistan;TJK;2013;0.26244345;2.777561;2.3893077;0.51605076;0.08333616;3.5941;8448411318.0;8.86;68.885
Tajikistan;TJK;2014;0.26280975;2.7840016;2.3954835;0.5160496;0.08444307;4.7684;9112605459.0;8.206;69.069
Tajikistan;TJK;2015;0.2630972;2.7887883;2.3990412;0.5160451;0.0855128;5.0919;8271431485.0;7.554;69.306
Tajikistan;TJK;2016;0.26380694;2.7905498;2.4002106;0.5160399;0.086909756;5.7151;6992416097.0;6.9;69.549
Tajikistan;TJK;2017;0.2644135;2.7956195;2.4008846;0.5160375;0.08782365;6.9334;7536402853.0;6.9;69.905
Tajikistan;TJK;2018;0.26426008;2.8032863;2.4019766;0.5160346;0.088138014;8.2039;7764999999.0;6.898;70.353
Tajikistan;TJK;2019;0.2636819;2.8172803;2.4035394;0.51602787;0.08860962;9.0379;8300813599.0;6.898;70.867
Tanzania;TZA;1990;0.20817596;4.822181;3.7001886;0.59107655;0.087464795;2.0839;6184384225.0;;51.485
Tanzania;TZA;1991;0.2080684;4.816854;3.701398;0.59107655;0.08672659;2.2095;7197768159.0;3.6;51.306
Tanzania;TZA;1992;0.2079628;4.8111773;3.7025676;0.59107727;0.08610336;2.0467;6681997469.0;3.68;50.989
Tanzania;TZA;1993;0.20786753;4.80598;3.7035966;0.59107965;0.08562647;2.1486;6182872708.0;3.881;50.87
Tanzania;TZA;1994;0.20779015;4.8000193;3.7043366;0.59108204;0.08540919;2.1293;6550480484.0;3.847;50.797
Tanzania;TZA;1995;0.2077399;4.797696;3.7046993;0.59108526;0.085212335;2.9278;7631431840.0;3.659;50.786
Tanzania;TZA;1996;0.20766157;4.793581;3.7051306;0.59108895;0.08508501;3.4521;9433528150.0;3.466;50.744
Tanzania;TZA;1997;0.20752443;4.7889504;3.7061827;0.5910924;0.08497078;3.2383;11158197942.0;3.336;50.624
Tanzania;TZA;1998;0.20738047;4.7810225;3.7075553;0.5910966;0.08479958;2.8191;12172790056.0;3.279;50.914
Tanzania;TZA;1999;0.20728043;4.7734327;3.7089844;0.59109956;0.08478246;2.6356;12704334196.0;3.215;51.748
Tanzania;TZA;2000;0.20727772;4.766284;3.7101693;0.5911019;0.08478412;3.0681;13371767082.0;3.127;52.362
Tanzania;TZA;2001;0.20758855;4.7524376;3.7126572;0.59110343;0.0850637;3.2504;13563990022.0;2.994;53.161
Tanzania;TZA;2002;0.20824367;4.7309027;3.7174547;0.5911041;0.08540628;3.7077;14129651896.0;3.021;53.863
Tanzania;TZA;2003;0.2090208;4.706943;3.723003;0.591105;0.08658406;3.9309;15211487709.0;3.051;54.895
Tanzania;TZA;2004;0.20969467;4.68421;3.7277772;0.59110594;0.087707855;5.3035;16673062473.0;3.104;55.596
Tanzania;TZA;2005;0.21004045;4.6700697;3.7302394;0.59110653;0.088557936;5.9314;18395383647.0;3.192;56.299
Tanzania;TZA;2006;0.21008658;4.6581683;3.7307048;0.5911059;0.089213245;6.1828;18619859795.0;3.299;56.911
Tanzania;TZA;2007;0.210048;4.6466227;3.7311244;0.5911045;0.08997949;6.0578;21860434823.0;3.024;57.52
Tanzania;TZA;2008;0.2099816;4.6332135;3.7320108;0.59110296;0.09096001;6.2215;27947821398.0;2.775;58.086
Tanzania;TZA;2009;0.20994262;4.624929;3.7338934;0.5911021;0.09181945;6.0544;29400573554.0;2.5;58.894
Tanzania;TZA;2010;0.20998569;4.619775;3.7373376;0.59110075;0.09305504;7.0854;32012892919.0;3.029;60.105
Tanzania;TZA;2011;0.21019821;4.6176267;3.7466023;0.59109735;0.09415571;8.1329;34657140096.0;3.47;61.049
Tanzania;TZA;2012;0.21056746;4.6152563;3.763042;0.59109306;0.095528975;9.7231;39650394363.0;3.223;62.03
Tanzania;TZA;2013;0.21099797;4.6111755;3.7825673;0.5910879;0.09720527;10.886;45648857242.0;2.93;62.96
Tanzania;TZA;2014;0.21139285;4.609107;3.8011081;0.5910827;0.09892918;10.2007;49986726461.0;2.125;63.873
Tanzania;TZA;2015;0.2116554;4.608593;3.814624;0.5910771;0.10053464;10.8771;47413919817.0;2.162;64.651
Tanzania;TZA;2016;0.21173805;4.613131;3.8277;0.59107065;0.10169528;10.9902;49774409374.0;2.237;65.386
Tanzania;TZA;2017;0.21185504;4.618619;3.8364716;0.5910641;0.10308309;12.0164;53274884533.0;2.313;65.999
Tanzania;TZA;2018;0.2123583;4.6315126;3.8305063;0.5910572;0.104231946;12.4214;57003712892.0;2.409;66.535
Tanzania;TZA;2019;0.21327442;4.651242;3.8125863;0.59105045;0.10528517;15.2689;61026731926.0;2.518;66.989
Thailand;THA;1990;0.28494516;2.848442;3.2673767;0.32983306;0.094173096;93.9264;85343190719.0;;70.445
Thailand;THA;1991;0.28661382;2.85234;3.2719524;0.32984152;0.09692295;103.7364;98234714971.0;2.63;70.717
Thailand;THA;1992;0.28811577;2.857583;3.276311;0.32984784;0.09911516;113.3744;111000000000.0;1.35;70.885
Thailand;THA;1993;0.28937718;2.8625362;3.2802389;0.32985345;0.100872755;128.5363;129000000000.0;1.49;71.068
Thailand;THA;1994;0.29032534;2.8676188;3.2834253;0.32985845;0.10287785;144.1118;147000000000.0;1.347;71.227
Thailand;THA;1995;0.29088855;2.8733196;3.2855003;0.32986128;0.10415237;163.2312;169000000000.0;1.1;70.948
Thailand;THA;1996;0.29114303;2.8800144;3.2875097;0.3298669;0.105555646;183.542;183000000000.0;1.071;71.653
Thailand;THA;1997;0.29126257;2.887944;3.2900212;0.3298713;0.10639474;187.1265;150000000000.0;0.873;72.501
Thailand;THA;1998;0.2913111;2.8950734;3.2925193;0.3298707;0.107239805;166.5512;114000000000.0;3.404;72.862
Thailand;THA;1999;0.29135045;2.9030797;3.2945566;0.32986495;0.10810202;174.0806;127000000000.0;2.968;72.542
Thailand;THA;2000;0.29144606;2.9077215;3.2953527;0.32985786;0.10923008;174.3879;126000000000.0;2.389;72.316
Thailand;THA;2001;0.291777;2.9128366;3.2941878;0.32985118;0.11003761;183.0435;120000000000.0;2.6;72.613
Thailand;THA;2002;0.29236743;2.9179246;3.2915695;0.32984576;0.110326126;194.5276;134000000000.0;1.82;72.93
Thailand;THA;2003;0.29304507;2.9228814;3.2887237;0.32984126;0.1113929;202.3353;152000000000.0;1.54;73.155
Thailand;THA;2004;0.2936381;2.9266903;3.2867758;0.32983872;0.112240665;220.4767;173000000000.0;1.51;73.08
Thailand;THA;2005;0.29397458;2.9254582;3.2868114;0.32983935;0.11305403;228.7033;189000000000.0;1.35;73.82
Thailand;THA;2006;0.294107;2.9211044;3.289523;0.32980466;0.11404492;232.2107;222000000000.0;1.22;74.938
Thailand;THA;2007;0.29421407;2.9126914;3.2951288;0.3297408;0.1152076;237.214;263000000000.0;1.18;75.187
Thailand;THA;2008;0.2942868;2.9036944;3.306197;0.32972738;0.11674849;238.3048;291000000000.0;1.18;75.492
Thailand;THA;2009;0.29437223;2.8960814;3.32048;0.32977462;0.11826574;231.4285;282000000000.0;1.49;75.842
Thailand;THA;2010;0.2945795;2.888708;3.3299048;0.32980314;0.11989397;245.6832;341000000000.0;0.622;76.131
Thailand;THA;2011;0.29536995;2.8844223;3.336034;0.32979944;0.12136178;246.0704;371000000000.0;0.66;76.421
Thailand;THA;2012;0.29683796;2.878475;3.3432503;0.3297955;0.12291777;264.102;398000000000.0;0.58;76.772
Thailand;THA;2013;0.29851058;2.873812;3.3505888;0.3297925;0.1243189;275.3196;420000000000.0;0.249;77.083
Thailand;THA;2014;0.29991552;2.8683243;3.3569534;0.3297907;0.12582982;271.7352;407000000000.0;0.576;77.415
Thailand;THA;2015;0.3005814;2.866937;3.3612075;0.3297895;0.12704796;279.0886;401000000000.0;0.597;77.717
Thailand;THA;2016;0.29977414;2.8631024;3.3660066;0.32978442;0.12859704;275.3767;413000000000.0;0.688;78.049
Thailand;THA;2017;0.29888597;2.8585641;3.371346;0.32978046;0.13000895;274.037;456000000000.0;0.83;78.394
Thailand;THA;2018;0.29946116;2.8551335;3.3815641;0.32977578;0.1308782;271.251;507000000000.0;0.766;78.662
Thailand;THA;2019;0.30105522;2.847038;3.399738;0.32977024;0.13236374;281.5515;544000000000.0;0.716;78.975
Togo;TGO;1990;0.20846422;4.3806314;3.5191782;0.53957605;0.09023542;0.7547;2299665506.0;;54.37
Togo;TGO;1991;0.20848477;4.384502;3.518777;0.5395746;0.08975049;0.6984;2262767860.0;4.045;54.268
Togo;TGO;1992;0.20848133;4.3883085;3.5190024;0.53957635;0.08910753;0.5329;2390796916.0;4.189;54.299
Togo;TGO;1993;0.20846066;4.394524;3.51961;0.5395795;0.08872614;0.4108;1741944426.0;4.47;54.195
Togo;TGO;1994;0.20844233;4.401093;3.52024;0.539578;0.08846465;0.7474;1387662121.0;4.184;54.037
Togo;TGO;1995;0.20843187;4.4070277;3.5211542;0.5395768;0.08807259;0.7371;1849110468.0;3.986;54.037
Togo;TGO;1996;0.20838372;4.4157686;3.5229993;0.53957903;0.08769404;1.1294;2069506015.0;3.624;54.098
Togo;TGO;1997;0.2082847;4.4296494;3.526024;0.53958225;0.08695255;0.8492;2116818623.0;3.636;54.192
Togo;TGO;1998;0.20816243;4.4458404;3.5293221;0.53958666;0.0865793;1.0462;2241650112.0;3.789;54.199
Togo;TGO;1999;0.20805342;4.45983;3.531769;0.53959244;0.08638702;1.3538;2226577204.0;3.892;54.538
Togo;TGO;2000;0.20798512;4.468802;3.5329921;0.53959894;0.08624188;1.2508;2106848752.0;4.151;54.742
Togo;TGO;2001;0.20794947;4.4761267;3.5328968;0.53960484;0.085908085;1.126;2093498674.0;4.102;54.86
Togo;TGO;2002;0.20792206;4.4837017;3.532005;0.53961176;0.08575022;1.1986;2410199032.0;4.085;55.311
Togo;TGO;2003;0.20788857;4.488636;3.5308821;0.5396187;0.085642904;1.437;2987984051.0;3.964;55.639
Togo;TGO;2004;0.207843;4.490393;3.5297527;0.53962386;0.085650936;1.3774;3191561509.0;3.999;55.569
Togo;TGO;2005;0.20777446;4.4911942;3.5297282;0.53962684;0.08534188;1.311;3221910408.0;4.151;55.962
Togo;TGO;2006;0.20755653;4.4927635;3.5331538;0.53963;0.085299365;1.2217;3320907722.0;4.229;56.222
Togo;TGO;2007;0.2071573;4.4940424;3.540056;0.53963226;0.08512147;1.2176;3759964943.0;3.822;56.511
Togo;TGO;2008;0.2067005;4.495306;3.548439;0.53963304;0.08482501;1.5888;4578849658.0;3.286;56.695
Togo;TGO;2009;0.20631668;4.4948955;3.555787;0.53962857;0.08461493;2.7106;4721890900.0;2.853;57.011
Togo;TGO;2010;0.20613678;4.49563;3.5605597;0.53962034;0.08437315;2.5248;4746389532.0;2.385;57.304
Togo;TGO;2011;0.20617664;4.491665;3.5646505;0.5396124;0.084652014;2.3169;5422442166.0;1.982;57.925
Togo;TGO;2012;0.20632471;4.4926524;3.5700402;0.53960216;0.08492339;2.2122;5413544659.0;2.028;58.073
Togo;TGO;2013;0.20652235;4.490232;3.575837;0.5395913;0.085624464;1.9012;6021732977.0;2.083;58.684
Togo;TGO;2014;0.2067139;4.4880877;3.5806038;0.53957903;0.086123124;1.7336;6393318262.0;2.142;58.853
Togo;TGO;2015;0.2068458;4.489354;3.583903;0.53956616;0.08660077;1.5447;5755461035.0;2.204;59.396
Togo;TGO;2016;0.20709224;4.49213;3.590056;0.53955376;0.0878191;2.0943;6071170959.0;2.963;59.55
Togo;TGO;2017;0.20741674;4.495569;3.5949838;0.53954107;0.08892801;1.8202;6387422518.0;3.744;60.154
Togo;TGO;2018;0.20790635;4.4976625;3.5949163;0.5395296;0.08941261;1.9933;7029300383.0;2.903;60.244
Togo;TGO;2019;0.2087059;4.5008154;3.592497;0.5395201;0.08961096;2.1848;6992700101.0;2.056;60.901
Tokelau;TKL;1990;0.279746;3.1711113;3.9764254;0.2746283;0.082215585;;;;
Tokelau;TKL;1991;0.28049898;3.1730347;3.978439;0.27460298;0.08217992;;;;
Tokelau;TKL;1992;0.281179;3.1728482;3.9796126;0.27459186;0.08210702;;;;
Tokelau;TKL;1993;0.28175157;3.1723046;3.979559;0.27458057;0.08198954;;;;
Tokelau;TKL;1994;0.28216273;3.1684515;3.978695;0.27459776;0.082063146;;;;
Tokelau;TKL;1995;0.28233904;3.1659253;3.978707;0.2746639;0.08242754;;;;
Tokelau;TKL;1996;0.2821775;3.1619186;3.981034;0.2747332;0.08246325;;;;
Tokelau;TKL;1997;0.2817377;3.1586266;3.985128;0.27472183;0.082765654;;;;
Tokelau;TKL;1998;0.2811768;3.1578422;3.9910593;0.27465278;0.08306765;;;;
Tokelau;TKL;1999;0.2806382;3.156769;3.9996722;0.27461612;0.08357898;;;;
Tokelau;TKL;2000;0.28031635;3.1592393;4.0086155;0.2746527;0.084199056;;;;
Tokelau;TKL;2001;0.28069326;3.1601365;4.0074515;0.2747018;0.08502599;;;;
Tokelau;TKL;2002;0.28194052;3.155424;3.988476;0.2746744;0.085437045;;;;
Tokelau;TKL;2003;0.2836392;3.145904;3.9604013;0.27459684;0.086315565;;;;
Tokelau;TKL;2004;0.28526422;3.1370173;3.9355497;0.27455312;0.08665527;;;;
Tokelau;TKL;2005;0.28631112;3.129911;3.9221423;0.27456072;0.087109886;;;;
Tokelau;TKL;2006;0.28693804;3.1280193;3.9222596;0.2745759;0.08805663;;;;
Tokelau;TKL;2007;0.28757852;3.1265833;3.9317827;0.27456027;0.08862338;;;;
Tokelau;TKL;2008;0.28813654;3.1291618;3.9477966;0.27454063;0.09024454;;;;
Tokelau;TKL;2009;0.288476;3.1336637;3.9677892;0.27456182;0.091465555;;;;
Tokelau;TKL;2010;0.28855348;3.1374905;3.9855795;0.27460298;0.092627175;;;;
Tokelau;TKL;2011;0.28859872;3.1401563;3.9962282;0.27462253;0.09370582;;;;
Tokelau;TKL;2012;0.28887185;3.1344397;3.998524;0.27461752;0.09485013;;;;
Tokelau;TKL;2013;0.28922376;3.1311018;3.9980853;0.27460662;0.095556125;;;;
Tokelau;TKL;2014;0.28940356;3.1279328;4.001498;0.27461398;0.09682551;;;;
Tokelau;TKL;2015;0.2893323;3.1284373;4.008212;0.27462903;0.09787739;;;;
Tokelau;TKL;2016;0.28956732;3.125517;4.0080795;0.27464843;0.099589616;;;;
Tokelau;TKL;2017;0.28995785;3.1202993;4.0016317;0.2746872;0.10060289;;;;
Tokelau;TKL;2018;0.29001546;3.118133;3.9994526;0.2747348;0.10172932;;;;
Tokelau;TKL;2019;0.28980696;3.1222134;4.0038543;0.27477935;0.10262833;;;;
Tonga;TON;1990;0.28858587;2.716464;3.956938;0.28217915;0.083363876;0.0877;113563821.6;;67.294
Tonga;TON;1991;0.28958437;2.7137294;3.9562097;0.28216192;0.08370144;0.0905;132201141.4;1.35;67.518
Tonga;TON;1992;0.2903834;2.7095094;3.9558885;0.28214067;0.08399108;0.0874;137066290.6;1.351;67.686
Tonga;TON;1993;0.29097873;2.7053294;3.9558632;0.2821163;0.08442037;0.0855;138489884.4;1.3;67.855
Tonga;TON;1994;0.2913676;2.7009828;3.9559352;0.28209057;0.084619;0.1219;195990986.2;1.708;68.014
Tonga;TON;1995;0.29154858;2.6983478;3.9559138;0.28206497;0.08491476;0.1063;208871665.7;2.007;68.17
Tonga;TON;1996;0.29130858;2.6954148;3.957245;0.28203946;0.08489887;0.1226;222100576.3;2.414;68.323
Tonga;TON;1997;0.29062787;2.69137;3.9605138;0.28201085;0.08499509;0.1364;214991452.3;2.864;68.49
Tonga;TON;1998;0.2897965;2.686407;3.9643734;0.28198087;0.08537428;0.1436;191504892.8;3.36;68.642
Tonga;TON;1999;0.28910765;2.6844625;3.9675903;0.2819478;0.085538454;0.1394;199208717.5;3.714;68.809
Tonga;TON;2000;0.2888609;2.6829875;3.9686573;0.28191364;0.08563848;0.1116;204848487.8;4.12;68.978
Tonga;TON;2001;0.28932133;2.680701;3.9662645;0.28188285;0.08573496;0.103;181117230.4;4.479;69.127
Tonga;TON;2002;0.2903204;2.679441;3.9615753;0.2818521;0.086350046;0.1121;182764280.8;4.837;69.335
Tonga;TON;2003;0.29150748;2.6790462;3.9565496;0.2818231;0.08683707;0.1336;202246591.2;5.18;69.495
Tonga;TON;2004;0.2925343;2.6779888;3.9528387;0.2817985;0.08703937;0.1187;230657627.2;3.944;69.67
Tonga;TON;2005;0.2930538;2.6769993;3.9519002;0.28178343;0.08751043;0.1288;261803684.2;2.572;69.768
Tonga;TON;2006;0.29308227;2.6736422;3.95624;0.28177673;0.087811746;0.1408;292230662.4;1.09;69.894
Tonga;TON;2007;0.29292965;2.6672769;3.9657662;0.28177348;0.08768276;0.1141;298519024.1;1.182;70.048
Tonga;TON;2008;0.2926889;2.661745;3.977984;0.28177485;0.08791568;0.124;344436582.1;1.254;70.164
Tonga;TON;2009;0.29244614;2.657191;3.9907053;0.2817824;0.08797523;0.1357;312377678.8;1.41;70.012
Tonga;TON;2010;0.29229942;2.6562672;4.0010796;0.28179374;0.087965325;0.1283;366832215.2;1.517;70.323
Tonga;TON;2011;0.29212338;2.6570036;4.0115876;0.28180665;0.08827563;0.1225;414533117.7;1.606;70.381
Tonga;TON;2012;0.29178667;2.6607418;4.025218;0.2818225;0.08872686;0.1204;470705196.4;1.647;70.442
Tonga;TON;2013;0.29138952;2.6622584;4.0392585;0.28184098;0.08909407;0.1207;450650633.0;1.758;70.505
Tonga;TON;2014;0.29103792;2.663993;4.0509896;0.28186136;0.089881495;0.1334;439877614.4;1.924;70.54
Tonga;TON;2015;0.290843;2.6666741;4.057681;0.28188312;0.09078071;0.1382;437003078.6;2.028;70.607
Tonga;TON;2016;0.29110485;2.6655104;4.0512667;0.28190577;0.091491014;0.1467;420548712.4;2.048;70.661
Tonga;TON;2017;0.29138494;2.666391;4.0438924;0.2819293;0.09236149;0.1806;460374354.8;2.132;70.713
Tonga;TON;2018;0.29130173;2.6756654;4.0495234;0.281953;0.09319261;0.1587;488906838.6;2.248;70.779
Tonga;TON;2019;0.29104534;2.6947968;4.062976;0.28197634;0.09377603;0.1939;512053692.1;2.164;70.871
Trinidad and Tobago;TTO;1990;0.27608323;4.0136204;3.7657447;0.9094797;0.21642639;12.6702;5068000000.0;;68.272
Trinidad and Tobago;TTO;1991;0.27544394;3.9974918;3.7560441;0.9094416;0.21360277;12.9337;5307905882.0;18.52;68.859
Trinidad and Tobago;TTO;1992;0.2749445;3.9825232;3.7480576;0.9094044;0.21100782;13.2809;5439552941.0;19.66;68.391
Trinidad and Tobago;TTO;1993;0.27458784;3.9690378;3.7420015;0.9093681;0.2091829;12.9505;4669488516.0;19.81;68.811
Trinidad and Tobago;TTO;1994;0.27437758;3.954835;3.7380197;0.90932995;0.20862406;14.3162;4947205860.0;18.44;68.511
Trinidad and Tobago;TTO;1995;0.27431852;3.944331;3.7361438;0.90928376;0.20878726;13.8183;5329214163.0;17.22;69.17
Trinidad and Tobago;TTO;1996;0.27446637;3.9337134;3.7375252;0.9092455;0.20905541;14.8734;5759537726.0;16.25;69.009
Trinidad and Tobago;TTO;1997;0.2748177;3.9203784;3.7419078;0.9092147;0.21044125;14.8509;5737751332.0;15.01;68.719
Trinidad and Tobago;TTO;1998;0.27529287;3.9054618;3.747261;0.9091832;0.21297461;17.9546;6043694330.0;14.21;69.16
Trinidad and Tobago;TTO;1999;0.27580953;3.8899481;3.7519057;0.90915775;0.21616213;18.4528;6808982521.0;13.12;68.377
Trinidad and Tobago;TTO;2000;0.27628776;3.8787668;3.7539368;0.9091344;0.21887048;18.6778;8154338233.0;12.1;69.102
Trinidad and Tobago;TTO;2001;0.27691776;3.8676946;3.7529964;0.90911853;0.2227135;21.2433;8824873259.0;10.88;69.646
Trinidad and Tobago;TTO;2002;0.27783805;3.8563278;3.7506316;0.90910923;0.2278703;22.9297;9008273721.0;10.39;70.488
Trinidad and Tobago;TTO;2003;0.27889425;3.8403387;3.7478395;0.9091007;0.23377654;26.3474;11305459802.0;10.48;69.729
Trinidad and Tobago;TTO;2004;0.27993175;3.828328;3.745647;0.9090905;0.2396032;28.314;13280275123.0;8.33;71.076
Trinidad and Tobago;TTO;2005;0.2807953;3.816304;3.7451472;0.9090793;0.24530442;34.0463;15982282462.0;7.95;71.308
Trinidad and Tobago;TTO;2006;0.28166837;3.8046668;3.7470882;0.909066;0.25129426;37.3717;18369361094.0;6.27;71.256
Trinidad and Tobago;TTO;2007;0.282711;3.7880418;3.7510557;0.90905064;0.2581854;38.1792;21641620050.0;5.54;71.652
Trinidad and Tobago;TTO;2008;0.28373304;3.7705007;3.7565832;0.90904063;0.2638524;37.2985;27871587350.0;4.63;71.47
Trinidad and Tobago;TTO;2009;0.28454697;3.7568653;3.7628927;0.9090296;0.26934007;36.1485;19172165226.0;5.28;73.126
Trinidad and Tobago;TTO;2010;0.2849655;3.7516613;3.7691803;0.90901047;0.27328572;39.7061;22157948396.0;4.033;72.725
Trinidad and Tobago;TTO;2011;0.28505796;3.7548053;3.7807705;0.90898687;0.27583566;40.0358;25433011405.0;3.425;73.278
Trinidad and Tobago;TTO;2012;0.28505704;3.763526;3.7998822;0.9089605;0.27779645;36.7952;27334581560.0;3.718;73.716
Trinidad and Tobago;TTO;2013;0.2850166;3.774954;3.821483;0.9089347;0.2796972;36.0295;28709988700.0;2.683;73.962
Trinidad and Tobago;TTO;2014;0.2849902;3.783877;3.840525;0.90891093;0.2809576;35.899;29699968761.0;2.477;74.215
Trinidad and Tobago;TTO;2015;0.28503188;3.7896087;3.8519013;0.908888;0.28192934;35.5335;27026080987.0;2.428;74.503
Trinidad and Tobago;TTO;2016;0.2857161;3.7873437;3.8541481;0.90886897;0.28299674;31.8521;23713671528.0;3.207;74.281
Trinidad and Tobago;TTO;2017;0.28649083;3.784234;3.8548582;0.90885466;0.28389093;32.3097;24040299978.0;3.385;74.23
Trinidad and Tobago;TTO;2018;0.28675872;3.797564;3.8609302;0.9088437;0.2832332;31.5362;24569079488.0;3.49;73.802
Trinidad and Tobago;TTO;2019;0.28689462;3.82637;3.8713686;0.9088345;0.28171644;32.0746;23775754305.0;3.523;74.228
Tunisia;TUN;1990;0.2514061;5.053802;4.9164777;0.7867563;0.16310403;14.7225;12290568182.0;;70.11
Tunisia;TUN;1991;0.251871;5.0465636;4.9207764;0.7867702;0.16389208;15.2192;13074782609.0;15.977;70.521
Tunisia;TUN;1992;0.2522852;5.0407767;4.925305;0.7867895;0.16495486;16.1748;15496708060.0;15.647;70.701
Tunisia;TUN;1993;0.25263163;5.035025;4.9295645;0.78681403;0.16595611;16.8053;14608335608.0;15.986;71.235
Tunisia;TUN;1994;0.25289294;5.0299087;4.933113;0.7868428;0.1674371;16.9145;15633174304.0;16.038;71.615
Tunisia;TUN;1995;0.2530526;5.0280633;4.93545;0.7868727;0.16867892;17.2791;18030876599.0;16.36;71.988
Tunisia;TUN;1996;0.2531355;5.0286436;4.9378505;0.78690547;0.16999109;17.8223;19587161807.0;16.07;72.38
Tunisia;TUN;1997;0.25318483;5.03767;4.9414515;0.7869512;0.17141418;18.3655;20746210354.0;15.94;72.863
Tunisia;TUN;1998;0.25320983;5.043185;4.9455843;0.7870125;0.17306168;19.1727;21802893587.0;15.476;73.169
Tunisia;TUN;1999;0.2532201;5.0496936;4.949546;0.78708667;0.17471774;20.1562;22943202175.0;15.21;73.508
Tunisia;TUN;2000;0.25322536;5.049932;4.9525986;0.7871709;0.17616186;21.123;21473528161.0;14.94;73.69
Tunisia;TUN;2001;0.253222;5.048651;4.9558487;0.7872594;0.17760634;22.0049;22065832449.0;14.4;73.816
Tunisia;TUN;2002;0.25320414;5.04052;4.960368;0.7873517;0.17940441;21.7699;23141616605.0;14.55;74.059
Tunisia;TUN;2003;0.25317854;5.0364723;4.965495;0.7874453;0.18108678;21.5583;27453902261.0;14.51;74.305
Tunisia;TUN;2004;0.2531528;5.030925;4.9704757;0.7875366;0.1828209;22.8079;31183885241.0;14.23;74.49
Tunisia;TUN;2005;0.25313514;5.026308;4.9744773;0.7876223;0.18449739;23.4397;32272186695.0;12.872;74.764
Tunisia;TUN;2006;0.25312138;5.0221243;4.9790173;0.78770274;0.18642639;24.2308;34376664601.0;12.51;74.921
Tunisia;TUN;2007;0.25310415;5.0190597;4.9855957;0.78777677;0.18835586;24.9733;38915353867.0;12.365;75.072
Tunisia;TUN;2008;0.25308618;5.0164804;4.99366;0.7878425;0.19038092;25.4184;44859439902.0;12.444;75.185
Tunisia;TUN;2009;0.25306997;5.013276;5.0027084;0.7878988;0.19268985;25.3567;43455740497.0;13.291;75.267
Tunisia;TUN;2010;0.25305784;5.0079913;5.012236;0.7879439;0.19430286;27.722;46206091938.0;13.049;75.421
Tunisia;TUN;2011;0.253037;5.00361;5.028922;0.78797716;0.19576742;26.2558;48123325825.0;18.334;75.46
Tunisia;TUN;2012;0.25299978;5.0034966;5.055234;0.7879974;0.19739857;28.2339;47311401813.0;17.63;75.55
Tunisia;TUN;2013;0.252958;5.005175;5.0843782;0.78800315;0.1987961;28.2137;48685446414.0;15.934;75.65
Tunisia;TUN;2014;0.2529237;5.006803;5.1095867;0.7879961;0.19988675;30.197;50271812921.0;14.259;75.65
Tunisia;TUN;2015;0.25290915;5.004467;5.124069;0.78797716;0.20094365;30.7137;45779494042.0;15.159;75.692
Tunisia;TUN;2016;0.25304312;4.9888344;5.11991;0.78794456;0.20297831;29.8544;44360072680.0;15.557;75.786
Tunisia;TUN;2017;0.25315055;4.976918;5.113446;0.7879;0.20400512;30.1591;42163530591.0;15.33;75.845
Tunisia;TUN;2018;0.25293773;4.999044;5.1289725;0.78784466;0.20450896;30.1784;42686580021.0;15.459;75.95
Tunisia;TUN;2019;0.2524584;5.049405;5.164141;0.787781;0.20487007;30.2719;41905540184.0;17.153;75.993
Turkey;TUR;1990;0.24680465;4.044075;4.1091113;0.79646695;0.19500573;155.0201;151000000000.0;;67.709
Turkey;TUR;1991;0.24694766;4.032577;4.071352;0.7964368;0.19570623;152.3864;151000000000.0;8.21;68.169
Turkey;TUR;1992;0.24707553;4.0242524;4.039339;0.79644156;0.19678402;158.836;159000000000.0;8.509;68.486
Turkey;TUR;1993;0.2471875;4.015661;4.0145073;0.79645413;0.19801654;164.3942;180000000000.0;8.962;68.911
Turkey;TUR;1994;0.24728389;4.010806;3.9981275;0.7964436;0.19947377;163.4392;131000000000.0;8.577;69.295
Turkey;TUR;1995;0.24735168;4.007981;3.9923744;0.79643923;0.20123672;178.2318;169000000000.0;7.644;69.609
Turkey;TUR;1996;0.24741438;4.006441;4.021908;0.7964689;0.20485097;194.2325;181000000000.0;6.629;70.141
Turkey;TUR;1997;0.24749126;4.0113654;4.0930877;0.7965163;0.21109806;204.3571;190000000000.0;6.841;70.57
Turkey;TUR;1998;0.24756823;4.0177155;4.180641;0.79655874;0.21778777;205.9488;276000000000.0;6.888;71.039
Turkey;TUR;1999;0.24763244;4.028197;4.259163;0.7965748;0.22441947;204.5041;256000000000.0;7.687;70.695
Turkey;TUR;2000;0.24766034;4.040718;4.303869;0.79658693;0.22800064;226.9144;274000000000.0;6.495;71.861
Turkey;TUR;2001;0.24763152;4.071743;4.3338957;0.79661953;0.22944658;206.7284;202000000000.0;8.381;72.231
Turkey;TUR;2002;0.2475594;4.1296477;4.377505;0.79665166;0.23045304;217.3196;240000000000.0;10.358;72.579
Turkey;TUR;2003;0.24747485;4.1928377;4.4234614;0.7966723;0.23185588;229.1961;315000000000.0;10.542;72.89
Turkey;TUR;2004;0.24740869;4.2442613;4.4604516;0.7966769;0.23345175;235.6291;409000000000.0;10.838;73.24
Turkey;TUR;2005;0.24738549;4.2642403;4.4775205;0.7966744;0.23457125;245.6485;506000000000.0;10.636;73.534
Turkey;TUR;2006;0.24741635;4.2491713;4.474095;0.7966691;0.23786722;273.6837;557000000000.0;10.227;73.845
Turkey;TUR;2007;0.24748255;4.2135763;4.461386;0.7966595;0.24330328;300.1686;681000000000.0;10.285;74.193
Turkey;TUR;2008;0.24756426;4.1682277;4.4457603;0.7966475;0.24979095;299.0327;770000000000.0;10.965;74.45
Turkey;TUR;2009;0.24764265;4.127493;4.43353;0.7966296;0.2561792;301.4417;649000000000.0;14.026;74.765
Turkey;TUR;2010;0.24769606;4.1015873;4.431112;0.79659337;0.26096305;312.2163;777000000000.0;11.879;75.069
Turkey;TUR;2011;0.24771115;4.090324;4.4414186;0.7965086;0.2650534;332.7711;839000000000.0;9.789;74.941
Turkey;TUR;2012;0.24770357;4.082614;4.459596;0.79636985;0.26817352;344.1787;881000000000.0;9.21;75.678
Turkey;TUR;2013;0.24769464;4.0750384;4.4798617;0.7961723;0.27196646;334.1108;958000000000.0;9.713;76.297
Turkey;TUR;2014;0.24770084;4.0664144;4.497034;0.7959744;0.27537036;355.6857;939000000000.0;9.901;76.565
Turkey;TUR;2015;0.24773648;4.0584426;4.506104;0.7958346;0.2785622;368.3596;864000000000.0;10.304;76.646
Turkey;TUR;2016;0.24792543;4.00345;4.495325;0.795732;0.2836098;392.3754;870000000000.0;10.899;76.66
Turkey;TUR;2017;0.24816157;3.9437997;4.4827275;0.79568404;0.28765902;434.0801;859000000000.0;10.919;77.141
Turkey;TUR;2018;0.24845715;3.9321594;4.4908495;0.79568714;0.2904809;430.3928;779000000000.0;10.956;77.563
Turkey;TUR;2019;0.24893442;3.9422681;4.513604;0.795696;0.2917118;415.2444;761000000000.0;13.73;77.832
Turkmenistan;TKM;1990;0.272053;3.2459903;2.2810903;0.5069343;0.12175281;45.7008;3000000000.0;;63.939
Turkmenistan;TKM;1991;0.2716788;3.2426045;2.2810771;0.5069186;0.1197501;38.7424;2950000000.0;1.4;64.035
Turkmenistan;TKM;1992;0.27127668;3.2395823;2.2809858;0.5068966;0.117498495;28.6255;3200000000.0;1.5;63.875
Turkmenistan;TKM;1993;0.27086616;3.2357728;2.2808328;0.5068713;0.115573406;27.1622;3180952381.0;1.5;63.804
Turkmenistan;TKM;1994;0.27046794;3.2298188;2.2806013;0.5068438;0.1131196;34.256;2560939794.0;4.7;63.756
Turkmenistan;TKM;1995;0.2701051;3.224417;2.2800143;0.506808;0.11121329;34.6749;2482249253.0;8.3;63.684
Turkmenistan;TKM;1996;0.26960444;3.2175927;2.2797856;0.5067852;0.10860748;31.5337;2378759975.0;10.3;63.596
Turkmenistan;TKM;1997;0.2689107;3.2070935;2.2798834;0.5067603;0.10580703;31.5235;2450350625.0;11.0;63.646
Turkmenistan;TKM;1998;0.26819605;3.194707;2.2801442;0.50673205;0.10322536;32.631;2605689134.0;12.2;64.106
Turkmenistan;TKM;1999;0.26763448;3.1834888;2.280331;0.50669694;0.10106457;38.5834;2450564100.0;12.7;64.518
Turkmenistan;TKM;2000;0.2673999;3.1763473;2.2802174;0.50665355;0.1002134;39.3612;2904663311.0;11.75;65.026
Turkmenistan;TKM;2001;0.26754102;3.1735358;2.2811954;0.50661975;0.1005507;40.3115;3534772732.0;10.898;65.156
Turkmenistan;TKM;2002;0.26793087;3.1713657;2.283551;0.5065822;0.10201017;43.2467;4462029109.0;10.1;65.385
Turkmenistan;TKM;2003;0.26846033;3.170433;2.2863805;0.5065448;0.10365539;48.1807;5977440583.0;9.239;65.746
Turkmenistan;TKM;2004;0.26902094;3.1673923;2.2886655;0.50650716;0.105930105;51.3521;6838351088.0;8.367;66.075
Turkmenistan;TKM;2005;0.26950368;3.1637952;2.2893238;0.5064683;0.10815083;52.925;8103901996.0;7.46;66.068
Turkmenistan;TKM;2006;0.26998866;3.1507282;2.288678;0.5064376;0.11065809;54.9829;10276674365.0;6.577;66.499
Turkmenistan;TKM;2007;0.270606;3.1279416;2.2875993;0.50640327;0.11355952;60.8125;12664165103.0;5.705;66.895
Turkmenistan;TKM;2008;0.27130973;3.1025774;2.2865207;0.5063652;0.11638003;61.965;19271523179.0;4.846;67.407
Turkmenistan;TKM;2009;0.27205533;3.0793822;2.2857575;0.5063196;0.11980737;54.6585;20214385965.0;4.0;67.958
Turkmenistan;TKM;2010;0.27279654;3.0662694;2.285775;0.5062684;0.123032816;61.6817;22583157895.0;4.0;68.293
Turkmenistan;TKM;2011;0.27372354;3.063073;2.2900734;0.5062214;0.12639229;66.5084;29233333333.0;4.002;68.567
Turkmenistan;TKM;2012;0.27494732;3.061322;2.2994535;0.5061727;0.13036689;68.8879;35164210526.0;3.997;68.722
Turkmenistan;TKM;2013;0.27629516;3.0613182;2.311083;0.5061261;0.13392308;66.1889;39197543860.0;3.999;68.74
Turkmenistan;TKM;2014;0.27759656;3.0615737;2.3220482;0.5060831;0.13754432;64.4047;43524210526.0;4.011;68.614
Turkmenistan;TKM;2015;0.27868316;3.0603309;2.329335;0.5060417;0.14101158;66.423;35799714286.0;4.023;68.782
Turkmenistan;TKM;2016;0.27999157;3.0587754;2.335555;0.50600475;0.14415109;66.6122;36169428571.0;4.034;68.777
Turkmenistan;TKM;2017;0.2809883;3.0570462;2.3399537;0.5059685;0.14712538;66.5649;37926285714.0;4.045;68.916
Turkmenistan;TKM;2018;0.2811793;3.0551796;2.3412097;0.50593346;0.14969945;65.8168;40765428571.0;4.051;68.796
Turkmenistan;TKM;2019;0.2810101;3.0497415;2.3415134;0.5058993;0.15248261;66.0005;45232857143.0;4.055;69.002
Tuvalu;TUV;1990;0.26633835;3.185174;4.0219235;0.26826018;0.070838295;0.0;9542900.901;;61.661
Tuvalu;TUV;1991;0.26781762;3.1858935;4.022106;0.2682582;0.07210189;0.0;10127313.91;;61.909
Tuvalu;TUV;1992;0.26910958;3.185951;4.021664;0.2682527;0.0730878;0.0;10535028.14;;60.491
Tuvalu;TUV;1993;0.27015266;3.1847692;4.0205235;0.26824334;0.07405027;0.0;10414399.96;;62.654
Tuvalu;TUV;1994;0.27088508;3.18437;4.0186586;0.2682276;0.07492593;0.0;11772610.66;;62.924
Tuvalu;TUV;1995;0.2712384;3.1828275;4.016024;0.26820832;0.07553579;0.0;11922614.2;;63.098
Tuvalu;TUV;1996;0.27122384;3.1804953;4.0129943;0.2681824;0.075830825;0.0;13338597.33;;63.21
Tuvalu;TUV;1997;0.27097386;3.1743734;4.010223;0.26815665;0.07630458;0.0;13734210.1;;63.356
Tuvalu;TUV;1998;0.2706454;3.16818;4.007288;0.26813036;0.076709256;0.0;13795146.21;;63.418
Tuvalu;TUV;1999;0.2703967;3.1629796;4.0037537;0.2681044;0.0772047;0.0;14800503.26;;63.427
Tuvalu;TUV;2000;0.2703822;3.159044;3.9991453;0.26807144;0.07734983;0.0;15073975.53;;63.499
Tuvalu;TUV;2001;0.27097273;3.1559224;3.9912126;0.26803792;0.07770128;0.0;13964732.33;;63.543
Tuvalu;TUV;2002;0.27216047;3.152264;3.9801257;0.26800656;0.078055896;0.0;16842672.6;;63.58
Tuvalu;TUV;2003;0.2735524;3.148753;3.9683778;0.26797444;0.078208275;0.0;19456338.03;;63.631
Tuvalu;TUV;2004;0.27475446;3.1462812;3.9583595;0.26794386;0.07849961;0.0;22798274.98;;63.693
Tuvalu;TUV;2005;0.27536696;3.1449118;3.9525082;0.2679017;0.07874794;0.0;22909979.82;;63.836
Tuvalu;TUV;2006;0.27535042;3.143061;3.9532728;0.26786578;0.07860328;0.0;24096875.46;;63.928
Tuvalu;TUV;2007;0.27503532;3.142034;3.960025;0.26782897;0.07851781;0.0;28450168.69;;63.931
Tuvalu;TUV;2008;0.27459228;3.142873;3.969622;0.26779124;0.07839066;0.0;31874434.86;;63.948
Tuvalu;TUV;2009;0.2741958;3.1416938;3.9789138;0.26775566;0.07825072;0.0;28076983.97;;63.949
Tuvalu;TUV;2010;0.27402577;3.1398466;3.9848676;0.26771015;0.07839735;0.0;32105408.48;;63.978
Tuvalu;TUV;2011;0.27401903;3.1383681;3.9905133;0.26767722;0.07845894;0.0;39196957.49;;63.974
Tuvalu;TUV;2012;0.27400595;3.1368856;3.9996557;0.26764536;0.078689955;0.0;39345579.47;;63.964
Tuvalu;TUV;2013;0.27401167;3.134782;4.0093627;0.26761588;0.0788762;0.0;38615890.63;;64.008
Tuvalu;TUV;2014;0.27405787;3.1318262;4.0167146;0.26758975;0.078965865;0.0;38760982.65;;64.025
Tuvalu;TUV;2015;0.27416742;3.1300519;4.0189104;0.2675603;0.07955797;0.0;36811936.08;;64.06
Tuvalu;TUV;2016;0.2749055;3.1248066;4.0059266;0.26754105;0.07978953;0.0;41629064.22;;64.108
Tuvalu;TUV;2017;0.27564585;3.121538;3.9925437;0.2675237;0.08073215;0.0;45276595.35;;64.148
Tuvalu;TUV;2018;0.2757194;3.1217747;3.9951043;0.2675095;0.081292264;0.0;48015259.88;;64.212
Tuvalu;TUV;2019;0.27550524;3.1250875;4.007321;0.26749822;0.08227526;0.0;54123198.57;;64.278
Uganda;UGA;1990;0.20090324;6.77559;3.8793588;0.5818196;0.07428992;0.8303;4304399310.0;;46.443
Uganda;UGA;1991;0.20116523;6.900349;3.8784306;0.5818234;0.074616306;0.8444;3321729160.0;3.404;46.316
Uganda;UGA;1992;0.20141883;7.0207376;3.87791;0.58182627;0.07475389;0.8595;2857457762.0;3.498;46.368
Uganda;UGA;1993;0.20164773;7.1276608;3.8778694;0.5818298;0.07503429;0.8661;3220439044.0;3.445;46.237
Uganda;UGA;1994;0.20183554;7.224016;3.8783925;0.58183366;0.075347885;0.7811;3990430447.0;3.424;46.353
Uganda;UGA;1995;0.20196475;7.3027267;3.8796403;0.5818407;0.07560252;1.0117;5755818842.0;3.197;46.567
Uganda;UGA;1996;0.20207998;7.3832736;3.8816772;0.58184874;0.07606874;1.1046;6044585327.0;3.182;46.67
Uganda;UGA;1997;0.20222582;7.4734764;3.8844082;0.58185655;0.07679655;1.1607;6269333313.0;3.222;46.977
Uganda;UGA;1998;0.20239101;7.558059;3.8874602;0.58186364;0.07724069;1.3562;6584815847.0;3.418;47.175
Uganda;UGA;1999;0.20256329;7.620522;3.8905075;0.58186966;0.078026325;1.3957;5998563258.0;3.454;47.786
Uganda;UGA;2000;0.20272979;7.6458993;3.893322;0.5818776;0.07850543;1.4121;6193246837.0;3.52;48.342
Uganda;UGA;2001;0.20310143;7.6397343;3.8969152;0.5818842;0.07917747;1.4362;5840503869.0;3.517;49.006
Uganda;UGA;2002;0.20376399;7.6215105;3.902161;0.5818901;0.07989765;1.6369;6178563591.0;3.5;49.648
Uganda;UGA;2003;0.20452353;7.597861;3.9081519;0.5818948;0.080636516;1.7295;6606884275.0;3.6;50.368
Uganda;UGA;2004;0.20518538;7.568762;3.9140096;0.58189815;0.08141404;1.8105;7939487548.0;2.706;51.547
Uganda;UGA;2005;0.2055557;7.539022;3.9189262;0.5819014;0.08214462;2.2198;9239221763.0;1.9;52.976
Uganda;UGA;2006;0.20571102;7.481849;3.9256394;0.58190244;0.08318061;2.5764;9977647683.0;2.27;54.369
Uganda;UGA;2007;0.2058544;7.381523;3.9364507;0.58190244;0.084292725;3.107;11902564495.0;2.675;55.236
Uganda;UGA;2008;0.2059858;7.259432;3.9495275;0.58190143;0.08533745;3.3564;14440404132.0;3.049;55.823
Uganda;UGA;2009;0.2061048;7.135555;3.9630215;0.58189917;0.08601476;3.7044;25127805567.0;3.6;56.488
Uganda;UGA;2010;0.20621139;7.033014;3.9751186;0.5818958;0.08714875;3.6556;26673441431.0;3.619;57.055
Uganda;UGA;2011;0.20633256;6.93185;3.9914687;0.5818905;0.088125736;4.0919;27871725241.0;3.528;57.965
Uganda;UGA;2012;0.2064794;6.812852;4.0157523;0.581884;0.08917101;4.1541;27305915911.0;3.551;58.817
Uganda;UGA;2013;0.20662801;6.70259;4.0429654;0.58187646;0.09027989;4.212;28915786517.0;1.91;59.763
Uganda;UGA;2014;0.20675518;6.6171036;4.068051;0.581868;0.09142555;4.6341;32612397257.0;2.404;60.408
Uganda;UGA;2015;0.20683916;6.5792217;4.0859733;0.58185893;0.09254134;5.3747;32387183730.0;2.788;61.086
Uganda;UGA;2016;0.20665738;6.5862427;4.1056433;0.58184886;0.09353817;5.7707;29203988696.0;3.167;61.648
Uganda;UGA;2017;0.20651832;6.593235;4.118843;0.58183885;0.09447924;6.0007;30744473841.0;3.643;62.115
Uganda;UGA;2018;0.20697099;6.5915475;4.1086917;0.5818289;0.09483852;6.7073;32927025620.0;3.42;62.714
Uganda;UGA;2019;0.20794602;6.5845194;4.080157;0.5818194;0.09564634;6.8928;35348155095.0;3.185;62.991
Ukraine;UKR;1990;0.276157;4.2648845;3.109182;0.5217524;0.13016663;779.5823;79523809524.0;;70.09756098
Ukraine;UKR;1991;0.2753881;4.328565;3.1115975;0.52168155;0.12800972;735.7292;76666666667.0;1.9;69.29804878
Ukraine;UKR;1992;0.27462083;4.387335;3.1115282;0.52162576;0.12563737;645.4964;73906020558.0;1.9;68.77097561
Ukraine;UKR;1993;0.27389178;4.437566;3.10949;0.52158684;0.12302267;563.2866;65648189144.0;2.0;68.13073171
Ukraine;UKR;1994;0.27323958;4.4742236;3.1059237;0.52155566;0.120182596;466.0755;52549580265.0;2.0;67.54121951
Ukraine;UKR;1995;0.27269906;4.4943957;3.1015291;0.52154136;0.11754974;460.2847;48213856469.0;5.62;66.74195122
Ukraine;UKR;1996;0.2721024;4.505719;3.0723562;0.521536;0.11404076;393.3707;44558831005.0;7.65;67.02243902
Ukraine;UKR;1997;0.27135485;4.5185413;3.0091927;0.5215291;0.10979703;378.4358;50151531592.0;8.93;67.57634146
Ukraine;UKR;1998;0.27060363;4.526868;2.934903;0.52152175;0.1057233;361.2061;41882523345.0;11.32;68.37487805
Ukraine;UKR;1999;0.26999685;4.531305;2.872401;0.521512;0.102559105;360.6769;31580639554.0;11.864;67.98097561
Ukraine;UKR;2000;0.26967925;4.526951;2.8447585;0.5215153;0.10122647;357.4659;32375083935.0;11.707;67.67560976
Ukraine;UKR;2001;0.26961565;4.506401;2.8427632;0.5215194;0.10167394;356.5989;39309580983.0;11.061;67.83707317
Ukraine;UKR;2002;0.26964414;4.467858;2.8419838;0.5215242;0.102477804;357.0283;43956163612.0;10.136;68.27560976
Ukraine;UKR;2003;0.26972553;4.4177523;2.8424397;0.5215347;0.1031663;389.2548;52010355753.0;9.057;68.21073171
Ukraine;UKR;2004;0.26982307;4.362677;2.8439982;0.52154255;0.1045638;365.0425;67220154164.0;8.59;68.18536585
Ukraine;UKR;2005;0.26989645;4.315122;2.846743;0.5215573;0.105426505;353.0201;89238865119.0;7.18;67.95682927
Ukraine;UKR;2006;0.2699782;4.265765;2.8758194;0.5215627;0.1069271;354.0088;112000000000.0;6.81;68.07756098
Ukraine;UKR;2007;0.27010795;4.207717;2.9409006;0.5215657;0.109056376;362.0504;149000000000.0;6.351;68.22219512
Ukraine;UKR;2008;0.27026373;4.152111;3.0185354;0.52157444;0.11132718;347.5183;188000000000.0;6.363;68.25146341
Ukraine;UKR;2009;0.27042964;4.101679;3.084608;0.5215634;0.113309406;288.222;122000000000.0;8.84;69.19
Ukraine;UKR;2010;0.27058375;4.0636315;3.1155183;0.5215375;0.114740774;309.2208;141000000000.0;8.1;70.26536585
Ukraine;UKR;2011;0.27081847;4.0276003;3.119328;0.5214986;0.11587107;326.936;169000000000.0;7.851;70.80926829
Ukraine;UKR;2012;0.27117696;3.9822237;3.1206193;0.5214586;0.116908;318.8237;183000000000.0;7.529;70.94414634
Ukraine;UKR;2013;0.27156687;3.9361966;3.1204603;0.52142155;0.118037246;308.9306;190000000000.0;7.17;71.1595122
Ukraine;UKR;2014;0.2718974;3.9005053;3.1196063;0.5213799;0.118681595;265.0329;134000000000.0;9.27;71.18658537
Ukraine;UKR;2015;0.2720728;3.8831425;3.1196241;0.52136177;0.11927555;221.5948;91030967789.0;9.14;71.1895122
Ukraine;UKR;2016;0.27206576;3.8882422;3.121358;0.5213581;0.12092872;221.9612;93355869404.0;9.35;71.47634146
Ukraine;UKR;2017;0.27200583;3.895252;3.1236935;0.5213512;0.12112826;200.128;112000000000.0;9.5;71.78097561
Ukraine;UKR;2018;0.2718183;3.8966324;3.1275187;0.5213445;0.12156914;213.6814;131000000000.0;8.799;71.58268293
Ukraine;UKR;2019;0.27143335;3.8973033;3.133128;0.5213342;0.121123455;201.5269;154000000000.0;8.194;71.82731707
United Arab Emirates;ARE;1990;0.2848124;3.8200614;4.1315546;0.7500515;0.34585485;56.8256;50701443748.0;;71.9
United Arab Emirates;ARE;1991;0.2845944;3.8165631;4.1282372;0.74970686;0.34143156;64.6509;51552165622.0;1.645;72.241
United Arab Emirates;ARE;1992;0.2844157;3.8130562;4.1257496;0.7494248;0.3377166;62.4463;54239171888.0;1.73;72.306
United Arab Emirates;ARE;1993;0.2842968;3.8067873;4.123084;0.7491617;0.334556;65.8407;55625170253.0;1.915;72.521
United Arab Emirates;ARE;1994;0.28423774;3.7993765;4.120191;0.7489258;0.33164492;72.4947;59305093980.0;1.841;72.598
United Arab Emirates;ARE;1995;0.28422716;3.792298;4.117692;0.7487102;0.33000383;77.329;65743666576.0;1.8;72.695
United Arab Emirates;ARE;1996;0.28424603;3.7876987;4.1191926;0.74845445;0.32912925;80.8168;73571233996.0;1.836;72.767
United Arab Emirates;ARE;1997;0.2842825;3.7804995;4.1259108;0.7482648;0.32795784;84.2241;78839008445.0;1.908;72.937
United Arab Emirates;ARE;1998;0.28432807;3.773365;4.134216;0.74810857;0.32719487;86.3995;75674336283.0;2.071;73.066
United Arab Emirates;ARE;1999;0.28435484;3.765284;4.1413584;0.7479739;0.32676432;89.0819;84445473111.0;2.197;73.67
United Arab Emirates;ARE;2000;0.28432173;3.7560475;4.1455207;0.74788874;0.32602218;88.3802;104000000000.0;2.25;74.38
United Arab Emirates;ARE;2001;0.28414723;3.7451482;4.1477537;0.7479274;0.32611904;101.1855;103000000000.0;2.442;74.636
United Arab Emirates;ARE;2002;0.28381678;3.7311985;4.1502;0.7480981;0.32646215;103.4492;110000000000.0;2.657;74.901
United Arab Emirates;ARE;2003;0.28340217;3.7154744;4.1520295;0.74832344;0.326802;108.7421;124000000000.0;2.902;76.222
United Arab Emirates;ARE;2004;0.28295916;3.698532;4.152879;0.7485781;0.327056;114.9387;148000000000.0;2.964;76.453
United Arab Emirates;ARE;2005;0.28253075;3.681145;4.1541195;0.7489168;0.32731164;122.3798;181000000000.0;3.12;76.683
United Arab Emirates;ARE;2006;0.2820333;3.6529362;4.134523;0.7468642;0.32217708;127.1092;222000000000.0;2.959;76.909
United Arab Emirates;ARE;2007;0.28130388;3.611346;4.100734;0.74311304;0.3125243;137.0569;258000000000.0;2.925;77.129
United Arab Emirates;ARE;2008;0.28044343;3.5697782;4.068637;0.73952264;0.3018943;164.163;315000000000.0;2.805;77.488
United Arab Emirates;ARE;2009;0.27954546;3.5379324;4.0543914;0.7380336;0.29401273;165.2567;254000000000.0;2.919;78.003
United Arab Emirates;ARE;2010;0.27873915;3.5249846;4.0648046;0.7394128;0.2913277;171.8706;300000000000.0;2.789;78.334
United Arab Emirates;ARE;2011;0.27799815;3.5232515;4.0810733;0.7408059;0.28906596;177.1729;361000000000.0;2.568;78.517
United Arab Emirates;ARE;2012;0.27715784;3.5255594;4.103823;0.74203295;0.28715387;185.8648;385000000000.0;2.266;78.716
United Arab Emirates;ARE;2013;0.2763312;3.532419;4.1305995;0.743336;0.28601655;195.816;400000000000.0;2.074;78.853
United Arab Emirates;ARE;2014;0.2756269;3.5380175;4.1588483;0.7448887;0.286457;198.8241;414000000000.0;1.962;79.044
United Arab Emirates;ARE;2015;0.27517593;3.54274;4.182391;0.7465757;0.2881755;207.6382;370000000000.0;1.792;79.223
United Arab Emirates;ARE;2016;0.275081;3.5385184;4.179534;0.7481095;0.29155952;213.2055;369000000000.0;1.64;79.335
United Arab Emirates;ARE;2017;0.27513883;3.5372822;4.173518;0.7493856;0.29524028;205.1961;391000000000.0;2.462;79.504
United Arab Emirates;ARE;2018;0.27520382;3.550178;4.1973176;0.7506281;0.2975765;187.9062;427000000000.0;2.236;79.627
United Arab Emirates;ARE;2019;0.27531648;3.5784907;4.243272;0.752012;0.30040544;198.542;418000000000.0;2.331;79.726
United Kingdom;GBR;1990;0.2513668;4.55913;4.181258;1.0871071;0.35198843;581.0121;1090000000000.0;;75.8804878
United Kingdom;GBR;1991;0.25137487;4.476425;4.23005;1.0872802;0.35345984;590.1422;1140000000000.0;8.55;76.08292683
United Kingdom;GBR;1992;0.25137755;4.4013615;4.2736616;1.0874593;0.35509843;575.9129;1180000000000.0;9.772;76.43414634
United Kingdom;GBR;1993;0.25137627;4.339763;4.3089237;1.0876302;0.3568267;560.0184;1060000000000.0;10.346;76.38536585
United Kingdom;GBR;1994;0.2513731;4.296784;4.332686;1.0877843;0.3585464;554.946;1140000000000.0;9.648;76.88536585
United Kingdom;GBR;1995;0.25136954;4.278126;4.3418264;1.0879234;0.36033753;547.3807;1340000000000.0;8.694;76.83658537
United Kingdom;GBR;1996;0.2513455;4.2774725;4.3462067;1.0880368;0.36239153;566.0358;1420000000000.0;8.189;77.08780488
United Kingdom;GBR;1997;0.25130332;4.2810287;4.355132;1.088148;0.364835;542.4568;1560000000000.0;7.072;77.21097561
United Kingdom;GBR;1998;0.2512586;4.285986;4.364264;1.0882337;0.36768028;544.0294;1650000000000.0;6.198;77.1902439
United Kingdom;GBR;1999;0.25122985;4.2886806;4.3693037;1.0882875;0.37062028;540.3116;1690000000000.0;6.042;77.3902439
United Kingdom;GBR;2000;0.25123382;4.285848;4.3659515;1.0883088;0.3735909;547.2459;1670000000000.0;5.558;77.74146341
United Kingdom;GBR;2001;0.25126424;4.260686;4.352807;1.0890489;0.37737367;561.2174;1650000000000.0;4.696;77.99268293
United Kingdom;GBR;2002;0.25131157;4.208306;4.334689;1.0908308;0.38232625;545.4631;1790000000000.0;5.037;78.14390244
United Kingdom;GBR;2003;0.2513746;4.1442213;4.3161693;1.0929388;0.3877413;559.2362;2050000000000.0;4.807;78.44634146
United Kingdom;GBR;2004;0.2514536;4.084586;4.3019443;1.0946802;0.39248574;558.9677;2420000000000.0;4.594;78.74634146
United Kingdom;GBR;2005;0.25154755;4.044324;4.296812;1.0953629;0.39598486;556.5733;2540000000000.0;4.751;79.04878049
United Kingdom;GBR;2006;0.2517607;4.0178766;4.317473;1.0952826;0.3987877;557.0976;2710000000000.0;5.35;79.24878049
United Kingdom;GBR;2007;0.2521704;3.991277;4.36564;1.0952265;0.40153196;547.1158;3090000000000.0;5.262;79.44878049
United Kingdom;GBR;2008;0.2527409;3.9684153;4.4232283;1.0951635;0.40412027;531.3931;2930000000000.0;5.615;79.6
United Kingdom;GBR;2009;0.25343102;3.9519038;4.4722896;1.0950963;0.4062714;481.789;2410000000000.0;7.537;80.05121951
United Kingdom;GBR;2010;0.25420037;3.946605;4.4948473;1.0950202;0.40790415;497.6151;2490000000000.0;7.787;80.40243902
United Kingdom;GBR;2011;0.25662947;3.9695091;4.495006;1.0949289;0.40921468;457.8869;2660000000000.0;8.038;80.95121951
United Kingdom;GBR;2012;0.2612995;4.0222654;4.4904194;1.0948524;0.41036624;480.7009;2710000000000.0;7.885;80.90487805
United Kingdom;GBR;2013;0.2666979;4.0842757;4.4834905;1.0947759;0.4115595;467.4401;2780000000000.0;7.525;81.00487805
United Kingdom;GBR;2014;0.27129802;4.136073;4.4766536;1.0947104;0.41291305;428.9045;3060000000000.0;6.11;81.30487805
United Kingdom;GBR;2015;0.27356958;4.1568666;4.472304;1.0946536;0.41451535;414.2155;2930000000000.0;5.301;80.95609756
United Kingdom;GBR;2016;0.27395958;4.1270704;4.458649;1.0945989;0.41880447;394.1968;2690000000000.0;4.81;81.15609756
United Kingdom;GBR;2017;0.2737891;4.0961256;4.4451113;1.0945523;0.42277446;379.2145;2680000000000.0;4.33;81.25609756
United Kingdom;GBR;2018;0.26507547;4.094036;4.4479036;1.0945084;0.4241379;373.3339;2870000000000.0;3.996;81.25609756
United Kingdom;GBR;2019;0.24625693;4.0975676;4.4602027;1.0944765;0.4250394;357.881;2850000000000.0;3.737;81.40487805
United States;USA;1990;0.43585777;3.7964869;5.241197;0.6061742;0.40408042;4984.0667;5960000000000.0;;75.21463415
United States;USA;1991;0.4393758;3.9025552;5.2415867;0.605942;0.41853958;4939.4665;6160000000000.0;6.8;75.36585366
United States;USA;1992;0.4425686;4.006986;5.2477794;0.6057076;0.431534;5017.4561;6520000000000.0;7.5;75.61707317
United States;USA;1993;0.4452558;4.106528;5.2590055;0.60548025;0.44196212;5135.9886;6860000000000.0;6.9;75.4195122
United States;USA;1994;0.4472567;4.1981354;5.274653;0.60527015;0.4491788;5218.2984;7290000000000.0;6.119;75.6195122
United States;USA;1995;0.44839168;4.2789063;5.2937264;0.60505545;0.45229667;5271.8877;7640000000000.0;5.65;75.62195122
United States;USA;1996;0.4488745;4.346033;5.452494;0.6048532;0.4522142;5426.9211;8070000000000.0;5.451;76.02682927
United States;USA;1997;0.4491345;4.3987412;5.8007646;0.60465616;0.4511574;5699.9818;8580000000000.0;5.0;76.42926829
United States;USA;1998;0.4493081;4.4390383;6.2089686;0.6044661;0.4495324;5745.3655;9060000000000.0;4.511;76.5804878
United States;USA;1999;0.44953126;4.4677186;6.5479445;0.60427856;0.44814983;5762.3185;9630000000000.0;4.219;76.58292683
United States;USA;2000;0.44993713;4.4857907;6.6883707;0.60409266;0.44769108;5929.1884;10300000000000.0;3.992;76.63658537
United States;USA;2001;0.4514257;4.493341;6.636507;0.6039308;0.44876918;5878.074;10600000000000.0;4.731;76.83658537
United States;USA;2002;0.4542209;4.492336;6.5100694;0.60377705;0.45059964;5727.1688;10900000000000.0;5.783;76.93658537
United States;USA;2003;0.45744422;4.486678;6.3478065;0.6036286;0.4528027;5793.304;11500000000000.0;5.989;77.03658537
United States;USA;2004;0.46022034;4.4822283;6.188496;0.6034766;0.45479447;5880.3744;12200000000000.0;5.529;77.48780488
United States;USA;2005;0.46167195;4.484824;6.0706863;0.6033204;0.45619625;5888.4987;13000000000000.0;5.084;77.48780488
United States;USA;2006;0.4620123;4.491761;6.000551;0.60310584;0.45714864;5790.3898;13800000000000.0;4.623;77.68780488
United States;USA;2007;0.4620453;4.4984174;5.9503455;0.60281783;0.4582168;5873.1342;14500000000000.0;4.622;77.98780488
United States;USA;2008;0.46179056;4.503609;5.908171;0.60252017;0.4592264;5689.6995;14800000000000.0;5.784;78.03902439
United States;USA;2009;0.4612694;4.5064077;5.8622723;0.60226715;0.45985898;5273.5107;14500000000000.0;9.254;78.3902439
United States;USA;2010;0.4604998;4.5064754;5.8007455;0.6021163;0.46008015;5521.9663;15000000000000.0;9.633;78.54146341
United States;USA;2011;0.45854303;4.495158;5.6901655;0.6020305;0.45549324;5308.1164;15600000000000.0;8.949;78.64146341
United States;USA;2012;0.45496657;4.4685616;5.5317607;0.6019393;0.4452832;5088.2532;16300000000000.0;8.069;78.74146341
United States;USA;2013;0.450556;4.4357715;5.3658276;0.601847;0.4330943;5225.2858;16900000000000.0;7.375;78.74146341
United States;USA;2014;0.4460982;4.404113;5.232689;0.60175693;0.4229443;5244.399;17600000000000.0;6.168;78.84146341
United States;USA;2015;0.4423769;4.3821406;5.172533;0.60166377;0.41873553;5133.5565;18300000000000.0;5.28;78.6902439
United States;USA;2016;0.43641692;4.372808;5.168079;0.601451;0.42221028;5029.157;18800000000000.0;4.869;78.53902439
United States;USA;2017;0.43179995;4.369103;5.1753254;0.60123175;0.4262121;4959.6319;19600000000000.0;4.355;78.53902439
United States;USA;2018;0.4318861;4.369584;5.342051;0.601198;0.42610255;5117.5686;20700000000000.0;3.896;78.63902439
United States;USA;2019;0.43364868;4.375998;5.6977477;0.6012978;0.42435044;4966.9703;21500000000000.0;3.669;78.78780488
United States Virgin Islands;VIR;1990;0.28344494;3.2638319;4.2648916;0.9197585;0.26275796;0.0002;;;71.25046341
United States Virgin Islands;VIR;1991;0.28500748;3.2394593;4.257236;0.9197089;0.2746441;0.0002;;11.989;71.45178049
United States Virgin Islands;VIR;1992;0.2864489;3.2213354;4.251716;0.91974264;0.28589508;0.0002;;12.271;71.6522439
United States Virgin Islands;VIR;1993;0.28769222;3.207454;4.24833;0.91984165;0.2954337;0.0002;;12.446;71.81770732
United States Virgin Islands;VIR;1994;0.28866085;3.19918;4.2470894;0.9199922;0.30284607;0.0002;;12.247;71.99512195
United States Virgin Islands;VIR;1995;0.28927898;3.1960137;4.2479196;0.9201789;0.30811387;0.0002;;11.811;72.00997561
United States Virgin Islands;VIR;1996;0.28966925;3.1995285;4.2513776;0.9203883;0.310465;0.0002;;11.699;72.38731707
United States Virgin Islands;VIR;1997;0.29002276;3.2058506;4.2569427;0.92060095;0.31214002;0.0002;;11.465;72.20329268
United States Virgin Islands;VIR;1998;0.2903641;3.2155507;4.263137;0.92080593;0.31333995;0.0002;;11.247;72.32582927
United States Virgin Islands;VIR;1999;0.2907167;3.2248023;4.2685223;0.92099375;0.3145906;0.0002;;10.869;72.19685366
United States Virgin Islands;VIR;2000;0.29110464;3.2290115;4.271531;0.92114717;0.31675696;0.0002;;10.469;76.6195122
United States Virgin Islands;VIR;2001;0.2917944;3.2344382;4.2713265;0.92124826;0.32176468;0.0002;;10.583;77.62195122
United States Virgin Islands;VIR;2002;0.29288322;3.244276;4.269049;0.921308;0.32935792;0.0002;3262000000.0;10.817;77.52195122
United States Virgin Islands;VIR;2003;0.2941409;3.2542892;4.2659965;0.92133594;0.33806348;0.0002;3443000000.0;11.119;77.52195122
United States Virgin Islands;VIR;2004;0.29533735;3.2613308;4.2634697;0.92133915;0.34713566;0.0002;3797000000.0;10.772;77.77317073
United States Virgin Islands;VIR;2005;0.29624304;3.2653196;4.2627077;0.92131835;0.35426703;0.0002;4428000000.0;10.701;77.42195122
United States Virgin Islands;VIR;2006;0.29702833;3.2617984;4.266065;0.92127234;0.36089316;0.0002;4484000000.0;10.169;78.32439024
United States Virgin Islands;VIR;2007;0.29790935;3.2546391;4.273818;0.9211957;0.36747172;0.0002;4784000000.0;9.935;76.86341463
United States Virgin Islands;VIR;2008;0.2987289;3.247516;4.2837696;0.92109436;0.37333852;0.0002;4244000000.0;10.008;77.16341463
United States Virgin Islands;VIR;2009;0.29933253;3.2410843;4.293503;0.92098165;0.37764964;0.0002;4201000000.0;11.3;77.51463415
United States Virgin Islands;VIR;2010;0.29956266;3.238782;4.3008184;0.9208577;0.37879685;0.0002;4324000000.0;11.501;77.86585366
United States Virgin Islands;VIR;2011;0.29923722;3.2463303;4.309655;0.9207215;0.37686512;0.0002;4223000000.0;11.778;78.31707317
United States Virgin Islands;VIR;2012;0.29845616;3.2612662;4.3231087;0.9205771;0.37266785;0.0002;4089000000.0;11.84;78.51707317
United States Virgin Islands;VIR;2013;0.29748523;3.2779171;4.337725;0.9204295;0.36689925;0.0002;3738000000.0;12.274;78.71707317
United States Virgin Islands;VIR;2014;0.29659086;3.2938776;4.350013;0.9202802;0.3614585;0.0002;3565000000.0;12.36;78.86829268
United States Virgin Islands;VIR;2015;0.2960401;3.302299;4.356463;0.92012906;0.35752568;0.0002;3663000000.0;12.146;79.01707317
United States Virgin Islands;VIR;2016;0.2958851;3.2989838;4.350784;0.9199714;0.35462;0.0002;3798000000.0;12.247;79.16829268
United States Virgin Islands;VIR;2017;0.29584038;3.2987108;4.3443837;0.91980815;0.35189253;0.0002;3794000000.0;11.955;79.36829268
United States Virgin Islands;VIR;2018;0.2956991;3.3175018;4.350337;0.91964185;0.34934226;0.0002;3923000000.0;12.137;79.5195122
United States Virgin Islands;VIR;2019;0.29547048;3.3567483;4.365093;0.91947335;0.34684423;0.0002;4121000000.0;12.259;79.66829268
Upper-middle-income countries;;1990;0.2895783;3.2081223;3.8084762;0.41446644;0.112212434;;;;
Upper-middle-income countries;;1991;0.28951907;3.2386937;3.8123548;0.4152993;0.11245831;;;;
Upper-middle-income countries;;1992;0.28944808;3.261632;3.8169272;0.4162868;0.11284637;;;;
Upper-middle-income countries;;1993;0.28937718;3.2773087;3.8229868;0.41737175;0.11326468;;;;
Upper-middle-income countries;;1994;0.28930813;3.2857025;3.8297374;0.41852167;0.11384706;;;;
Upper-middle-income countries;;1995;0.28923318;3.2864716;3.836526;0.4198336;0.11449397;;;;
Upper-middle-income countries;;1996;0.28912365;3.2773159;3.860919;0.42106313;0.115318514;;;;
Upper-middle-income countries;;1997;0.28897992;3.259178;3.911331;0.42221728;0.116240144;;;;
Upper-middle-income countries;;1998;0.28884673;3.2377338;3.972424;0.42321214;0.11724985;;;;
Upper-middle-income countries;;1999;0.2887509;3.2181242;4.0280685;0.42409757;0.11833645;;;;
Upper-middle-income countries;;2000;0.28871033;3.205382;4.0619793;0.42500737;0.11944191;;;;
Upper-middle-income countries;;2001;0.28872526;3.2005773;4.0663;0.42581737;0.12069632;;;;
Upper-middle-income countries;;2002;0.2887703;3.2002068;4.0517793;0.42668393;0.122234344;;;;
Upper-middle-income countries;;2003;0.2888466;3.2017384;4.028556;0.4275911;0.12396292;;;;
Upper-middle-income countries;;2004;0.2889553;3.2019947;4.0065684;0.42854306;0.12581556;;;;
Upper-middle-income countries;;2005;0.28909358;3.1977684;3.996319;0.42955646;0.12772584;;;;
Upper-middle-income countries;;2006;0.28937978;3.1815307;3.9946215;0.43052262;0.12981527;;;;
Upper-middle-income countries;;2007;0.2898405;3.152805;3.9923284;0.4315847;0.1323509;;;;
Upper-middle-income countries;;2008;0.2903467;3.121323;3.990341;0.432885;0.13510765;;;;
Upper-middle-income countries;;2009;0.29077566;3.0962641;3.988884;0.43450397;0.13797899;;;;
Upper-middle-income countries;;2010;0.2910081;3.0855362;3.9877403;0.43634376;0.14071162;;;;
Upper-middle-income countries;;2011;0.2909878;3.0896294;3.9713686;0.43829563;0.14333577;;;;
Upper-middle-income countries;;2012;0.29080626;3.09991;3.9343603;0.44035858;0.14603518;;;;
Upper-middle-income countries;;2013;0.29056618;3.112881;3.891814;0.44250423;0.14884833;;;;
Upper-middle-income countries;;2014;0.29036745;3.125157;3.8591423;0.44474655;0.1517429;;;;
Upper-middle-income countries;;2015;0.29030958;3.1331546;3.8520641;0.44702724;0.15460728;;;;
Upper-middle-income countries;;2016;0.29240283;3.1343088;3.8937526;0.4491594;0.15829037;;;;
Upper-middle-income countries;;2017;0.29448202;3.1340878;3.9371734;0.4511798;0.16136906;;;;
Upper-middle-income countries;;2018;0.29435405;3.1322966;3.943191;0.4532082;0.16325162;;;;
Upper-middle-income countries;;2019;0.2937444;3.1256948;3.933253;0.45536798;0.16463594;;;;
Uruguay;URY;1990;0.3113845;2.5729444;5.0235105;0.9301952;0.2822305;3.9249;9298807850.0;;73.162
Uruguay;URY;1991;0.31110835;2.54783;5.0240693;0.93017423;0.28381413;4.4443;11206176651.0;8.95;73.305
Uruguay;URY;1992;0.31090692;2.5282848;5.025054;0.93017274;0.28596205;4.8858;12878148791.0;8.96;73.441
Uruguay;URY;1993;0.31078094;2.5126336;5.0261264;0.9301617;0.28729364;4.6295;15002136971.0;8.35;73.579
Uruguay;URY;1994;0.31072357;2.5065794;5.0271616;0.93014807;0.2889937;4.3406;17474588896.0;9.04;73.728
Uruguay;URY;1995;0.3107285;2.507131;5.0280313;0.930138;0.29121798;4.7515;19297663097.0;10.02;73.896
Uruguay;URY;1996;0.31089956;2.5170934;5.0291753;0.9301076;0.29306245;5.5624;20515458114.0;11.93;74.088
Uruguay;URY;1997;0.31124282;2.5356221;5.0314717;0.93010587;0.2956632;5.6491;23969739234.0;11.44;74.298
Uruguay;URY;1998;0.3116405;2.5590894;5.034181;0.93010116;0.2981792;5.8791;25385886978.0;9.362;74.527
Uruguay;URY;1999;0.31196702;2.5843532;5.0369773;0.930105;0.29999515;6.8609;23983945191.0;10.466;74.769
Uruguay;URY;2000;0.3120977;2.6077669;5.0391774;0.930135;0.30065516;5.527;22823270892.0;12.627;75.025
Uruguay;URY;2001;0.31194714;2.6308923;5.042043;0.9357186;0.29995233;4.9956;20898761742.0;15.052;75.285
Uruguay;URY;2002;0.31158686;2.6588295;5.0470276;0.94905;0.2989014;4.5856;13606515723.0;16.648;75.54
Uruguay;URY;2003;0.31116304;2.6865678;5.0524716;0.9649529;0.29771116;4.5725;12045638352.0;16.661;75.785
Uruguay;URY;2004;0.31081548;2.708275;5.0570617;0.9782782;0.29608968;5.7219;13686329890.0;12.98;76.007
Uruguay;URY;2005;0.31068376;2.7207663;5.059332;0.983899;0.295435;5.5198;17362857684.0;12.009;76.194
Uruguay;URY;2006;0.31090495;2.7249053;5.058357;0.9838998;0.2961459;6.438;19741420740.0;10.844;76.362
Uruguay;URY;2007;0.31139377;2.7268639;5.0557327;0.9839125;0.29911605;5.9765;23797773024.0;9.403;76.498
Uruguay;URY;2008;0.31197724;2.7277212;5.052714;0.9839393;0.30249673;7.8669;31119602539.0;8.026;76.623
Uruguay;URY;2009;0.31247896;2.729149;5.0510554;0.983989;0.3064079;7.7867;32708319078.0;7.74;76.738
Uruguay;URY;2010;0.31272876;2.7315981;5.05236;0.98403955;0.31012243;6.4131;41950361212.0;7.158;76.858
Uruguay;URY;2011;0.31267393;2.750582;5.0635824;0.98406994;0.31533954;7.7424;50342406067.0;6.307;76.983
Uruguay;URY;2012;0.3124522;2.7853043;5.086002;0.98410314;0.32114312;8.8178;54232266359.0;6.451;77.111
Uruguay;URY;2013;0.3121758;2.8243296;5.1122613;0.9841349;0.32808253;7.5959;61337621934.0;6.444;77.24
Uruguay;URY;2014;0.31195372;2.8589888;5.1353183;0.9841829;0.33399767;6.6612;61496186974.0;6.547;77.366
Uruguay;URY;2015;0.31190062;2.872776;5.148032;0.9842219;0.33929032;6.837;57680327999.0;7.488;77.483
Uruguay;URY;2016;0.31282055;2.8664432;5.143855;0.98426104;0.3440242;6.7355;57480788380.0;7.841;77.571
Uruguay;URY;2017;0.3137818;2.8569884;5.1376667;0.98430365;0.34768173;6.341;65006047680.0;7.89;77.625
Uruguay;URY;2018;0.31382343;2.8503737;5.1423693;0.98432493;0.35085896;6.8315;65344408987.0;8.336;77.611
Uruguay;URY;2019;0.3134878;2.840908;5.1539445;0.9843416;0.3535729;7.1178;62222387929.0;8.734;77.508
Uzbekistan;UZB;1990;0.2648403;3.3226354;2.0220933;0.511412;0.097039014;127.4831;13362340338.0;;65.346
Uzbekistan;UZB;1991;0.26483327;3.3185375;2.0228417;0.51139647;0.09566538;127.7398;13677622222.0;1.9;65.131
Uzbekistan;UZB;1992;0.26481158;3.313944;2.02365;0.51137984;0.09430349;119.0872;12941297376.0;2.9;65.109
Uzbekistan;UZB;1993;0.2647796;3.3080027;2.0244572;0.51136345;0.09312388;118.857;13099013836.0;4.9;64.829
Uzbekistan;UZB;1994;0.26474357;3.3024118;2.0251331;0.51134497;0.09211132;113.2532;12899156991.0;7.3;64.685
Uzbekistan;UZB;1995;0.26469916;3.2979026;2.0257432;0.5113364;0.09164395;102.3435;13350468917.0;7.8;64.646
Uzbekistan;UZB;1996;0.2646003;3.291803;2.0268865;0.5113395;0.09037669;103.6273;13948892216.0;10.7;64.712
Uzbekistan;UZB;1997;0.2644396;3.2838025;2.0286222;0.51134133;0.08956827;104.4201;14744603774.0;10.9;64.764
Uzbekistan;UZB;1998;0.26426944;3.2757328;2.0304024;0.51133955;0.088814504;119.4774;14988971211.0;13.3;65.035
Uzbekistan;UZB;1999;0.26414192;3.2659929;2.031725;0.5113321;0.088310555;120.1055;17078465982.0;13.3;65.383
Uzbekistan;UZB;2000;0.2641018;3.2599704;2.0323117;0.5113335;0.08806182;127.2268;13760513969.0;12.286;65.724
Uzbekistan;UZB;2001;0.26421475;3.255866;2.032109;0.51134205;0.088112235;128.2881;11401421329.0;11.254;66.087
Uzbekistan;UZB;2002;0.2644629;3.2517388;2.0313735;0.5113485;0.08891144;132.3549;9687788513.0;10.224;66.604
Uzbekistan;UZB;2003;0.26476827;3.2490358;2.0303407;0.51135325;0.089476034;124.6433;10134453435.0;9.185;67.04
Uzbekistan;UZB;2004;0.26505458;3.2431087;2.0291653;0.5113536;0.09043756;127.8376;12030023548.0;8.126;67.401
Uzbekistan;UZB;2005;0.26524055;3.2373457;2.0281508;0.51136;0.09121124;121.4419;14307509839.0;7.074;67.49
Uzbekistan;UZB;2006;0.26534927;3.228947;2.0268428;0.5113681;0.092166;130.1763;17330833853.0;6.026;67.891
Uzbekistan;UZB;2007;0.2654618;3.211861;2.024809;0.5113731;0.093395546;126.6463;22311393928.0;4.99;68.292
Uzbekistan;UZB;2008;0.2655882;3.1939588;2.022508;0.51137644;0.09520218;132.663;29549438884.0;4.89;68.765
Uzbekistan;UZB;2009;0.26574045;3.1781812;2.0203667;0.51137537;0.09667258;120.3557;33689223673.0;5.04;68.871
Uzbekistan;UZB;2010;0.2659275;3.1703978;2.0189142;0.51137537;0.09844669;131.1806;49765676402.0;5.36;69.235
Uzbekistan;UZB;2011;0.26631826;3.1704993;2.017905;0.51137406;0.10009405;133.88;60178909297.0;4.96;69.649
Uzbekistan;UZB;2012;0.26697358;3.1722565;2.0168402;0.5113712;0.10253752;119.0682;67517349212.0;4.87;69.874
Uzbekistan;UZB;2013;0.2677437;3.1745892;2.015849;0.5113673;0.10488066;117.4577;73180037915.0;4.86;69.99
Uzbekistan;UZB;2014;0.2684795;3.1768477;2.015029;0.5113609;0.10719344;109.9435;80845385809.0;5.09;70.234
Uzbekistan;UZB;2015;0.2690302;3.1789303;2.0145924;0.511355;0.10917571;104.6837;86196264755.0;5.15;70.475
Uzbekistan;UZB;2016;0.26968902;3.1748955;2.0155456;0.5113455;0.11108457;110.9488;86138288644.0;5.16;70.755
Uzbekistan;UZB;2017;0.27020365;3.1703324;2.0170155;0.51133406;0.11282132;114.9687;62081322740.0;5.83;71.01
Uzbekistan;UZB;2018;0.27026987;3.167698;2.0199776;0.51132166;0.114300735;118.4511;52870108215.0;5.391;71.149
Uzbekistan;UZB;2019;0.2701455;3.164448;2.0256548;0.5113078;0.11560703;123.1914;60283503705.0;4.945;71.344
Vanuatu;VUT;1990;0.2711657;3.0848343;3.9032485;0.26652303;0.074102424;0.1003;168879207.2;;66.675
Vanuatu;VUT;1991;0.2717414;3.0836012;3.9051163;0.26653233;0.07409819;0.091;201334169.1;8.009;67.203
Vanuatu;VUT;1992;0.27216485;3.0817635;3.9072952;0.26653722;0.07405252;0.0468;209088824.6;7.982;67.353
Vanuatu;VUT;1993;0.27244118;3.0792494;3.909805;0.26654336;0.074108236;0.0458;200491853.2;8.326;67.528
Vanuatu;VUT;1994;0.27258682;3.0780022;3.9124284;0.26654747;0.07420736;0.0482;233701301.5;8.145;67.739
Vanuatu;VUT;1995;0.27261448;3.0747721;3.915014;0.26654747;0.073980294;0.0464;249333250.1;8.198;67.885
Vanuatu;VUT;1996;0.2722974;3.070252;3.9200153;0.26654774;0.07405771;0.0473;261370044.5;8.153;68.63
Vanuatu;VUT;1997;0.2715837;3.0636468;3.928326;0.26654658;0.07406742;0.0504;272771209.1;8.287;68.708
Vanuatu;VUT;1998;0.27073324;3.0550938;3.9375596;0.2665474;0.07418183;0.0522;262293410.7;8.285;68.763
Vanuatu;VUT;1999;0.2700126;3.0460632;3.9452562;0.26654854;0.07407784;0.0507;268006972.7;8.352;68.237
Vanuatu;VUT;2000;0.26968345;3.038928;3.9491024;0.26654866;0.074238874;0.0938;272014627.8;8.321;68.966
Vanuatu;VUT;2001;0.269831;3.0335338;3.9466782;0.26654962;0.07402162;0.1063;257926881.7;8.47;69.037
Vanuatu;VUT;2002;0.27025375;3.0282254;3.9394312;0.2665486;0.07381992;0.1032;262596535.5;8.654;69.196
Vanuatu;VUT;2003;0.27077663;3.0211568;3.9307141;0.26654807;0.07350096;0.1195;314471413.0;8.71;69.276
Vanuatu;VUT;2004;0.2712325;3.0166802;3.9237878;0.2665479;0.07331617;0.0929;364996869.1;8.465;69.313
Vanuatu;VUT;2005;0.27145442;3.013133;3.9219964;0.2665457;0.07328461;0.0949;394962433.0;8.132;69.39
Vanuatu;VUT;2006;0.27150685;3.0094368;3.927533;0.26654273;0.07359937;0.0849;439358586.5;8.006;69.462
Vanuatu;VUT;2007;0.27156636;3.0008757;3.9383063;0.26653743;0.07405383;0.1308;516392922.5;6.852;69.544
Vanuatu;VUT;2008;0.27162105;2.9949987;3.951422;0.26653162;0.07455433;0.1291;590748429.4;5.658;69.602
Vanuatu;VUT;2009;0.2716631;2.9895897;3.9639313;0.2665263;0.074567005;0.1496;592622319.1;4.565;69.653
Vanuatu;VUT;2010;0.2716836;2.9853354;3.9729643;0.26651958;0.07491678;0.1575;670712979.7;4.683;69.617
Vanuatu;VUT;2011;0.2715982;2.982975;3.9811656;0.26651266;0.07525787;0.1835;770153588.2;4.819;69.551
Vanuatu;VUT;2012;0.2713892;2.9784884;3.9916592;0.26650706;0.075737014;0.1506;747839697.7;4.949;69.497
Vanuatu;VUT;2013;0.27113494;2.9743319;4.002474;0.26650327;0.07591932;0.1528;758304466.2;5.057;69.534
Vanuatu;VUT;2014;0.27091604;2.970655;4.0116005;0.26650223;0.07631063;0.1775;772315983.8;5.15;69.465
Vanuatu;VUT;2015;0.27081352;2.968273;4.0170455;0.2665026;0.07663147;0.1635;730870803.0;5.255;69.513
Vanuatu;VUT;2016;0.27092046;2.9663162;4.010636;0.26650444;0.07705897;0.1701;780889605.9;5.262;69.65
Vanuatu;VUT;2017;0.27098492;2.9637368;4.003594;0.26650903;0.07749497;0.1941;880061833.7;5.288;69.71
Vanuatu;VUT;2018;0.27064273;2.9671462;4.0111556;0.26651546;0.077425666;0.2505;914736985.4;5.326;69.795
Vanuatu;VUT;2019;0.26988906;2.9744234;4.02928;0.26652375;0.077522516;0.2535;936526267.6;5.445;69.877
Venezuela;VEN;1990;0.27736735;3.1765406;3.7549915;0.8292487;0.21605754;102.2587;48606952195.0;;71.532
Venezuela;VEN;1991;0.2772701;3.1838744;3.758544;0.82935894;0.21617188;100.8399;53453444787.0;9.45;71.832
Venezuela;VEN;1992;0.27717966;3.1904209;3.7621217;0.82947445;0.21575162;103.2455;60416519620.0;7.69;71.806
Venezuela;VEN;1993;0.27710152;3.1970387;3.7656379;0.8295849;0.21552627;109.9167;60037460783.0;6.6;71.925
Venezuela;VEN;1994;0.27704257;3.2025256;3.7688415;0.8296819;0.21559834;110.3607;58418666667.0;8.56;71.853
Venezuela;VEN;1995;0.27700916;3.207926;3.771285;0.82975346;0.21557747;119.5668;77389487770.0;10.24;72.143
Venezuela;VEN;1996;0.277;3.2123227;3.7734716;0.82979506;0.21478756;127.7101;70543211119.0;11.77;72.111
Venezuela;VEN;1997;0.27700046;3.2161047;3.775849;0.8298014;0.21413642;133.4712;85837678560.0;11.16;72.703
Venezuela;VEN;1998;0.27699262;3.2209325;3.778249;0.8297774;0.21311624;135.2234;91336763255.0;11.15;72.668
Venezuela;VEN;1999;0.27695835;3.2230375;3.780498;0.8297473;0.21214955;131.3186;97972842462.0;14.53;72.254
Venezuela;VEN;2000;0.27688292;3.2245653;3.7819715;0.8296992;0.21112637;137.4267;117000000000.0;13.99;72.478
Venezuela;VEN;2001;0.27661777;3.2249732;3.7837536;0.82962155;0.21026404;142.6477;123000000000.0;13.04;71.201
Venezuela;VEN;2002;0.27613384;3.221503;3.7868087;0.8295171;0.20844518;147.405;92893587734.0;16.17;72.662
Venezuela;VEN;2003;0.2755942;3.2180321;3.790592;0.829404;0.20692144;142.6252;83620628582.0;16.78;71.94
Venezuela;VEN;2004;0.2751642;3.2155185;3.794372;0.82929564;0.20597038;149.3917;112000000000.0;15.07;72.514
Venezuela;VEN;2005;0.27501035;3.2137241;3.797255;0.8291911;0.20579371;155.614;146000000000.0;10.663;72.782
Venezuela;VEN;2006;0.27542338;3.2092047;3.800786;0.8290983;0.20690398;154.5719;183000000000.0;8.606;72.742
Venezuela;VEN;2007;0.2763642;3.2030816;3.806581;0.82901686;0.20944957;151.8113;230000000000.0;7.279;73.058
Venezuela;VEN;2008;0.27750415;3.1970608;3.8140852;0.82894874;0.21263145;160.2757;316000000000.0;6.245;72.436
Venezuela;VEN;2009;0.27851495;3.1909413;3.822717;0.82889044;0.2164403;161.6002;330000000000.0;6.097;72.579
Venezuela;VEN;2010;0.27906922;3.1880612;3.8317847;0.828835;0.21862748;172.8861;393000000000.0;7.112;72.89
Venezuela;VEN;2011;0.2792713;3.1878462;3.846369;0.82877916;0.22101392;169.016;316000000000.0;6.902;72.913
Venezuela;VEN;2012;0.2794353;3.1884494;3.869019;0.8287251;0.22272715;191.007;381000000000.0;6.601;73.036
Venezuela;VEN;2013;0.2795501;3.1895072;3.8951924;0.8286737;0.22476204;190.1059;371000000000.0;7.54;73.196
Venezuela;VEN;2014;0.27960554;3.1917892;3.9201663;0.8286183;0.22560786;188.6347;482000000000.0;6.821;72.853
Venezuela;VEN;2015;0.27958512;3.1925762;3.9401329;0.8286311;0.22641376;172.0998;;6.138;73.006
Venezuela;VEN;2016;0.27906522;3.1981156;3.964918;0.82915395;0.22487962;158.8809;;5.319;72.058
Venezuela;VEN;2017;0.2783284;3.205444;3.98813;0.83011013;0.22301015;147.8064;;5.045;71.943
Venezuela;VEN;2018;0.27738068;3.211178;3.997182;0.8305175;0.21922962;137.2538;;5.463;71.979
Venezuela;VEN;2019;0.2758915;3.2147944;3.9995134;0.83046305;0.21330635;114.1736;;5.887;72.161
Vietnam;VNM;1990;0.30651098;2.6242917;2.2710376;0.33700404;0.06159016;20.5846;6471740806.0;;69.213
Vietnam;VNM;1991;0.30721676;2.614381;2.2712338;0.33697984;0.061896503;20.7078;9613369520.0;2.162;69.849
Vietnam;VNM;1992;0.30792275;2.6047387;2.2711473;0.33694953;0.06235792;21.7165;9866990236.0;2.128;69.958
Vietnam;VNM;1993;0.30857724;2.5962882;2.2706633;0.33691102;0.06316367;25.431;13180953598.0;2.051;70.621
Vietnam;VNM;1994;0.30912906;2.5885758;2.2696953;0.33686337;0.06375202;29.8995;16286433533.0;1.98;70.759
Vietnam;VNM;1995;0.30951694;2.5847023;2.2685666;0.33682132;0.0642937;34.3916;20736164459.0;1.959;71.384
Vietnam;VNM;1996;0.3098936;2.580704;2.267416;0.3367647;0.06502458;38.729;24657470575.0;1.93;71.51
Vietnam;VNM;1997;0.3103797;2.5795667;2.266785;0.33670717;0.06607469;44.6357;26843700442.0;2.87;71.802
Vietnam;VNM;1998;0.3109152;2.5815182;2.265853;0.33664942;0.06708633;49.9011;27209602050.0;2.29;72.107
Vietnam;VNM;1999;0.31143987;2.5813541;2.263777;0.3365918;0.06843406;51.1241;28683659007.0;2.33;72.317
Vietnam;VNM;2000;0.3118825;2.5785756;2.260047;0.33654305;0.06940811;56.5588;31172518403.0;2.26;72.462
Vietnam;VNM;2001;0.3123923;2.5734556;2.230661;0.33649093;0.07048303;62.1131;32685198809.0;2.76;72.647
Vietnam;VNM;2002;0.31306085;2.566419;2.1679227;0.3364445;0.07137379;73.0981;35064105501.0;2.12;72.801
Vietnam;VNM;2003;0.31377253;2.5579684;2.0943594;0.33640394;0.072315335;77.6578;39552513232.0;2.25;72.98
Vietnam;VNM;2004;0.314411;2.5488641;2.0324712;0.3363696;0.07361037;91.9428;45427854693.0;2.14;73.135
Vietnam;VNM;2005;0.3148527;2.540355;2.0049386;0.33633637;0.07451518;100.5562;57633255738.0;2.077;73.271
Vietnam;VNM;2006;0.31516695;2.533139;2.002448;0.33630696;0.07572044;103.157;66371664817.0;2.045;73.319
Vietnam;VNM;2007;0.31548893;2.5215516;2.0012987;0.33628196;0.07700218;114.3032;77414425532.0;2.026;73.436
Vietnam;VNM;2008;0.31582865;2.5112128;2.0014048;0.33626148;0.07819519;125.7729;99130304099.0;1.889;73.411
Vietnam;VNM;2009;0.31619674;2.4998982;2.0026345;0.3362453;0.07968584;140.8047;106000000000.0;1.737;73.498
Vietnam;VNM;2010;0.31659967;2.4914863;2.0050404;0.33622113;0.08094696;156.7592;147000000000.0;1.114;73.513
Vietnam;VNM;2011;0.3173035;2.4837527;2.0352054;0.33620456;0.08228772;157.0664;173000000000.0;0.999;73.692
Vietnam;VNM;2012;0.31838787;2.4786136;2.1034722;0.33618885;0.0834989;156.776;196000000000.0;1.027;73.704
Vietnam;VNM;2013;0.31959984;2.4757078;2.184727;0.33617476;0.08499466;163.7998;214000000000.0;1.316;73.775
Vietnam;VNM;2014;0.32068628;2.4728506;2.2538395;0.33616325;0.086964235;179.6174;233000000000.0;1.256;73.855
Vietnam;VNM;2015;0.3213928;2.4713755;2.285857;0.33614492;0.088313095;201.5078;239000000000.0;1.849;73.876
Vietnam;VNM;2016;0.3215296;2.4714613;2.2829254;0.33613375;0.09016002;223.9845;257000000000.0;1.848;73.938
Vietnam;VNM;2017;0.3215365;2.472004;2.2774224;0.33612254;0.09173922;229.7289;281000000000.0;1.874;73.963
Vietnam;VNM;2018;0.3222044;2.4725037;2.2799327;0.33611208;0.09341045;282.3421;310000000000.0;1.161;73.976
Vietnam;VNM;2019;0.32355136;2.473061;2.2873394;0.33610305;0.09474524;333.616;334000000000.0;1.681;74.093
World;OWID_WRL;1990;0.2899184;3.486165;3.7915852;0.49008313;0.15053226;;;;
World;OWID_WRL;1991;0.29003072;3.5208344;3.785868;0.4896426;0.15092015;;;;
World;OWID_WRL;1992;0.29009753;3.5501535;3.7802868;0.48932484;0.15124461;;;;
World;OWID_WRL;1993;0.29010698;3.5731866;3.7749865;0.489048;0.15140574;;;;
World;OWID_WRL;1994;0.2900472;3.5891857;3.769841;0.48877683;0.15142713;;;;
World;OWID_WRL;1995;0.2899109;3.5966735;3.7649138;0.48856828;0.15127873;;;;
World;OWID_WRL;1996;0.2896729;3.5964515;3.7699318;0.48831466;0.1511088;;;;
World;OWID_WRL;1997;0.28938755;3.5908835;3.7890153;0.48803732;0.15092593;;;;
World;OWID_WRL;1998;0.28909516;3.5828843;3.813583;0.48771212;0.1507919;;;;
World;OWID_WRL;1999;0.2888331;3.5755708;3.8352203;0.48734614;0.15082613;;;;
World;OWID_WRL;2000;0.28863811;3.5714743;3.8455474;0.4870348;0.1509406;;;;
World;OWID_WRL;2001;0.2885537;3.5726268;3.8401377;0.4869052;0.15141876;;;;
World;OWID_WRL;2002;0.2885798;3.576409;3.8242059;0.48707926;0.15222281;;;;
World;OWID_WRL;2003;0.2886505;3.5810776;3.8037925;0.4873679;0.15322176;;;;
World;OWID_WRL;2004;0.28870344;3.58459;3.78499;0.48761976;0.1542961;;;;
World;OWID_WRL;2005;0.2886748;3.5843492;3.773679;0.48770896;0.15532674;;;;
World;OWID_WRL;2006;0.28862995;3.5651162;3.7754478;0.48758087;0.15643151;;;;
World;OWID_WRL;2007;0.28864112;3.5223153;3.7876673;0.48746112;0.15788984;;;;
World;OWID_WRL;2008;0.28865305;3.4718347;3.80403;0.487444;0.15949497;;;;
World;OWID_WRL;2009;0.28862357;3.4294875;3.8178456;0.48751542;0.1610854;;;;
World;OWID_WRL;2010;0.2885186;3.4102738;3.821852;0.48762587;0.16249368;;;;
World;OWID_WRL;2011;0.28840616;3.4099221;3.811399;0.48776188;0.16367842;;;;
World;OWID_WRL;2012;0.28834462;3.4120119;3.7912302;0.48793262;0.1647413;;;;
World;OWID_WRL;2013;0.2882915;3.4156337;3.7687528;0.48812687;0.16578408;;;;
World;OWID_WRL;2014;0.28820476;3.4204633;3.7512484;0.48834854;0.16697127;;;;
World;OWID_WRL;2015;0.28803006;3.4255397;3.7458007;0.4886118;0.1683489;;;;
World;OWID_WRL;2016;0.28846613;3.4293563;3.7599669;0.48887303;0.17063996;;;;
World;OWID_WRL;2017;0.28885987;3.4333224;3.7748022;0.48914567;0.17255633;;;;
World;OWID_WRL;2018;0.2883245;3.43748;3.7786238;0.48944956;0.173436;;;;
World;OWID_WRL;2019;0.28740895;3.4400527;3.779522;0.4898171;0.17395177;;;;
Yemen;YEM;1990;0.23150483;4.8570347;4.7710147;0.72618943;0.1291487;7.0886;12643821569.0;;58.699
Yemen;YEM;1991;0.2315924;4.8682528;4.774888;0.7259952;0.1289289;8.8814;14665445462.0;8.17;59.049
Yemen;YEM;1992;0.23166768;4.8791885;4.7781234;0.72580993;0.12905279;9.5774;17959367194.0;8.114;59.428
Yemen;YEM;1993;0.23172848;4.886304;4.780523;0.7256404;0.12928386;8.6561;21736802664.0;8.338;59.859
Yemen;YEM;1994;0.23177199;4.894073;4.781908;0.72549224;0.12955141;9.9906;28019483764.0;8.34;59.714
Yemen;YEM;1995;0.23180485;4.898778;4.781724;0.7253695;0.1295137;11.1204;12796345679.0;8.987;60.453
Yemen;YEM;1996;0.23179719;4.903186;4.781488;0.7252828;0.12943691;11.3876;6496163616.0;9.588;60.568
Yemen;YEM;1997;0.23175973;4.910795;4.7816978;0.7252297;0.12985435;12.2506;6838298531.0;10.224;61.119
Yemen;YEM;1998;0.23171146;4.9171743;4.7822328;0.7252076;0.13032293;13.0452;6322175566.0;10.83;61.375
Yemen;YEM;1999;0.23167221;4.9241967;4.7829347;0.72520936;0.13101296;14.6992;7639325296.0;11.46;61.975
Yemen;YEM;2000;0.23166595;4.925034;4.78334;0.7252496;0.1314246;15.6992;9679316770.0;11.561;62.588
Yemen;YEM;2001;0.23173146;4.922026;4.785391;0.7252948;0.13229278;16.7245;9852990693.0;11.725;63.222
Yemen;YEM;2002;0.2318725;4.9188533;4.789328;0.72535217;0.13338433;16.7706;10693430511.0;11.842;63.906
Yemen;YEM;2003;0.23203735;4.9131737;4.793925;0.7254152;0.13452739;19.4906;11777532662.0;12.013;64.541
Yemen;YEM;2004;0.23217365;4.907387;4.7979436;0.7254763;0.13561024;20.398;13867634371.0;12.131;65.006
Yemen;YEM;2005;0.23222741;4.9030304;4.799882;0.7255424;0.13677464;21.9807;16731566717.0;12.216;65.543
Yemen;YEM;2006;0.23215264;4.901635;4.799761;0.7255973;0.13791989;22.907;19063143370.0;12.349;65.988
Yemen;YEM;2007;0.23197508;4.8976226;4.7980337;0.72564787;0.13970137;24.29;21650528674.0;12.483;66.565
Yemen;YEM;2008;0.23174535;4.8966537;4.7955384;0.7256932;0.1415073;25.2167;26910855807.0;12.647;66.963
Yemen;YEM;2009;0.23151469;4.8947473;4.793097;0.7257316;0.14252937;27.6056;25130278213.0;12.753;67.196
Yemen;YEM;2010;0.23133092;4.8937163;4.791354;0.72576714;0.14301363;26.3163;30906749533.0;12.778;67.28
Yemen;YEM;2011;0.23114003;4.8937216;4.7900243;0.72579813;0.14271128;22.9792;32726417878.0;13.277;67.419
Yemen;YEM;2012;0.23086847;4.89334;4.7877536;0.7258268;0.14264037;21.9854;35401331610.0;13.44;67.343
Yemen;YEM;2013;0.23054422;4.893019;4.7848287;0.72585;0.14172149;28.7679;40415233436.0;13.638;67.545
Yemen;YEM;2014;0.23019518;4.8926992;4.7816076;0.72586876;0.14137065;28.3385;43228585321.0;13.467;67.384
Yemen;YEM;2015;0.22984539;4.892351;4.7783246;0.7258912;0.14034823;14.2476;42444490074.0;17.9;65.873
Yemen;YEM;2016;0.22897004;4.8845677;4.7678404;0.7259184;0.13683735;10.627;31317825274.0;18.382;66.064
Yemen;YEM;2017;0.22792673;4.8744993;4.758836;0.7259489;0.13233401;10.3851;26842229045.0;18.564;65.957
Yemen;YEM;2018;0.2269605;4.88021;4.7654386;0.7259674;0.1277444;12.1425;21606160663.0;17.644;64.575
Yemen;YEM;2019;0.22567965;4.8953676;4.7837157;0.72597986;0.12351241;12.4508;;17.303;65.092
Zambia;ZMB;1990;0.20868768;4.2186823;3.753816;0.5743871;0.10046786;3.0287;3285217391.0;;47.926
Zambia;ZMB;1991;0.20849614;4.231838;3.7545576;0.5743952;0.09943996;3.1362;3376791460.0;18.9;47.097
Zambia;ZMB;1992;0.20829844;4.242501;3.755804;0.57440376;0.09843882;3.1378;3181921788.0;19.544;46.512
Zambia;ZMB;1993;0.20810966;4.249263;3.7574475;0.57441247;0.097489275;2.8454;3273505344.0;19.7;46.209
Zambia;ZMB;1994;0.20794514;4.253699;3.7593665;0.5744212;0.09654387;2.3871;3656806166.0;18.645;45.854
Zambia;ZMB;1995;0.20782013;4.2567077;3.7613962;0.5744285;0.09573501;2.3565;3806983413.0;16.825;45.553
Zambia;ZMB;1996;0.2076459;4.2519794;3.764579;0.57443595;0.094869055;1.9827;3597220962.0;15.3;45.233
Zambia;ZMB;1997;0.20737529;4.2358003;3.769353;0.5744441;0.093903035;2.4985;4303288480.0;13.305;44.945
Zambia;ZMB;1998;0.20708932;4.2173843;3.7746646;0.57445246;0.09299791;2.3423;3537741942.0;12.0;44.701
Zambia;ZMB;1999;0.2068691;4.1991143;3.7794838;0.5744608;0.09240312;1.927;3404284891.0;12.496;44.659
Zambia;ZMB;2000;0.20679536;4.1888175;3.7827754;0.5744679;0.09204373;1.9501;3600632111.0;12.93;45.231
Zambia;ZMB;2001;0.20697638;4.1861086;3.7859068;0.5744748;0.092224225;1.9653;4094441301.0;13.41;46.019
Zambia;ZMB;2002;0.20737872;4.1867943;3.7903607;0.5744826;0.09274016;2.0659;4193850445.0;14.125;46.979
Zambia;ZMB;2003;0.20787238;4.1880364;3.7952437;0.57449055;0.09349167;2.2378;4901869764.0;14.701;48.284
Zambia;ZMB;2004;0.20832714;4.1860423;3.799633;0.574498;0.09424545;2.3004;6221110219.0;15.327;49.487
Zambia;ZMB;2005;0.20861226;4.181834;3.8025064;0.57450414;0.09488247;2.4704;8331870169.0;15.9;50.659
Zambia;ZMB;2006;0.20876984;4.1695747;3.8050764;0.57450867;0.09571903;2.4057;12756858899.0;13.232;51.795
Zambia;ZMB;2007;0.20892893;4.1488295;3.8092055;0.574512;0.09710513;2.2086;14056957976.0;10.563;52.739
Zambia;ZMB;2008;0.20909204;4.1258583;3.814764;0.57451373;0.098773085;2.3611;17910858638.0;7.93;53.945
Zambia;ZMB;2009;0.20926335;4.1057754;3.8215377;0.5745139;0.100315586;2.6492;15328342304.0;10.581;55.3
Zambia;ZMB;2010;0.20944713;4.094783;3.829316;0.57451314;0.10228197;2.9213;20265559484.0;13.19;56.799
Zambia;ZMB;2011;0.20973834;4.10196;3.8464725;0.5745107;0.10378604;3.2874;23459515276.0;10.546;57.771
Zambia;ZMB;2012;0.21017246;4.1245127;3.8762853;0.57450694;0.10605475;4.3503;25503060420.0;7.85;58.867
Zambia;ZMB;2013;0.21066576;4.154599;3.9108574;0.57450205;0.10796968;4.6019;28037239463.0;8.042;59.878
Zambia;ZMB;2014;0.21113335;4.1814775;3.9424229;0.57449615;0.10982268;5.0355;27141023558.0;8.131;60.699
Zambia;ZMB;2015;0.2114897;4.1974974;3.9632332;0.5744896;0.111551836;5.3555;21251216799.0;8.316;61.208
Zambia;ZMB;2016;0.21185854;4.206809;3.9769988;0.5744818;0.113018036;5.8532;20958412538.0;8.418;61.794
Zambia;ZMB;2017;0.2121777;4.213495;3.984899;0.57447296;0.113849245;7.3388;25873601261.0;8.518;62.12
Zambia;ZMB;2018;0.21246713;4.216572;3.9814715;0.5744636;0.11429527;8.4347;26311507274.0;5.031;62.342
Zambia;ZMB;2019;0.21286875;4.2194896;3.9692068;0.5744539;0.11466904;8.2445;23308667781.0;5.539;62.793
Zimbabwe;ZWE;1990;0.20694669;3.308466;3.1457615;0.538443;0.10895834;17.3871;8783816700.0;;59.426
Zimbabwe;ZWE;1991;0.20729844;3.3152928;3.148275;0.53844243;0.10961943;19.1295;8641481700.0;4.796;58.091
Zimbabwe;ZWE;1992;0.20758848;3.3192797;3.1513681;0.53844345;0.110257156;19.1798;6751472200.0;4.933;56.435
Zimbabwe;ZWE;1993;0.20780988;3.3219213;3.15484;0.5384439;0.11058456;17.6722;6563813300.0;4.993;54.426
Zimbabwe;ZWE;1994;0.20794967;3.322349;3.1586757;0.5384465;0.11098204;16.5485;6890675000.0;4.96;52.588
Zimbabwe;ZWE;1995;0.20799847;3.3243032;3.1627562;0.53845096;0.11114709;16.266;7111270700.0;5.573;50.531
Zimbabwe;ZWE;1996;0.2079709;3.3217332;3.168919;0.5384568;0.1111541;15.7173;8553146600.0;6.161;48.955
Zimbabwe;ZWE;1997;0.20789014;3.3136535;3.177845;0.5384649;0.11118205;14.7564;8529571600.0;6.93;47.993
Zimbabwe;ZWE;1998;0.20776594;3.3040254;3.1873913;0.5384724;0.110950254;14.9697;6401968200.0;6.385;46.819
Zimbabwe;ZWE;1999;0.20760453;3.2990596;3.1954982;0.5384815;0.110441506;16.8515;6858013100.0;6.0;45.206
Zimbabwe;ZWE;2000;0.20741211;3.2992125;3.2000682;0.5384913;0.110152744;14.5954;6689957600.0;5.682;44.686
Zimbabwe;ZWE;2001;0.20707116;3.3089235;3.2017994;0.53850174;0.10956737;14.5241;6777384700.0;5.314;41.957
Zimbabwe;ZWE;2002;0.20652369;3.3223555;3.2028887;0.5385134;0.107709706;13.256;6342116400.0;5.007;44.565
Zimbabwe;ZWE;2003;0.20586617;3.3382354;3.2033744;0.5385243;0.10561785;10.8569;5727591800.0;4.736;43.393
Zimbabwe;ZWE;2004;0.20519423;3.350768;3.2033892;0.53853655;0.10332288;10.2921;5805598400.0;4.39;44.502
Zimbabwe;ZWE;2005;0.20460191;3.3582556;3.2030838;0.5385492;0.10143581;11.4364;5755215200.0;4.626;44.768
Zimbabwe;ZWE;2006;0.20385239;3.35762;3.201213;0.5385613;0.09919071;10.6411;5443896500.0;4.763;45.364
Zimbabwe;ZWE;2007;0.20281337;3.352673;3.1972497;0.5385728;0.09654426;10.48;5291950100.0;4.997;45.61
Zimbabwe;ZWE;2008;0.2017346;3.3459635;3.1923912;0.538582;0.094032146;8.2235;4415702800.0;5.374;46.723
Zimbabwe;ZWE;2009;0.20086844;3.3378906;3.1878457;0.5385899;0.09199776;7.9404;9665793300.0;5.469;48.063
Zimbabwe;ZWE;2010;0.20046453;3.3353589;3.1848888;0.5385954;0.09142669;10.0986;12041655200.0;5.456;50.652
Zimbabwe;ZWE;2011;0.20044968;3.3425353;3.1835976;0.53859806;0.09171887;11.9264;14101920300.0;5.368;53.347
Zimbabwe;ZWE;2012;0.20055176;3.3601274;3.1830509;0.53859895;0.09232856;12.4538;17114849900.0;5.057;55.626
Zimbabwe;ZWE;2013;0.20071976;3.3811615;3.1830187;0.53859866;0.09343008;12.7678;19091020000.0;4.944;57.458
Zimbabwe;ZWE;2014;0.20090188;3.3991144;3.1833606;0.5385975;0.094608024;12.6281;19495519600.0;4.774;58.846
Zimbabwe;ZWE;2015;0.20104209;3.407624;3.1840122;0.5385956;0.09565246;12.5347;19963120600.0;5.383;59.591
Zimbabwe;ZWE;2016;0.20131858;3.410755;3.1871476;0.5385927;0.096661605;10.9391;20548678100.0;5.893;60.306
Zimbabwe;ZWE;2017;0.20163892;3.4119654;3.1884181;0.5385891;0.09732964;10.2427;17584890937.0;6.347;60.709
Zimbabwe;ZWE;2018;0.20197621;3.406929;3.172111;0.53858507;0.09790856;11.8656;34156069918.0;6.792;61.414
Zimbabwe;ZWE;2019;0.20248154;3.3954756;3.1370168;0.5385804;0.09829536;10.8534;21832234926.0;7.373;61.292
